actor_nconst,title_tconst
nm0797848,tt0056845
nm0621974,tt0056846
nm0903762,tt0056919
nm0699812,tt0056919
nm0759395,tt0056945
nm0297741,tt0057215
nm4745801,tt0057237
nm0632148,tt0057237
nm0738020,tt0057238
nm0303646,tt0057261
nm0358749,tt0057261
nm0611538,tt0057277
nm0709951,tt0057286
nm0847361,tt0058379
nm0756292,tt0058379
nm0846102,tt0058379
nm0111503,tt0058390
nm0228853,tt0058414
nm0508061,tt0053168
nm0561158,tt0053198
nm0757299,tt0053259
nm0141092,tt0053270
nm0001976,tt0053361
nm0664965,tt0053361
nm0906723,tt0053390
nm0534045,tt0053604
nm0472816,tt0053604
nm0750879,tt0053619
nm0249735,tt0053976
nm0248811,tt0054177
nm0443985,tt0054189
nm0276043,tt0054269
nm1149137,tt0054325
nm0393378,tt0054366
nm0913796,tt0054366
nm0765783,tt0054366
nm0665186,tt0054599
nm0346751,tt0054599
nm0463451,tt0054665
nm16374203,tt0054745
nm0710701,tt0054763
nm0847301,tt0054845
nm0619938,tt0054845
nm3057735,tt0054861
nm0426020,tt0054940
nm0625115,tt0055032
nm0367370,tt0055269
nm0018872,tt0055310
nm0947547,tt0055310
nm0699781,tt0055310
nm0709951,tt0055399
nm0001884,tt0055499
nm0082689,tt0055506
nm0085269,tt0055506
nm0108400,tt0055572
nm0629458,tt0055597
nm0867391,tt0055630
nm0270766,tt0055830
nm0733598,tt0055913
nm0551243,tt0055928
nm0127904,tt0055981
nm0472989,tt0056111
nm0949033,tt0056135
nm0176342,tt0056210
nm0162134,tt0056291
nm0002094,tt0056512
nm0959916,tt0056514
nm0557540,tt0056514
nm0895225,tt0056514
nm0465531,tt0056562
nm0483740,tt0056667
nm0627109,tt0056667
nm0913843,tt0056680
nm10255204,tt0056680
nm0945836,tt0056714
nm0159300,tt0057171
nm0540311,tt0057611
nm1655093,tt0057632
nm0367370,tt0057829
nm0615549,tt0057960
nm0229489,tt0058006
nm0422392,tt0058022
nm0298777,tt0058124
nm0461231,tt0058138
nm0511695,tt0058150
nm1063535,tt0058279
nm0882237,tt0058564
nm0872689,tt0058564
nm0297896,tt0058698
nm0631659,tt0058888
nm0958831,tt0058888
nm0900557,tt0059012
nm0660007,tt0059160
nm0409971,tt0059303
nm0154164,tt0059348
nm0579844,tt0059415
nm0585918,tt0059456
nm0855385,tt0059554
nm2975818,tt0059581
nm0442709,tt0059715
nm8097472,tt0059817
nm0813463,tt0060107
nm0338398,tt0060138
nm0694934,tt0060223
nm0001396,tt0060231
nm0001536,tt0060277
nm0243175,tt0060304
nm0956643,tt0060305
nm0594682,tt0060440
nm0559607,tt0060586
nm0418804,tt0060597
nm0359161,tt0060635
nm0420545,tt0060758
nm0621190,tt0060758
nm0608196,tt0060770
nm0705788,tt0161292
nm0406740,tt0164707
nm0847291,tt0164707
nm0784778,tt0165339
nm0715693,tt0165773
nm0438903,tt0165773
nm0012376,tt0165798
nm0002070,tt0166896
nm0072785,tt0169606
nm1399588,tt0169606
nm0703866,tt0171685
nm16437946,tt0255441
nm0008384,tt0259248
nm0605270,tt0259248
nm0075761,tt0259255
nm0660786,tt0261739
nm0390184,tt0262432
nm0006244,tt0265197
nm0335073,tt0405861
nm0605270,tt0407929
nm0951520,tt0411270
nm12679429,tt10888456
nm2347861,tt14039582
nm0765324,tt1558972
nm3850259,tt19623228
nm5757166,tt2332801
nm9589054,tt29893103
nm0213450,tt5507860
nm0509264,tt6910282
nm0766225,tt0054122
nm0199029,tt0054144
nm0462658,tt0057374
nm0097714,tt0057374
nm0462208,tt0057503
nm0441399,tt0057565
nm3547351,tt0060464
nm0869601,tt0060486
nm0714933,tt0060543
nm0620314,tt0060560
nm0732184,tt0038853
nm0869429,tt0038854
nm0654293,tt0038924
nm0594542,tt0039090
nm0477767,tt0039090
nm0386085,tt0039417
nm0634994,tt0039485
nm0000122,tt0039631
nm0339452,tt0039689
nm0916253,tt0039689
nm0110917,tt0039689
nm0884292,tt0039689
nm0601129,tt0039689
nm0637891,tt0039871
nm0793674,tt0039871
nm2518733,tt0040092
nm0426089,tt0040160
nm0894447,tt0040160
nm0163163,tt0040330
nm0703033,tt0040416
nm0213948,tt0040497
nm0706157,tt0040497
nm0121296,tt0040636
nm0835751,tt0040662
nm0361697,tt0041154
nm0031812,tt0041154
nm0793766,tt0041699
nm0220448,tt0041719
nm0002145,tt0041735
nm0268119,tt0041886
nm0625624,tt0041998
nm0927711,tt0041998
nm0256873,tt0072439
nm0545383,tt0072826
nm0691201,tt0072826
nm0462648,tt0072962
nm0442598,tt0073107
nm0001901,tt0073198
nm1272096,tt0073363
nm0542405,tt0073363
nm2681947,tt0073363
nm0147061,tt0073424
nm0379258,tt0073424
nm0671515,tt0073424
nm0475707,tt0073654
nm0847221,tt0073654
nm0412615,tt0073841
nm0847691,tt0073841
nm0765500,tt0073915
nm0097210,tt0073948
nm0559405,tt0074102
nm0623787,tt0074486
nm0352278,tt0074515
nm0903277,tt0074515
nm0001025,tt0074749
nm0491248,tt0074868
nm0078109,tt0074883
nm0078109,tt0074916
nm0779966,tt0075098
nm0000156,tt0075744
nm0456124,tt0075744
nm0689488,tt0075744
nm1707112,tt0095302
nm0482567,tt0095403
nm0089777,tt0095417
nm0141697,tt0095951
nm0078517,tt0096163
nm0824373,tt0096163
nm0001025,tt0096294
nm0490489,tt0096461
nm0156484,tt0096461
nm0151858,tt0096461
nm0393063,tt0096472
nm0707725,tt0096841
nm0001099,tt0097052
nm0522554,tt0097372
nm0465532,tt0097444
nm0473984,tt0097444
nm0066223,tt0098019
nm0001200,tt0098112
nm0849892,tt0098327
nm0441526,tt0143012
nm0644856,tt0143428
nm0619821,tt0143428
nm0793404,tt0144589
nm0217680,tt0150430
nm1073093,tt0150980
nm0453117,tt0151789
nm0137798,tt0154506
nm0748964,tt0249241
nm1022000,tt0253967
nm0395942,tt0253967
nm0759797,tt0254686
nm0973796,tt0254686
nm0646165,tt0468526
nm0297686,tt0781599
nm13688869,tt13648224
nm4515871,tt1376717
nm4178946,tt1376717
nm6877833,tt20205236
nm14359585,tt20205236
nm16546047,tt29271889
nm4482691,tt9617512
nm0004570,tt0050188
nm0611617,tt0050188
nm0294393,tt0050193
nm0756292,tt0050251
nm0297869,tt0050330
nm0848768,tt0050421
nm0431725,tt0050574
nm0793766,tt0050613
nm0085038,tt0051365
nm0000761,tt0051365
nm0856187,tt0051372
nm0252603,tt0051390
nm1080118,tt0051418
nm0875237,tt0051512
nm0632757,tt0051704
nm0192033,tt0051713
nm0367156,tt0051713
nm0451339,tt0051792
nm0881829,tt0051879
nm0624840,tt0051879
nm0945850,tt0052016
nm0619227,tt0052016
nm0192490,tt0052556
nm0595321,tt0052556
nm5576481,tt0052572
nm0824496,tt0052587
nm0836226,tt0052654
nm0202072,tt0052893
nm0778508,tt0052961
nm0473984,tt0052966
nm0586733,tt0052981
nm1186378,tt0052981
nm0601476,tt0052997
nm0193459,tt0053121
nm0410965,tt0053121
nm0154169,tt0087328
nm0337016,tt0087414
nm0788375,tt0087763
nm0771532,tt0087821
nm0000848,tt0087995
nm0055794,tt0087995
nm0892455,tt0087995
nm5396858,tt0088222
nm0000460,tt0088315
nm0001560,tt0088315
nm0089244,tt0088680
nm0623414,tt0088992
nm0005033,tt0089177
nm0338564,tt0089343
nm0943138,tt0089371
nm6474936,tt0089507
nm0175147,tt0089537
nm0652740,tt0089603
nm0249644,tt0089746
nm0371304,tt0089838
nm0146609,tt0089960
nm0572865,tt0090251
nm4979592,tt0090251
nm0005033,tt0090956
nm0442876,tt0091136
nm0760796,tt0091229
nm0073415,tt0091251
nm0243260,tt0091288
nm1670179,tt0091293
nm0444287,tt0091461
nm0094786,tt0091461
nm0065932,tt0091538
nm0391969,tt0091859
nm0413181,tt0091859
nm0001186,tt0091867
nm0646037,tt0091869
nm0849006,tt0091946
nm0475837,tt0092048
nm0077587,tt0092219
nm1468687,tt0092905
nm4215560,tt0092905
nm0231652,tt0093191
nm0948078,tt0093389
nm0490497,tt0093422
nm0150774,tt0093426
nm0882573,tt0093668
nm0471562,tt0093668
nm0869412,tt0093733
nm1319191,tt0093733
nm0065980,tt0093843
nm0151155,tt0093944
nm0944684,tt0093978
nm0398987,tt0093978
nm0003133,tt0094011
nm0881924,tt0094048
nm0597829,tt0094048
nm0847490,tt0094100
nm0411883,tt0094100
nm0718320,tt0094248
nm0712819,tt0094314
nm0911007,tt0094357
nm5069416,tt0094375
nm0753666,tt0094709
nm1163219,tt0094858
nm0186469,tt0094868
nm0001648,tt0094933
nm1017932,tt0236576
nm0497662,tt0244316
nm2399585,tt0847817
nm2402298,tt0847817
nm2401081,tt0847817
nm2411639,tt1093842
nm1595327,tt16294920
nm4392517,tt1847731
nm0924210,tt2560102
nm0221518,tt27656132
nm15034201,tt28349668
nm5574267,tt33381401
nm13279801,tt33381401
nm0540795,tt3763790
nm0744063,tt3763790
nm0788631,tt3763790
nm0402451,tt0093284
nm0125389,tt0093284
nm0156558,tt0093304
nm0939209,tt0093304
nm0315938,tt0093342
nm0491225,tt0093371
nm0181867,tt0042436
nm0941660,tt0042665
nm0496866,tt0042665
nm0416228,tt0042665
nm0535979,tt0042692
nm0229697,tt0042783
nm0723898,tt0042898
nm0571580,tt0042898
nm0201638,tt0042906
nm0431641,tt0042906
nm0793674,tt0042958
nm0090943,tt0043048
nm0598981,tt0043115
nm0001958,tt0043140
nm0594381,tt0043313
nm0760176,tt0043362
nm0267838,tt0043532
nm0015957,tt0043567
nm0055364,tt0043809
nm0491930,tt0043927
nm0757104,tt0044029
nm0259134,tt0044060
nm0817930,tt0044121
nm0949662,tt0044121
nm0641397,tt0044386
nm0679959,tt0044602
nm0757104,tt0044793
nm0152261,tt0044837
nm0785771,tt0045034
nm0000027,tt0045056
nm0465236,tt0045112
nm0312902,tt0045274
nm0410756,tt0045554
nm0847301,tt0045802
nm0643887,tt0045802
nm0344958,tt0045848
nm0247954,tt0045900
nm0085021,tt0045900
nm0755401,tt0046127
nm0879945,tt0046127
nm0837503,tt0046438
nm0932787,tt0046487
nm0560749,tt0046511
nm0712944,tt0046511
nm0409421,tt0046521
nm0879945,tt0046750
nm0410965,tt0046851
nm0864797,tt0046851
nm0167243,tt0046911
nm0431025,tt0046998
nm0915077,tt0047094
nm0913899,tt0047281
nm0036317,tt0047287
nm0742881,tt0047287
nm0477767,tt0047445
nm1856108,tt0047528
nm0361697,tt0047682
nm0849108,tt0047682
nm0264770,tt0047821
nm0181305,tt0047821
nm0279036,tt0047821
nm0300341,tt0047876
nm0648543,tt0048127
nm0245240,tt0048133
nm0181053,tt0048394
nm0222436,tt0048473
nm0658879,tt0048500
nm0454247,tt0048641
nm0027894,tt0048673
nm0407401,tt0048731
nm0945299,tt0048757
nm0784279,tt0048757
nm0671942,tt0048801
nm0350324,tt0049042
nm0603600,tt0049177
nm0000024,tt0049674
nm0001374,tt0049730
nm0756292,tt0049782
nm0015416,tt0049782
nm0753479,tt0049784
nm0941416,tt0049856
nm13359377,tt0049916
nm0001057,tt0118866
nm0295823,tt0119167
nm0317385,tt0119167
nm0880716,tt0119375
nm0210701,tt0119614
nm17088121,tt0119755
nm3149728,tt0119755
nm0648090,tt0120263
nm15318629,tt0120265
nm0049086,tt0120265
nm0183142,tt0120448
nm6916037,tt0120448
nm0658637,tt0121444
nm0810646,tt0122111
nm0575905,tt0122111
nm0148393,tt0122371
nm0437704,tt0174707
nm0457223,tt0174707
nm0410041,tt0175743
nm1689758,tt0177539
nm0766212,tt0178868
nm0856500,tt0216605
nm0746371,tt0216605
nm0850907,tt0216605
nm10213491,tt0217126
nm7475478,tt0217853
nm0568855,tt0218817
nm0078109,tt0219058
nm0008798,tt0219058
nm0112804,tt0219058
nm0235366,tt0219058
nm0420576,tt0223027
nm0167799,tt0223027
nm0594348,tt0226737
nm0847301,tt0226737
nm0793674,tt0226737
nm0643887,tt0226737
nm1286124,tt0322824
nm0465503,tt0415380
nm0457519,tt0417214
nm1708668,tt0421960
nm1702381,tt0423176
nm0508644,tt0423176
nm0751287,tt0424359
nm2717975,tt0424359
nm0320762,tt0993789
nm1671512,tt1032846
nm11679693,tt12564514
nm4423646,tt14064214
nm3759061,tt1570989
nm14503567,tt2006181
nm5293539,tt28419037
nm5014211,tt2963262
nm14109677,tt2963262
nm2798081,tt32828123
nm0162123,tt5278832
nm0430746,tt6725014
nm0569635,tt0060879
nm0224501,tt0061084
nm0823085,tt0061084
nm0473308,tt0061162
nm0333191,tt0061196
nm0207215,tt0061495
nm0089280,tt0061658
nm0142549,tt0061658
nm1080916,tt0061882
nm2087817,tt0061912
nm0875362,tt0061971
nm1475698,tt0061996
nm0468699,tt0062042
nm0001036,tt0062113
nm0537392,tt0062136
nm0289516,tt0062229
nm0462607,tt0062322
nm1832197,tt0062322
nm0094083,tt0062455
nm0952294,tt0062455
nm0822337,tt0062455
nm0947627,tt0062456
nm0632757,tt0062518
nm0681566,tt0062893
nm0252299,tt0062916
nm0137524,tt0062952
nm0804991,tt0063371
nm0774880,tt0063371
nm0716892,tt0063527
nm0959149,tt0063527
nm0311731,tt0063555
nm0590979,tt0063555
nm0948438,tt0063598
nm0694906,tt0063633
nm0053700,tt0063678
nm0455849,tt0063876
nm0252843,tt0064038
nm0001428,tt0083702
nm0014524,tt0083859
nm0756492,tt0083869
nm0356389,tt0083869
nm0595989,tt0084042
nm0576507,tt0084042
nm0897808,tt0084383
nm0131209,tt0084383
nm0190683,tt0084388
nm0843946,tt0084388
nm0778016,tt0084423
nm0296064,tt0084565
nm0482614,tt0084807
nm0061728,tt0084808
nm0818874,tt0084867
nm0886142,tt0085180
nm0062488,tt0085180
nm0000329,tt0085864
nm0359171,tt0085864
nm0000107,tt0085891
nm0860233,tt0085933
nm0100292,tt0086087
nm0457215,tt0086242
nm0762807,tt0086242
nm0692261,tt0086245
nm0883893,tt0086479
nm0764918,tt0086479
nm0553769,tt0086479
nm0797631,tt0086551
nm0440090,tt0086859
nm0001847,tt0086859
nm0001436,tt0086859
nm0736359,tt0086889
nm2870521,tt0086907
nm0054007,tt0086961
nm0943814,tt0110598
nm0821637,tt0111495
nm0772159,tt0111495
nm0000365,tt0111507
nm0871515,tt0111681
nm0906945,tt0112364
nm0267060,tt0112445
nm0001960,tt0112654
nm0000136,tt0112817
nm0000053,tt0112817
nm0151014,tt0112913
nm4094995,tt0113145
nm0712205,tt0113247
nm0629517,tt0114305
nm0942482,tt0115632
nm0000686,tt0115632
nm0566445,tt0116293
nm0557219,tt0116922
nm0001461,tt0116962
nm17098308,tt0117056
nm0719220,tt0117296
nm0319843,tt0117394
nm0332709,tt0117398
nm0113768,tt0118147
nm0537551,tt0118147
nm0072279,tt0118644
nm1851507,tt0269104
nm17345710,tt0274069
nm0228075,tt0274117
nm1495674,tt0348529
nm0406911,tt0398883
nm0000160,tt1065073
nm0022883,tt1764183
nm0336695,tt27729122
nm2028715,tt27729122
nm0156495,tt30439035
nm0548266,tt3505094
nm0368028,tt0063169
nm0010395,tt0063169
nm0462085,tt0063172
nm0473530,tt0063186
nm0766225,tt0063198
nm1078322,tt0063206
nm0358396,tt0014109
nm0607369,tt0014624
nm0707814,tt0014945
nm0795500,tt0015361
nm1198583,tt0015634
nm0318171,tt0015634
nm0031446,tt0015648
nm0327150,tt0015648
nm1160085,tt0015648
nm0616762,tt0015863
nm0132351,tt0017075
nm0756292,tt0064373
nm0364433,tt0064437
nm0541193,tt0064451
nm0181175,tt0064482
nm0537392,tt0064674
nm0571609,tt0064689
nm2135108,tt0064689
nm0002069,tt0064694
nm1746732,tt0064694
nm0149281,tt0064816
nm0053700,tt0064828
nm0467374,tt0064843
nm2286934,tt0064921
nm0245240,tt0065234
nm0075108,tt0065261
nm0582213,tt0065591
nm0744638,tt0065600
nm0867398,tt0065649
nm0299230,tt0065649
nm0597492,tt0065772
nm0943827,tt0065780
nm0168131,tt0065808
nm0392705,tt0066498
nm0357278,tt0066602
nm0396096,tt0066603
nm0652961,tt0066639
nm0001285,tt0066826
nm0135534,tt0066842
nm0103561,tt0066842
nm0876567,tt0066989
nm8624291,tt0067048
nm1368570,tt0067148
nm0778016,tt0067227
nm0499255,tt0067439
nm0246816,tt0067464
nm0755810,tt0067649
nm0267419,tt0067649
nm0593045,tt0067755
nm0237244,tt0067958
nm0559050,tt0067958
nm0672057,tt0068205
nm0559837,tt0068278
nm0875503,tt0068815
nm0461983,tt0068816
nm14712116,tt0069214
nm0449256,tt0069293
nm0430746,tt0069467
nm0000945,tt0069990
nm2101916,tt0070007
nm0529543,tt0070359
nm0560602,tt0070359
nm13862093,tt0070820
nm0508925,tt0070832
nm10533725,tt0070884
nm0938245,tt0070959
nm0031652,tt0070959
nm0696163,tt0070960
nm0649756,tt0071129
nm0136253,tt0071129
nm0316261,tt0071141
nm4909198,tt0071219
nm0576851,tt0071282
nm0479628,tt0071381
nm6210355,tt0071411
nm0900143,tt0071487
nm0536536,tt0071487
nm0077921,tt0071622
nm0031170,tt0071737
nm0503268,tt0071737
nm0691673,tt0072030
nm0755401,tt0135031
nm0246585,tt0137338
nm0139627,tt0137338
nm0459619,tt0138355
nm0087721,tt0138355
nm4739109,tt0139500
nm0165648,tt0139641
nm0099134,tt0191053
nm11202691,tt0191066
nm0256873,tt0191664
nm0383091,tt0191664
nm0203042,tt0192069
nm0001348,tt0192194
nm0596246,tt0192194
nm13253427,tt0194523
nm4104670,tt0278782
nm0000234,tt0280380
nm1903055,tt0283283
nm0075650,tt0284034
nm0001095,tt0374262
nm0481709,tt0374339
nm0942833,tt0379217
nm0497046,tt0379217
nm0239947,tt0381392
nm0464566,tt0383020
nm0116054,tt1322903
nm1892960,tt13231544
nm7620409,tt19841734
nm2592137,tt26442871
nm8026571,tt26448954
nm14543933,tt26448981
nm5525743,tt32085997
nm8984005,tt32086077
nm0043946,tt4843040
nm13574476,tt7241484
nm13574477,tt7241484
nm13571741,tt7241484
nm15332572,tt7254920
nm15332571,tt7254920
nm3215691,tt7254920
nm0812101,tt0064588
nm0835476,tt0064588
nm0706551,tt0064591
nm0086134,tt0064609
nm0249843,tt0064640
nm0174049,tt0030888
nm0724732,tt0031334
nm0190771,tt0031544
nm0002050,tt0031593
nm0387753,tt0031831
nm0871674,tt0031831
nm0930776,tt0032145
nm0672909,tt0032179
nm0242562,tt0032553
nm0000026,tt0032599
nm0463882,tt0032599
nm0280178,tt0032728
nm0243454,tt0033152
nm0033141,tt0033654
nm0442879,tt0033654
nm0605923,tt0033868
nm0719233,tt0034093
nm0314590,tt0034093
nm0216177,tt0034478
nm0488535,tt0034478
nm0221589,tt0034478
nm0206993,tt0034493
nm0727311,tt0034493
nm0099583,tt0034734
nm0340063,tt0034881
nm0700084,tt0034928
nm0107795,tt0035446
nm0750079,tt0035446
nm0380304,tt0035521
nm0047810,tt0035567
nm0290670,tt0035823
nm0879945,tt0036034
nm0778851,tt0036135
nm0370848,tt0036135
nm0890038,tt0036135
nm0392306,tt0036506
nm0503499,tt0036506
nm0460874,tt0036695
nm0628579,tt0036910
nm0424743,tt0037558
nm0044794,tt0037558
nm0060023,tt0037558
nm0143018,tt0037630
nm0716672,tt0037630
nm0355538,tt0037638
nm0143018,tt0037674
nm0431641,tt0038146
nm1159294,tt0038268
nm0403171,tt0038289
nm0000027,tt0038574
nm0336931,tt0038577
nm0010580,tt0038577
nm0484736,tt0038675
nm0511175,tt0038675
nm0702454,tt0038824
nm0297893,tt0123334
nm1144805,tt0123335
nm0202135,tt0123335
nm0367373,tt0123948
nm0312072,tt0126661
nm0252621,tt0126721
nm0957922,tt0126908
nm0628233,tt0126908
nm0946216,tt0127310
nm0761055,tt0131335
nm7415457,tt0131335
nm1098911,tt0133089
nm0383261,tt0134805
nm5688969,tt0134805
nm0008867,tt0196355
nm0699311,tt0197569
nm1144805,tt0200309
nm1082465,tt0200559
nm0454123,tt0200768
nm0441526,tt0201922
nm0847057,tt0201922
nm0297891,tt0202154
nm0411146,tt0202154
nm0757021,tt0202507
nm0361660,tt0203040
nm0622416,tt0203040
nm0441557,tt0203040
nm0838508,tt0203608
nm1078322,tt0203635
nm0465531,tt0203751
nm2860345,tt0207145
nm0628757,tt0369060
nm0628956,tt0369060
nm0753479,tt0427424
nm16345595,tt1568924
nm3086374,tt27958252
nm15305018,tt28801705
nm11033327,tt4466490
nm0000368,tt4468634
nm0001457,tt4468634
nm0315288,tt4468634
nm0310116,tt9031484
nm0516001,tt0013201
nm0296597,tt0106696
nm0000129,tt0106918
nm0000352,tt0107152
nm0080555,tt0107165
nm0545838,tt0107260
nm0901501,tt0107260
nm0855417,tt0107474
nm0849076,tt0107736
nm0338616,tt0108328
nm0674340,tt0108394
nm0826888,tt0108515
nm0232826,tt0108515
nm0079000,tt0109085
nm1406904,tt0109085
nm0159513,tt0109424
nm0955599,tt0109424
nm0446567,tt0109655
nm0003133,tt0109702
nm0613620,tt0154767
nm0435281,tt0155667
nm0490500,tt0156587
nm0952911,tt0157122
nm0475910,tt0158714
nm0441375,tt0160440
nm0176693,tt0160440
nm1671320,tt0160440
nm0618880,tt0209463
nm0596900,tt0209933
nm0931678,tt0210075
nm0072262,tt0212772
nm5599979,tt0328802
nm0881292,tt0329429
nm0377026,tt0436811
nm1931045,tt0809407
nm1391143,tt0929425
nm0201669,tt1508675
nm2852870,tt26440619
nm0812303,tt7266728
nm6061508,tt8943224
nm1814112,tt0018051
nm0155479,tt0018362
nm0319630,tt0018362
nm0741147,tt0018826
nm0989809,tt0018826
nm0516001,tt0019412
nm0751899,tt0019412
nm0340400,tt0020163
nm2544110,tt0020269
nm0062428,tt0020814
nm0949927,tt0020876
nm0847031,tt0020980
nm0202136,tt0020980
nm0645811,tt0021283
nm0945501,tt0021406
nm0699522,tt0021409
nm0645436,tt0022048
nm0670083,tt0022080
nm0323479,tt0022100
nm0757104,tt0022485
nm0152750,tt0022877
nm0111979,tt0022941
nm0808343,tt0022941
nm0222596,tt0023180
nm0942039,tt0023238
nm0425903,tt0023238
nm0594365,tt0023261
nm0250757,tt0023450
nm0837424,tt0023634
nm0541675,tt0023649
nm0632764,tt0023937
nm0594667,tt0024214
nm0783527,tt0024757
nm0405220,tt0024961
nm0074949,tt0024962
nm0238901,tt0024962
nm0634600,tt0025214
nm0906685,tt0025338
nm0001196,tt0025681
nm0849439,tt0025929
nm0654627,tt0026549
nm0074698,tt0027164
nm0814754,tt0027164
nm0389824,tt0027214
nm0232571,tt0027214
nm0126365,tt0027214
nm0000019,tt0075793
nm0050966,tt0075915
nm0721419,tt0075915
nm1463135,tt0076085
nm0000882,tt0076155
nm0766306,tt0076162
nm0001589,tt0076221
nm0156072,tt0076263
nm0238563,tt0076263
nm0663737,tt0076299
nm0513375,tt0076855
nm1132749,tt0076855
nm5184332,tt0076855
nm2469411,tt0077138
nm0595323,tt0077309
nm0334360,tt0077598
nm0670481,tt0077655
nm0497399,tt0077655
nm0024931,tt0077711
nm0530621,tt0077711
nm0181397,tt0077740
nm0040167,tt0077740
nm0790096,tt0077751
nm0206950,tt0077878
nm0173577,tt0077964
nm0001036,tt0078021
nm0185163,tt0078480
nm0001273,tt0078481
nm0951423,tt0078763
nm0637360,tt0078763
nm0102940,tt0078763
nm2805628,tt0079095
nm0586733,tt0079182
nm0047963,tt0079182
nm0457953,tt0079182
nm0457204,tt0079317
nm0191504,tt0079596
nm0575114,tt0080310
nm0072337,tt0080397
nm0671294,tt0080397
nm0000172,tt0080408
nm0344793,tt0080408
nm0822062,tt0080678
nm0731175,tt0080889
nm0151793,tt0080964
nm4828872,tt0080964
nm0183172,tt0081055
nm0684908,tt0081114
nm0000367,tt0081176
nm0239447,tt0081176
nm11246378,tt0081204
nm0177727,tt0081441
nm0642198,tt0081455
nm0480099,tt0081455
nm0670481,tt0081499
nm0497399,tt0081499
nm0000453,tt0081633
nm0862432,tt0082053
nm0000309,tt0082176
nm0308502,tt0082206
nm0785583,tt0082259
nm0412831,tt0082313
nm0764762,tt0082318
nm0605429,tt0082370
nm0437704,tt0082601
nm0270041,tt0082671
nm0007023,tt0082888
nm0562841,tt0082888
nm0384718,tt0082934
nm0887551,tt0082934
nm0950707,tt0083352
nm1062310,tt0083539
nm0835190,tt0083539
nm0209596,tt0083539
nm0529645,tt0083611
nm0294653,tt0083611
nm0103924,tt0181517
nm1344959,tt0186508
nm1212338,tt0186725
nm0327104,tt0186725
nm0079284,tt0186730
nm0187676,tt0186730
nm0332136,tt0186730
nm0457519,tt0360946
nm1723009,tt0360946
nm0784279,tt0366668
nm2558355,tt0970935
nm1052657,tt11380884
nm11123883,tt11380884
nm1569349,tt1470024
nm2827255,tt1714210
nm0117911,tt2358891
nm1631269,tt2452254
nm9377342,tt29002950
nm2459898,tt36456563
nm10220243,tt4420704
nm0002199,tt6850578
nm1968057,tt0027307
nm0077785,tt0027336
nm0153457,tt0027489
nm0875208,tt0027752
nm0085021,tt0027796
nm0343991,tt0027954
nm0174682,tt0027977
nm0880861,tt0028021
nm0385867,tt0028165
nm0492775,tt0028167
nm0096005,tt0028201
nm0029456,tt0028668
nm0387231,tt0029081
nm1722389,tt0029314
nm0300064,tt0029957
nm0306978,tt0029982
nm0059921,tt0029982
nm0724732,tt0030063
nm0356265,tt0030063
nm0738198,tt0030066
nm0431212,tt0030252
nm0753062,tt0030337
nm17549906,tt0030522
nm17549902,tt0030522
nm0000576,tt0098625
nm0515282,tt0098725
nm0441375,tt0098972
nm0290526,tt0099292
nm0001641,tt0099334
nm0605429,tt0099334
nm0389425,tt0099776
nm0932870,tt0099776
nm0436522,tt0099858
nm1670179,tt0099881
nm0804218,tt0100024
nm0479425,tt0100332
nm0490614,tt0100625
nm0001765,tt0100935
nm0136571,tt0101026
nm0490489,tt0101258
nm0659029,tt0101258
nm0156484,tt0101258
nm0527542,tt0101458
nm1700839,tt0101819
nm0875237,tt0101962
nm2768059,tt0102293
nm0940919,tt0102458
nm0703615,tt0102458
nm0714919,tt0102458
nm0615530,tt0102491
nm0658995,tt0102497
nm1559284,tt0102594
nm0001457,tt0102685
nm0416739,tt0102943
nm0950521,tt0103044
nm0896334,tt0103190
nm0498429,tt0103295
nm0660560,tt0103905
nm0481810,tt0103905
nm0703302,tt0104008
nm0070532,tt0104249
nm0656468,tt0104249
nm0872331,tt0104249
nm0651532,tt0104352
nm0946789,tt0104753
nm0483679,tt0104753
nm16971336,tt0104775
nm0410902,tt0105060
nm0000352,tt0105151
nm0932870,tt0105750
nm1444326,tt0105888
nm0654208,tt0106579
nm0356710,tt0233315
nm0507056,tt0233315
nm0846423,tt0233315
nm0291979,tt0293153
nm0171499,tt0304678
nm1603998,tt1084950
nm0796166,tt1084950
nm0442803,tt1248984
nm1950086,tt2347569
nm17085449,tt27590147
nm9263148,tt28608358
nm3892357,tt3544082
nm1645275,tt8185182
nm0151827,tt8185182
nm0762248,tt0056845
nm0448709,tt0056845
nm0148827,tt0056846
nm0134514,tt0056846
nm0722826,tt0056905
nm0000052,tt0056945
nm0041405,tt0057261
nm0205854,tt0057261
nm0179662,tt0057286
nm0594682,tt0057295
nm0435297,tt0058430
nm0144875,tt0058450
nm0128143,tt0058450
nm0837503,tt0053134
nm1518573,tt0053134
nm0305331,tt0053146
nm0440813,tt0053168
nm0437128,tt0053198
nm0442955,tt0053259
nm0712743,tt0053270
nm0716074,tt0053270
nm0788762,tt0053361
nm0105475,tt0053459
nm0959923,tt0053459
nm0049838,tt0053472
nm0000511,tt0053604
nm4531497,tt0053765
nm0847301,tt0053842
nm0645422,tt0053892
nm0654712,tt0053892
nm0678555,tt0053976
nm0246920,tt0053976
nm0805277,tt0053976
nm0237707,tt0054205
nm0896523,tt0054248
nm0880298,tt0054286
nm0654712,tt0054366
nm0002198,tt0054377
nm0006573,tt0054407
nm0584879,tt0054407
nm0240638,tt0054494
nm0723157,tt0054599
nm0365173,tt0054614
nm0592756,tt0054709
nm0647429,tt0054780
nm0468525,tt0054780
nm0687451,tt0054803
nm0634659,tt0054845
nm0033171,tt0055052
nm0031755,tt0055093
nm0033171,tt0055233
nm0442955,tt0055233
nm0047962,tt0055269
nm0013790,tt0055399
nm0070882,tt0055399
nm0162030,tt0055399
nm5381515,tt0055440
nm0837420,tt0055440
nm0878240,tt0055506
nm5574053,tt0055508
nm0083424,tt0055597
nm0130952,tt0055601
nm0442951,tt0055630
nm0846187,tt0055630
nm0385010,tt0055830
nm0074367,tt0055830
nm0545400,tt0055852
nm0592756,tt0056058
nm0368049,tt0056058
nm0408343,tt0056058
nm1372205,tt0056058
nm0342458,tt0056111
nm0605195,tt0056215
nm0631102,tt0056291
nm0407411,tt0056327
nm0462013,tt0056443
nm0199029,tt0056443
nm0793766,tt0056443
nm0412615,tt0056444
nm0822275,tt0056512
nm0457219,tt0056562
nm0493347,tt0057590
nm0436012,tt0057611
nm0945435,tt0057632
nm0410751,tt0057643
nm0538567,tt0057710
nm0462007,tt0057715
nm0223353,tt0057935
nm12382287,tt0057960
nm0001321,tt0058003
nm0757138,tt0058150
nm0349899,tt0058182
nm0111003,tt0058259
nm0167520,tt0058259
nm0239447,tt0058533
nm0000404,tt0058533
nm0443581,tt0058557
nm0818025,tt0058557
nm0416528,tt0058557
nm0409820,tt0058715
nm0476675,tt0058888
nm0069934,tt0058946
nm0065777,tt0059012
nm0434553,tt0059159
nm0408026,tt0059303
nm0611538,tt0059348
nm0805908,tt0059527
nm1062360,tt0059581
nm0144589,tt0059619
nm0166706,tt0059619
nm0593192,tt0059653
nm0767567,tt0059884
nm0945522,tt0059919
nm0038377,tt0060082
nm0945562,tt0060082
nm0654835,tt0060082
nm0125909,tt0060107
nm0681566,tt0060263
nm0699694,tt0060597
nm0630636,tt0060597
nm0101564,tt0060758
nm0814162,tt0060802
nm0008751,tt0161292
nm0024409,tt0163324
nm1152564,tt0163324
nm0902823,tt0163324
nm0644948,tt0164982
nm0676201,tt0164982
nm0618565,tt0164982
nm2486493,tt0164982
nm0441526,tt0164983
nm0033152,tt0165078
nm0622412,tt0165339
nm0157384,tt0165339
nm0234371,tt0165773
nm16657487,tt0165926
nm16657489,tt0165926
nm0167388,tt0167925
nm0255475,tt0167925
nm0190211,tt0167925
nm0687321,tt0169606
nm0281107,tt0171685
nm0196195,tt0255438
nm3529291,tt0257954
nm0443060,tt0258013
nm0837476,tt0259248
nm0351641,tt0261739
nm0015142,tt0261739
nm0847146,tt1087578
nm0441353,tt1087578
nm8040682,tt10888456
nm4754127,tt10888456
nm5227416,tt10888456
nm2128696,tt1129435
nm2453508,tt1337051
nm12719479,tt14039582
nm0476210,tt1446089
nm14643699,tt19652910
nm7945601,tt4288356
nm0046353,tt5507860
nm0005063,tt6903636
nm0594062,tt0054107
nm0880298,tt0054122
nm4750822,tt0054143
nm0046133,tt0057336
nm0128233,tt0057344
nm0269531,tt0057357
nm0457557,tt0057363
nm11138265,tt0057374
nm0441351,tt0057494
nm0849011,tt0057494
nm0447689,tt0057503
nm0839024,tt0060464
nm0043453,tt0060529
nm0105482,tt0038853
nm0060663,tt0038853
nm0001805,tt0038854
nm0030383,tt0038890
nm0302815,tt0038890
nm0810676,tt0038913
nm0409421,tt0038913
nm0020110,tt0038924
nm0419589,tt0039195
nm1165548,tt0039406
nm0002104,tt0039485
nm0255695,tt0039631
nm0894600,tt0039822
nm0867728,tt0040155
nm0466776,tt0040155
nm0864921,tt0040160
nm0867391,tt0040413
nm0355343,tt0040418
nm0762966,tt0040505
nm0753479,tt0040505
nm0136794,tt0040522
nm0346358,tt0040522
nm0685406,tt0040559
nm0163515,tt0040662
nm0365692,tt0040662
nm0872454,tt0040725
nm0235835,tt0040737
nm0297869,tt0040782
nm0793879,tt0040979
nm0793674,tt0040979
nm0875366,tt0041154
nm0441574,tt0041154
nm0535697,tt0041232
nm0361995,tt0041460
nm0110159,tt0041497
nm0784279,tt0041699
nm0212794,tt0041735
nm0477330,tt0041886
nm0837503,tt0042059
nm0645402,tt0072439
nm0342458,tt0072443
nm0623350,tt0072443
nm0717025,tt0072962
nm0704624,tt0072976
nm1799073,tt0073076
nm0502229,tt0073107
nm0229943,tt0073166
nm0024022,tt0073246
nm0620092,tt0073373
nm0050437,tt0073502
nm0787141,tt0073502
nm0514282,tt0073502
nm0731499,tt0073540
nm0849011,tt0073654
nm2717968,tt0073654
nm0423663,tt0073841
nm1402576,tt0073948
nm0463774,tt0074102
nm0252843,tt0074168
nm0000367,tt0074190
nm0576655,tt0074312
nm0902234,tt0074515
nm0143378,tt0074851
nm0198072,tt0074868
nm0887696,tt0074901
nm0001023,tt0074901
nm0003909,tt0074916
nm0099483,tt0075367
nm0154787,tt0075404
nm0437726,tt0075404
nm0471079,tt0075675
nm0086116,tt0075675
nm0006357,tt0075675
nm0466300,tt0075744
nm0544334,tt0095302
nm0914327,tt0095302
nm0881969,tt0095417
nm0054007,tt0095467
nm0322937,tt0095468
nm0049000,tt0095515
nm0810342,tt0095583
nm0636065,tt0095583
nm0038099,tt0095583
nm0441375,tt0095597
nm0494613,tt0096163
nm0741410,tt0096257
nm0413523,tt0096257
nm0150543,tt0096336
nm0969145,tt0096336
nm0001967,tt0096409
nm0490521,tt0096472
nm0947319,tt0097202
nm0330543,tt0097372
nm0944929,tt0097409
nm0035729,tt0097531
nm0050141,tt0097603
nm0433520,tt0097728
nm0645252,tt0097728
nm0876603,tt0098019
nm0553436,tt0098112
nm0621348,tt0098368
nm0469808,tt0098368
nm0370666,tt0143348
nm0457223,tt0143348
nm0782881,tt0143348
nm0869601,tt0143428
nm0662793,tt0144017
nm0948546,tt0144020
nm1319664,tt0150980
nm13400151,tt0151789
nm0857458,tt0154506
nm0594093,tt0154683
nm0778016,tt0249241
nm0220729,tt0249241
nm0395814,tt0249241
nm0622420,tt0253967
nm1070601,tt0254686
nm0609403,tt0309754
nm0150887,tt0311913
nm1206701,tt0464105
nm1234217,tt0464105
nm2154543,tt0468526
nm0857032,tt1173745
nm6263733,tt13648224
nm6126848,tt28618488
nm4238608,tt29279903
nm16604319,tt31809821
nm2582755,tt31809821
nm8206308,tt5795752
nm0001554,tt8804284
nm10493329,tt9617512
nm0001536,tt0050330
nm0945222,tt0050330
nm0034884,tt0050421
nm0428288,tt0050458
nm0559858,tt0050458
nm0463794,tt0050634
nm0659461,tt0050782
nm0759522,tt0050800
nm0927711,tt0050986
nm0361697,tt0051093
nm0438939,tt0051418
nm0814472,tt0051512
nm0406737,tt0051584
nm0881545,tt0051584
nm0001526,tt0051713
nm0534274,tt0051739
nm0001284,tt0051739
nm0297843,tt0051808
nm0000587,tt0051879
nm0021004,tt0051994
nm0031832,tt0052016
nm0000761,tt0052017
nm0462138,tt0052080
nm0740735,tt0052216
nm0044447,tt0052414
nm0622406,tt0052414
nm0620164,tt0052414
nm0595105,tt0052540
nm0487103,tt0052587
nm0611804,tt0052587
nm0921202,tt0052654
nm0167346,tt0052708
nm0044010,tt0052805
nm0768566,tt0052957
nm0307491,tt0052961
nm0685632,tt0052961
nm0473984,tt0052981
nm0178509,tt0052997
nm0395942,tt0053121
nm5591368,tt0087328
nm3517779,tt0087328
nm0001777,tt0087884
nm0473822,tt0087900
nm0708440,tt0088184
nm11811200,tt0088196
nm0470094,tt0088275
nm0480027,tt0088315
nm0239985,tt0088318
nm0594885,tt0088318
nm0935695,tt0088318
nm0436522,tt0088383
nm0658637,tt0089282
nm0640079,tt0089343
nm0506784,tt0089424
nm0035728,tt0089507
nm1729516,tt0089537
nm3042117,tt0089537
nm0259158,tt0089606
nm1187411,tt0089746
nm0001749,tt0089838
nm0824102,tt0089838
nm0461927,tt0089866
nm0510955,tt0089866
nm0195530,tt0090563
nm0085038,tt0090955
nm0628955,tt0090956
nm0156506,tt0090956
nm0323922,tt0090956
nm0000971,tt0090967
nm0623574,tt0090967
nm0412615,tt0091136
nm0579500,tt0091461
nm0270904,tt0091461
nm0879154,tt0091538
nm0315052,tt0091830
nm0278239,tt0091859
nm0912268,tt0091859
nm0001132,tt0091867
nm1174548,tt0091892
nm1661961,tt0092252
nm0160823,tt0092263
nm0405062,tt0092264
nm0811794,tt0092557
nm0270830,tt0092593
nm0605429,tt0092593
nm0480951,tt0092603
nm0031318,tt0092603
nm0063332,tt0092905
nm1474568,tt0092963
nm0761420,tt0093191
nm0705129,tt0093191
nm2486568,tt0093422
nm0313953,tt0093426
nm0219627,tt0093505
nm0001169,tt0093640
nm0000669,tt0093640
nm0310167,tt0093668
nm0001208,tt0093870
nm0795906,tt0094100
nm0332950,tt0094314
nm0840002,tt0094336
nm0490511,tt0094375
nm0000212,tt0094933
nm0943150,tt0244316
nm1893752,tt0456149
nm0239152,tt0460480
nm0563099,tt0839739
nm0000300,tt1020773
nm0767243,tt1093842
nm0624369,tt1093842
nm2797574,tt1093842
nm6249945,tt14550346
nm13115028,tt16951384
nm0218843,tt1847731
nm5836722,tt2190367
nm0726564,tt27656132
nm2733035,tt28349668
nm1677531,tt29344605
nm12593544,tt29344605
nm0797614,tt33381401
nm0356017,tt34250044
nm0924210,tt34250044
nm0848383,tt0093258
nm0006092,tt0093295
nm0793008,tt0093304
nm0795105,tt0042229
nm0194207,tt0042436
nm0948989,tt0042651
nm0909727,tt0042665
nm0171502,tt0042665
nm0046785,tt0042692
nm0152361,tt0042700
nm0753479,tt0042762
nm0125287,tt0042783
nm0001958,tt0042980
nm0010240,tt0043115
nm0564738,tt0043140
nm0753479,tt0043159
nm0851309,tt0043159
nm0199319,tt0043386
nm0084909,tt0043567
nm0515193,tt0043601
nm0500588,tt0043601
nm0762966,tt0043699
nm0753479,tt0043699
nm0407401,tt0043699
nm0383091,tt0043707
nm0036757,tt0043809
nm0208503,tt0043927
nm0910329,tt0043972
nm0262775,tt0044072
nm0610253,tt0044355
nm0530049,tt0044386
nm0307404,tt0044386
nm0874298,tt0044487
nm0209420,tt0044487
nm0855070,tt0044602
nm0211591,tt0044602
nm0714878,tt0044744
nm0847301,tt0044793
nm0713740,tt0045274
nm0583332,tt0045361
nm0927733,tt0045900
nm0475872,tt0045935
nm0209637,tt0046022
nm0299827,tt0046345
nm0849108,tt0046468
nm0031889,tt0046478
nm0200012,tt0046511
nm0264770,tt0046521
nm0110494,tt0046521
nm0434593,tt0046851
nm0590055,tt0047094
nm0728158,tt0047287
nm0007023,tt0047287
nm12818880,tt0047300
nm0407401,tt0047300
nm0042049,tt0047336
nm0648802,tt0047444
nm0467248,tt0047445
nm0793616,tt0047478
nm0156928,tt0047478
nm0556399,tt0047528
nm0510429,tt0047832
nm0000003,tt0048133
nm0031884,tt0048198
nm0207219,tt0048250
nm0001811,tt0048308
nm0714878,tt0048393
nm0753479,tt0048429
nm0051836,tt0048473
nm0597985,tt0048499
nm3262029,tt0048499
nm0001536,tt0048579
nm0386284,tt0048579
nm0196992,tt0048641
nm0106387,tt0048673
nm0741455,tt0048673
nm0544798,tt0048757
nm0000007,tt0048801
nm0001991,tt0048801
nm0410965,tt0048820
nm0130955,tt0049042
nm4852211,tt0049087
nm0548355,tt0049189
nm0038653,tt0049552
nm0001954,tt0049674
nm0000078,tt0049730
nm0252621,tt0049761
nm1374420,tt0049821
nm13362480,tt0049916
nm1374420,tt0049976
nm0000205,tt0118866
nm0000576,tt0119174
nm0255554,tt0119629
nm1001357,tt0119629
nm6062925,tt0119629
nm0513491,tt0119844
nm0001472,tt0120530
nm0465045,tt0120530
nm0187662,tt0121444
nm0827409,tt0122111
nm0480150,tt0122111
nm0620164,tt0122136
nm0846754,tt0122136
nm2026762,tt0122770
nm0324697,tt0173240
nm0418440,tt0173279
nm0277070,tt0173279
nm0718196,tt0175743
nm0159976,tt0176049
nm14738365,tt0176049
nm0004851,tt0216386
nm0003244,tt0216386
nm0357649,tt0216625
nm0456786,tt0217126
nm0000337,tt0218817
nm0248237,tt0219058
nm0403903,tt0221719
nm1117328,tt0221719
nm0768031,tt0227858
nm0757299,tt0227858
nm1220264,tt0322824
nm0158793,tt0415380
nm0849011,tt0417214
nm2304709,tt1032846
nm0884561,tt14064214
nm0038896,tt15399286
nm2870590,tt1700844
nm1186230,tt21042126
nm2105464,tt2762506
nm5140520,tt32828123
nm4658761,tt5278832
nm1911179,tt0060879
nm0217043,tt0060920
nm0406700,tt0061065
nm0323530,tt0061101
nm0135310,tt0061132
nm0326663,tt0061162
nm0148625,tt0061781
nm0069064,tt0061834
nm0535330,tt0061856
nm2076997,tt0061912
nm0346903,tt0061996
nm3670133,tt0062009
nm0604204,tt0062113
nm0216144,tt0062136
nm0000197,tt0062262
nm0231213,tt0062285
nm1115985,tt0062285
nm0623660,tt0062411
nm0863146,tt0062455
nm0345513,tt0062455
nm0072785,tt0062492
nm0366465,tt0062873
nm0029182,tt0062893
nm0549134,tt0062952
nm0201174,tt0062952
nm0618462,tt0063268
nm0876997,tt0063268
nm0806230,tt0063278
nm0229111,tt0063555
nm1354322,tt0063555
nm0883517,tt0063611
nm0019244,tt0063611
nm0617190,tt0063633
nm0147533,tt0063651
nm0761133,tt0063651
nm0000404,tt0063715
nm0423885,tt0063759
nm0847033,tt0063834
nm0620332,tt0063834
nm0001578,tt0083722
nm0379401,tt0083859
nm0012358,tt0083922
nm0077381,tt0084130
nm0867242,tt0084248
nm0348155,tt0084269
nm0093138,tt0084269
nm0417797,tt0084423
nm0237897,tt0084565
nm0221631,tt0084698
nm0583956,tt0084807
nm0582586,tt0085276
nm0633080,tt0085533
nm0256629,tt0086242
nm10992425,tt0086245
nm0644680,tt0086479
nm0715869,tt0086479
nm1231872,tt0086631
nm0931638,tt0086979
nm0660080,tt0087188
nm4948481,tt0110545
nm0334886,tt0110598
nm0911329,tt0111507
nm0361851,tt0111507
nm0871827,tt0111507
nm0160462,tt0111541
nm0674695,tt0112769
nm0006563,tt0112817
nm0596297,tt0112913
nm0846548,tt0113247
nm0479360,tt0113247
nm0001125,tt0115632
nm0069705,tt0115822
nm0265948,tt0115822
nm0221612,tt0115928
nm0892956,tt0116041
nm0336952,tt0116070
nm0809938,tt0116293
nm0910278,tt0116643
nm0908022,tt0116643
nm0571126,tt0116643
nm0077888,tt0116643
nm0648743,tt0116752
nm0831467,tt0116922
nm0151654,tt0116962
nm0756162,tt0117296
nm0360535,tt0117318
nm0243109,tt0118125
nm0454475,tt0118147
nm0303826,tt0269461
nm2356645,tt0273874
nm17345714,tt0274069
nm0657822,tt1008017
nm0001648,tt1527186
nm0390326,tt22098228
nm7184245,tt30439035
nm0001929,tt6423776
nm1403892,tt7298400
nm0464587,tt0063169
nm0867401,tt0063169
nm0400447,tt0063172
nm0619938,tt0063186
nm0738020,tt0063195
nm0882476,tt0063198
nm0632734,tt0063206
nm0540250,tt0014109
nm0165137,tt0014417
nm0689869,tt0015648
nm0112234,tt0015841
nm0354913,tt0015864
nm0431484,tt0016395
nm0614311,tt0016395
nm0642063,tt0016630
nm0637040,tt0017825
nm0596409,tt0064536
nm0680645,tt0064689
nm1218448,tt0064793
nm0525570,tt0064843
nm1175758,tt0064843
nm0442881,tt0064975
nm0383026,tt0064975
nm0594865,tt0065036
nm0660327,tt0065234
nm0219342,tt0065234
nm0814162,tt0065241
nm0470901,tt0065241
nm0667691,tt0065241
nm0014446,tt0065391
nm0958831,tt0065649
nm0320647,tt0065651
nm0756292,tt0065776
nm1213869,tt0065780
nm0050246,tt0065780
nm0442316,tt0065808
nm0042025,tt0065808
nm0856187,tt0066065
nm0053700,tt0066065
nm0794193,tt0066466
nm0865779,tt0066498
nm0900388,tt0066531
nm0008384,tt0066602
nm0869601,tt0066639
nm0827319,tt0066842
nm0838910,tt0066842
nm0065702,tt0066842
nm0087094,tt0067048
nm8624289,tt0067048
nm0442904,tt0067148
nm0793053,tt0067148
nm0948949,tt0067148
nm0939707,tt0067185
nm0379258,tt0067227
nm0530594,tt0067227
nm0147061,tt0067227
nm0300991,tt0067439
nm0301928,tt0067810
nm0000256,tt0067959
nm0517056,tt0067961
nm0031958,tt0068207
nm0038954,tt0068371
nm0945562,tt0068650
nm0423663,tt0068817
nm0866674,tt0068817
nm0000457,tt0069086
nm0522884,tt0069198
nm0117188,tt0069198
nm0847157,tt0069222
nm0135671,tt0069398
nm0569789,tt0069489
nm0396136,tt0069990
nm0887368,tt0069996
nm0868479,tt0070040
nm0546584,tt0070040
nm0242290,tt0070122
nm0103470,tt0070155
nm0476185,tt0070528
nm0394724,tt0070528
nm1980761,tt0070544
nm2348978,tt0070884
nm0764664,tt0070960
nm0535991,tt0071129
nm0470699,tt0071141
nm0775447,tt0071381
nm0767084,tt0071381
nm0167515,tt0071381
nm0843102,tt0071411
nm0770859,tt0071458
nm0003337,tt0071458
nm0457223,tt0071565
nm8844279,tt0071604
nm0754563,tt0071622
nm0423663,tt0071695
nm0866674,tt0071695
nm0190194,tt0071797
nm0834851,tt0071833
nm14886114,tt0071859
nm0275213,tt0071910
nm0216942,tt0072030
nm0945470,tt0072157
nm0106925,tt0134993
nm0487254,tt0134993
nm0713119,tt0134993
nm0537392,tt0135024
nm0051082,tt0135024
nm0473984,tt0135031
nm0522474,tt0135163
nm3089956,tt0135163
nm3090016,tt0135163
nm0000422,tt0190590
nm0958054,tt0191053
nm5249335,tt0191066
nm0473541,tt0191664
nm0884561,tt0192069
nm0974574,tt0283283
nm0001376,tt0381392
nm0308039,tt0381392
nm0514852,tt0383020
nm1237973,tt0869977
nm2555469,tt1189367
nm2931313,tt1189367
nm0631131,tt1701976
nm4461361,tt18317064
nm0308039,tt19841734
nm5265329,tt19841734
nm8552868,tt26448954
nm5250972,tt26448954
nm14543935,tt26448981
nm1461179,tt30810787
nm2836936,tt30810787
nm15703321,tt30810787
nm13622949,tt32086077
nm4478292,tt3723828
nm13571775,tt7241484
nm15332570,tt7254920
nm0386630,tt0064588
nm0686491,tt0064609
nm0239514,tt0064612
nm0027851,tt0031270
nm0843294,tt0031309
nm0077620,tt0031514
nm0088396,tt0031514
nm0299720,tt0031544
nm0835149,tt0031650
nm0243454,tt0031968
nm0000059,tt0032145
nm0000057,tt0032145
nm1364624,tt0032156
nm0000059,tt0032179
nm0467170,tt0032484
nm0356004,tt0032599
nm0421028,tt0032599
nm0000006,tt0032655
nm0252475,tt0032655
nm0402842,tt0032728
nm0539942,tt0033152
nm0404158,tt0033532
nm0174738,tt0033532
nm0166477,tt0033532
nm0522577,tt0033627
nm0532277,tt0033627
nm1724512,tt0033654
nm0001660,tt0033858
nm0356568,tt0033858
nm0202120,tt0034093
nm0594381,tt0034298
nm0875208,tt0034298
nm0476673,tt0034298
nm0663247,tt0034493
nm0769070,tt0034493
nm0808949,tt0034587
nm0395004,tt0034734
nm0602010,tt0034881
nm0754942,tt0034928
nm0105482,tt0035001
nm0300353,tt0035017
nm0894508,tt0035737
nm2916353,tt0036034
nm0610228,tt0036506
nm0544786,tt0036566
nm0548355,tt0036566
nm0458033,tt0036914
nm0596415,tt0036914
nm0096737,tt0036914
nm1156054,tt0036947
nm0645502,tt0036977
nm0733540,tt0037035
nm0837503,tt0037227
nm0322334,tt0037638
nm0214025,tt0037674
nm0697066,tt0037800
nm0476843,tt0037824
nm0867623,tt0038146
nm0002145,tt0038289
nm0916903,tt0038289
nm0042083,tt0038289
nm1525997,tt0038348
nm0250038,tt0038577
nm0875630,tt0038823
nm0374557,tt0038823
nm0137977,tt0038823
nm0800302,tt0038824
nm0586524,tt0123335
nm0454077,tt0123335
nm0434250,tt0124888
nm0609952,tt0126654
nm2749745,tt0126661
nm0561758,tt0130218
nm0918280,tt0131149
nm0001543,tt0133122
nm0879743,tt0134749
nm0357272,tt0134756
nm0757465,tt0196355
nm0247982,tt0196355
nm0847361,tt0197521
nm0207112,tt0197704
nm0327104,tt0199905
nm0412615,tt0200768
nm0846754,tt0201922
nm0463514,tt0201922
nm0367370,tt0201922
nm5378783,tt0202153
nm0297908,tt0202153
nm0793567,tt0202154
nm12326649,tt0202928
nm0879957,tt0203608
nm0034836,tt0203751
nm4671077,tt0204066
nm0594465,tt0204716
nm0312267,tt0207645
nm0432425,tt0369060
nm0371342,tt0373450
nm1671331,tt0426900
nm0235991,tt0427550
nm1600742,tt0765469
nm2373474,tt0765469
nm2963760,tt1095217
nm7803259,tt14407336
nm0000945,tt14851374
nm12297062,tt14851374
nm1163149,tt2219894
nm0955504,tt27958252
nm0060012,tt0007340
nm0280759,tt0008663
nm0280759,tt0008879
nm0096737,tt0012364
nm0959818,tt0012364
nm0250057,tt0013201
nm0026172,tt0013257
nm0838928,tt0107384
nm0885417,tt0107384
nm0950784,tt0107474
nm0789093,tt0107653
nm0845912,tt0107736
nm8110449,tt0107736
nm0450658,tt0108328
nm0067861,tt0108366
nm0319508,tt0108366
nm0904996,tt0108394
nm0066669,tt0108515
nm0344653,tt0108515
nm0219375,tt0108554
nm0409302,tt0109586
nm0393297,tt0109685
nm0577288,tt0109702
nm0337682,tt0109759
nm0469808,tt0109759
nm0012932,tt0110057
nm0012947,tt0110057
nm0885137,tt0154767
nm0620212,tt0155278
nm0620407,tt0158714
nm0624372,tt0158714
nm0038280,tt0209463
nm16393571,tt0209933
nm1074391,tt0330536
nm0005824,tt0436811
nm0488377,tt0436811
nm0931324,tt0808526
nm1603998,tt0808526
nm0028303,tt0809407
nm2954640,tt0929425
nm3013934,tt0929425
nm2429015,tt0984130
nm2205904,tt0984130
nm0192377,tt0986233
nm0002565,tt0986233
nm2703591,tt0986233
nm2597010,tt0990404
nm0516677,tt1181614
nm1595095,tt1232826
nm0950902,tt1287878
nm4459941,tt1508675
nm0417012,tt0018051
nm0092665,tt0018051
nm0194939,tt0018054
nm0397604,tt0018362
nm0874781,tt0018523
nm0709466,tt0018773
nm0036307,tt0019254
nm0102880,tt0019412
nm0336660,tt0020269
nm1318704,tt0020269
nm0624935,tt0020451
nm0516001,tt0020572
nm0354071,tt0020572
nm0756870,tt0021283
nm0344933,tt0021409
nm0305087,tt0021749
nm0709850,tt0021844
nm0213946,tt0021844
nm0847301,tt0022485
nm0214168,tt0022578
nm0595633,tt0022578
nm0335738,tt0022718
nm0302540,tt0022787
nm0035877,tt0023238
nm0281329,tt0023238
nm0861034,tt0023241
nm0099786,tt0023563
nm0771869,tt0023563
nm0407357,tt0023634
nm0922170,tt0023649
nm0602285,tt0023649
nm0031832,tt0023937
nm0390507,tt0023985
nm0541766,tt0024473
nm0950019,tt0024757
nm1688351,tt0024793
nm0088085,tt0024844
nm0882096,tt0025062
nm0050151,tt0025094
nm0112131,tt0025094
nm2020175,tt0025338
nm0642584,tt0025456
nm0178259,tt0025681
nm0838066,tt0025710
nm0124236,tt0025748
nm2365865,tt0025898
nm0031885,tt0025929
nm0853607,tt0026029
nm0370848,tt0026029
nm0657874,tt0026406
nm0027851,tt0026737
nm0000006,tt0027062
nm0407329,tt0027118
nm0753479,tt0027118
nm0681566,tt0075933
nm0353848,tt0075933
nm0001036,tt0075983
nm0582332,tt0075983
nm0288602,tt0076097
nm0202120,tt0076155
nm0083392,tt0076221
nm0761572,tt0076263
nm0347858,tt0076299
nm1415541,tt0076341
nm0297686,tt0077132
nm0367938,tt0077132
nm0346511,tt0077309
nm3850358,tt0077598
nm0771260,tt0077729
nm1032595,tt0077751
nm0154162,tt0077775
nm0290394,tt0077878
nm0136571,tt0078021
nm0167467,tt0078152
nm0941096,tt0078259
nm0003318,tt0078481
nm0234012,tt0078771
nm0000908,tt0078875
nm0856609,tt0078875
nm0006781,tt0079083
nm0644561,tt0079182
nm0945131,tt0079317
nm0155352,tt0079472
nm0001114,tt0079596
nm0001262,tt0079672
nm0849625,tt0079854
nm0009125,tt0079944
nm1135379,tt0080125
nm0322912,tt0080125
nm0940919,tt0080310
nm0330240,tt0080678
nm2798702,tt0080964
nm0998350,tt0080964
nm0000545,tt0081070
nm0000172,tt0081182
nm0001765,tt0081182
nm0486674,tt0081182
nm0000329,tt0081499
nm0950707,tt0081499
nm0633028,tt0081506
nm0301556,tt0081686
nm0759252,tt0082093
nm0475480,tt0082176
nm0000804,tt0082206
nm0360422,tt0082259
nm0644137,tt0082275
nm0644523,tt0082313
nm0031832,tt0082313
nm0843426,tt0082599
nm0125123,tt0082783
nm0812906,tt0082888
nm0644680,tt0082927
nm0740067,tt0083611
nm0656541,tt0083611
nm1110038,tt0181517
nm0753679,tt0188388
nm0453246,tt0189330
nm0890233,tt0189330
nm0955446,tt0292066
nm2888181,tt0292066
nm0410987,tt0360839
nm0038960,tt0360839
nm0442709,tt0360839
nm0462013,tt0366668
nm0129538,tt1225902
nm0140802,tt1225902
nm1250558,tt2258281
nm2513572,tt2291230
nm1768149,tt2452254
nm15702905,tt26270862
nm14475503,tt26315142
nm1518068,tt26315142
nm17527556,tt33253824
nm7968634,tt5258306
nm0035488,tt5778628
nm4021619,tt5778628
nm0879945,tt0027307
nm0350764,tt0027336
nm0179690,tt0027342
nm0282653,tt0027478
nm0677961,tt0027635
nm0645826,tt0027672
nm0031832,tt0027752
nm1095270,tt0027796
nm0001322,tt0027954
nm0933333,tt0027969
nm0000795,tt0027985
nm0355608,tt0027985
nm0725529,tt0027985
nm0288003,tt0028112
nm0399648,tt0028167
nm0079670,tt0028212
nm0391373,tt0028827
nm0330049,tt0028827
nm0576120,tt0029002
nm0306978,tt0029201
nm0001888,tt0029365
nm0871674,tt0029365
nm0789604,tt0029394
nm0153457,tt0029453
nm0879945,tt0029557
nm0221508,tt0029603
nm0420011,tt0029603
nm0706926,tt0029706
nm0783527,tt0030063
nm0074507,tt0030066
nm0745600,tt0030127
nm0001922,tt0030252
nm0779540,tt0030675
nm0651791,tt0030675
nm0000134,tt0098625
nm0527954,tt0098725
nm6579438,tt0099000
nm0272649,tt0099040
nm0591533,tt0099341
nm0389424,tt0099776
nm0318879,tt0100142
nm0194491,tt0100223
nm0299717,tt0100223
nm0433423,tt0100223
nm0013844,tt0100234
nm0013843,tt0100234
nm0671652,tt0100332
nm0160846,tt0101020
nm0874684,tt0101020
nm3062826,tt0101020
nm0878090,tt0101458
nm0870316,tt0101962
nm0598361,tt0102141
nm0324843,tt0102456
nm0309267,tt0102491
nm0692390,tt0102536
nm9681402,tt0102594
nm0748639,tt0102594
nm0679904,tt0102685
nm0721333,tt0102685
nm0561750,tt0102687
nm0939209,tt0102932
nm0101712,tt0102943
nm0618177,tt0103793
nm0228710,tt0103882
nm0173062,tt0104029
nm0793985,tt0104352
nm11888419,tt0104373
nm0880299,tt0105060
nm0000627,tt0105151
nm0225789,tt0105750
nm0000382,tt0106504
nm0150172,tt0106579
nm2493819,tt0106651
nm0011762,tt0232951
nm0361672,tt0234669
nm1101922,tt0296809
nm2030714,tt0478000
nm0004266,tt1084950
nm7276744,tt10849514
nm0005416,tt1103275
nm5586767,tt15555264
nm1652433,tt2347569
nm0001102,tt2972098
nm3207271,tt4082068
nm1525639,tt4082068
nm0016249,tt0056846
nm0851416,tt0056854
nm0313280,tt0056905
nm0468754,tt0056919
nm0846966,tt0057215
nm0467248,tt0057238
nm0674629,tt0058450
nm0233432,tt0058450
nm0147561,tt0058458
nm0369202,tt0058458
nm0793338,tt0053134
nm0001539,tt0053361
nm0637603,tt0053390
nm0594062,tt0053390
nm0755401,tt0053579
nm0754955,tt0053579
nm0723242,tt0053619
nm0611547,tt0053765
nm0848796,tt0053842
nm0620164,tt0053842
nm0441410,tt0053842
nm0000577,tt0053917
nm0112548,tt0053976
nm0537922,tt0054156
nm0490224,tt0054189
nm0448305,tt0054205
nm0758415,tt0054205
nm0759395,tt0054248
nm0001012,tt0054248
nm0879743,tt0054325
nm0971400,tt0054377
nm0239447,tt0054389
nm0205821,tt0054389
nm0392705,tt0054665
nm0714835,tt0054763
nm0619218,tt0054845
nm0579972,tt0055572
nm0087491,tt0055852
nm0897808,tt0055852
nm1190639,tt0055852
nm0116460,tt0056210
nm0516216,tt0056210
nm0880840,tt0056291
nm0000591,tt0056291
nm0361660,tt0056327
nm0370567,tt0056562
nm0189342,tt0056636
nm0318811,tt0056667
nm0253463,tt0056736
nm0000733,tt0056801
nm0597662,tt0057058
nm0769070,tt0057171
nm0597840,tt0057171
nm0715010,tt0057590
nm0383261,tt0057632
nm0016646,tt0057643
nm0442709,tt0057697
nm1428706,tt0057697
nm1144805,tt0057715
nm0632757,tt0057829
nm0158026,tt0058003
nm0017864,tt0058022
nm0094098,tt0058022
nm0082599,tt0058124
nm0672304,tt0058138
nm0734521,tt0058138
nm0013983,tt0058138
nm0000125,tt0058150
nm0006168,tt0058182
nm0770658,tt0058259
nm0320774,tt0058533
nm0604460,tt0058604
nm0782850,tt0058625
nm0410965,tt0058652
nm0407030,tt0058652
nm0622416,tt0058698
nm0847361,tt0058858
nm0657597,tt0058946
nm0252678,tt0058946
nm0238382,tt0058985
nm0238386,tt0058985
nm0484298,tt0058985
nm0000080,tt0059012
nm0525260,tt0059063
nm0620154,tt0059159
nm0043354,tt0059177
nm1130932,tt0059177
nm0314960,tt0059229
nm0768008,tt0059346
nm0765825,tt0059346
nm0422539,tt0059415
nm0080362,tt0059417
nm0558221,tt0059527
nm0439344,tt0059592
nm0411028,tt0059715
nm0017651,tt0059909
nm0228009,tt0059934
nm2149145,tt0059934
nm4233485,tt0059934
nm0631994,tt0060107
nm0346903,tt0060138
nm0431477,tt0060138
nm0562841,tt0060223
nm0349427,tt0060223
nm0081414,tt0060304
nm0544240,tt0060305
nm0140649,tt0060574
nm1080916,tt0060586
nm0213502,tt0060675
nm0159539,tt0060742
nm1671776,tt0164982
nm0632757,tt0164983
nm0386179,tt0164984
nm0477767,tt0164984
nm0619822,tt0165078
nm0001364,tt0165773
nm0749298,tt0165798
nm16657490,tt0165926
nm1886964,tt0166896
nm0537551,tt0169606
nm16351489,tt0255274
nm3531185,tt0257954
nm0651506,tt0259248
nm0835476,tt0265197
nm0075655,tt0265197
nm0000225,tt0405861
nm3228243,tt0977638
nm3095598,tt0977638
nm3259550,tt1129435
nm1747580,tt1337051
nm0631553,tt1446089
nm16882863,tt14781332
nm14643698,tt19652910
nm5988725,tt24082622
nm6987564,tt4288356
nm0421002,tt4288356
nm1985859,tt6910282
nm0212542,tt0054073
nm0393378,tt0054107
nm0913796,tt0054107
nm0606168,tt0054107
nm0563475,tt0054130
nm0370669,tt0054143
nm0043396,tt0054144
nm0458917,tt0057336
nm0252621,tt0057357
nm0442951,tt0057363
nm0289450,tt0057427
nm0078940,tt0057495
nm0619938,tt0057565
nm0768026,tt0060464
nm0080129,tt0060543
nm0903762,tt0060543
nm0297293,tt0060545
nm0715284,tt0038854
nm0002897,tt0038924
nm0924161,tt0038924
nm0620228,tt0039074
nm1283423,tt0039091
nm0316738,tt0039195
nm0179786,tt0039224
nm0595531,tt0039417
nm0467566,tt0039423
nm0575974,tt0039485
nm0590836,tt0039651
nm0379277,tt0039822
nm0530571,tt0039834
nm0511288,tt0039834
nm0540311,tt0039834
nm0837360,tt0039871
nm0510134,tt0040155
nm0001537,tt0040160
nm0821543,tt0040522
nm0022821,tt0040522
nm0759031,tt0040522
nm0031509,tt0040522
nm0875630,tt0040559
nm0852279,tt0040636
nm0000027,tt0040662
nm0542146,tt0040737
nm0672496,tt0040737
nm0594381,tt0040782
nm0679959,tt0040917
nm0548355,tt0040917
nm0613596,tt0040980
nm1272662,tt0040980
nm0753479,tt0041154
nm0798570,tt0041232
nm0400905,tt0041460
nm0043396,tt0041699
nm0454087,tt0041699
nm0297745,tt0041713
nm0200195,tt0041735
nm0854996,tt0041998
nm0462073,tt0042056
nm0237134,tt0072417
nm0946157,tt0072443
nm0771260,tt0072976
nm0668866,tt0073076
nm0001406,tt0073107
nm0901057,tt0073152
nm0006739,tt0073152
nm0702479,tt0073246
nm0587502,tt0073246
nm0733673,tt0073246
nm0734368,tt0073363
nm0594693,tt0073654
nm1443771,tt0073654
nm0629200,tt0073915
nm1429679,tt0073948
nm0559483,tt0074102
nm0673749,tt0074190
nm0229415,tt0074220
nm0264211,tt0074515
nm0001800,tt0074851
nm0139156,tt0074883
nm0075163,tt0074916
nm0099366,tt0074916
nm0704624,tt0075165
nm0712947,tt0075675
nm0790689,tt0095302
nm0413946,tt0095302
nm0065153,tt0095310
nm0104967,tt0095310
nm0120601,tt0095310
nm0001041,tt0095403
nm0089654,tt0095417
nm0586404,tt0095417
nm0412652,tt0095467
nm0048784,tt0095515
nm0745780,tt0095583
nm0848533,tt0095597
nm4225784,tt0095961
nm0000694,tt0096852
nm0497097,tt0097202
nm0154166,tt0097409
nm0934014,tt0097531
nm0941096,tt0097531
nm0154633,tt0097603
nm6787278,tt0097603
nm0014125,tt0097843
nm0681566,tt0097884
nm0110468,tt0097884
nm0000329,tt0098019
nm0729060,tt0098112
nm0862892,tt0098368
nm0023715,tt0143012
nm0297734,tt0143012
nm0423663,tt0143348
nm0866674,tt0143348
nm0945601,tt0143428
nm0232493,tt0144020
nm0062297,tt0150430
nm1149693,tt0150980
nm6628353,tt0150980
nm0129883,tt0251300
nm0298575,tt0253967
nm0001376,tt0254686
nm0441172,tt0309754
nm1142684,tt0311384
nm0151654,tt0311913
nm0156558,tt0311913
nm0881439,tt0464105
nm1675910,tt0468526
nm0236848,tt0469835
nm0633028,tt0781599
nm2486271,tt1196121
nm4515894,tt1376717
nm0632757,tt2017464
nm11472869,tt20205236
nm1208167,tt20212786
nm2146858,tt27502360
nm16604321,tt31809821
nm8206305,tt5795752
nm0000003,tt0050193
nm0794205,tt0050251
nm0336582,tt0050458
nm0130955,tt0050574
nm0412992,tt0050585
nm0036084,tt0050706
nm0544786,tt0050782
nm0084761,tt0050986
nm0617741,tt0051404
nm0181080,tt0051418
nm0592654,tt0051704
nm0330156,tt0051706
nm0416228,tt0051713
nm0620850,tt0051720
nm0913796,tt0051720
nm0084435,tt0051792
nm0406713,tt0051980
nm0594348,tt0051980
nm0328982,tt0051994
nm0196992,tt0052017
nm0386113,tt0052017
nm0000052,tt0052216
nm0392705,tt0052374
nm0837350,tt0052540
nm0897808,tt0052556
nm0856515,tt0052600
nm0322163,tt0052654
nm0051337,tt0052654
nm0484762,tt0052805
nm0249827,tt0052805
nm0728938,tt0052893
nm0457498,tt0052957
nm0457204,tt0052966
nm0468831,tt0053106
nm0879743,tt0053115
nm0882354,tt0053121
nm0154116,tt0087328
nm0441351,tt0087571
nm0043398,tt0087571
nm0652718,tt0087571
nm0900201,tt0087884
nm0910145,tt0087995
nm11811212,tt0088196
nm0664297,tt0088315
nm0000302,tt0088322
nm0529964,tt0088322
nm10806302,tt0088992
nm0001726,tt0089015
nm0878750,tt0089015
nm0000329,tt0089177
nm0950707,tt0089177
nm0594421,tt0089746
nm0645790,tt0089746
nm1998536,tt0089866
nm0094789,tt0089960
nm0049595,tt0089960
nm0243777,tt0089960
nm0920569,tt0090037
nm0343743,tt0090252
nm0674781,tt0090297
nm0512071,tt0090563
nm0041747,tt0090563
nm0771593,tt0090955
nm0950707,tt0090956
nm0490497,tt0090956
nm0527099,tt0090967
nm0000289,tt0090967
nm0494336,tt0091461
nm0523597,tt0091480
nm0310327,tt0091830
nm0724966,tt0091830
nm0329556,tt0091859
nm0000307,tt0091867
nm0324009,tt0091867
nm0450950,tt0091892
nm0653473,tt0091892
nm0645468,tt0091946
nm0091369,tt0091971
nm0653669,tt0092149
nm0950954,tt0092252
nm0653468,tt0092258
nm0482580,tt0092264
nm12301080,tt0092905
nm1471564,tt0092963
nm1473110,tt0092963
nm0445367,tt0093006
nm0754734,tt0093238
nm6762710,tt0093238
nm1226853,tt0093422
nm2682434,tt0093422
nm0157898,tt0093426
nm1303176,tt0093426
nm0001749,tt0093431
nm0284613,tt0093435
nm0636669,tt0093505
nm0904933,tt0093599
nm0076251,tt0093640
nm0908970,tt0093668
nm0497635,tt0093843
nm0939153,tt0093978
nm0490618,tt0093978
nm0939147,tt0093978
nm0620154,tt0094100
nm0139355,tt0094314
nm0671231,tt0094675
nm0581953,tt0243255
nm11222310,tt0247380
nm1715144,tt0456149
nm1569349,tt0456149
nm0619227,tt0456892
nm2580035,tt0460480
nm0063643,tt0839739
nm1800764,tt11398388
nm0238475,tt14550346
nm13169648,tt16279390
nm0001275,tt16294920
nm2012595,tt2764784
nm2976649,tt2764784
nm0452816,tt27656132
nm6959027,tt4214450
nm7582333,tt4935446
nm12783310,tt9455468
nm0855057,tt0093284
nm0522904,tt0093284
nm0379363,tt0093371
nm2898575,tt0042217
nm0237655,tt0042229
nm0812453,tt0042229
nm0683991,tt0042229
nm0147785,tt0042466
nm0881303,tt0042651
nm0556145,tt0042692
nm0526949,tt0042783
nm0441961,tt0042876
nm0645502,tt0042958
nm0140460,tt0043115
nm0789987,tt0043140
nm0441574,tt0043159
nm0871272,tt0043362
nm0525793,tt0043532
nm0294882,tt0043567
nm0644574,tt0043707
nm0889668,tt0043927
nm0842677,tt0043972
nm0793168,tt0043972
nm1042277,tt0043972
nm0632274,tt0044060
nm0463152,tt0044163
nm1283412,tt0044429
nm0558637,tt0044487
nm0670771,tt0044602
nm0793766,tt0044741
nm0878302,tt0044744
nm0632274,tt0044811
nm0238725,tt0044837
nm1346442,tt0044986
nm0533943,tt0045251
nm0178509,tt0045251
nm0174029,tt0045251
nm0142914,tt0045361
nm0682055,tt0045361
nm0299344,tt0045971
nm0881540,tt0045971
nm0385443,tt0046127
nm0851520,tt0046127
nm0412806,tt0046468
nm0410965,tt0046468
nm0708479,tt0046478
nm0131301,tt0046487
nm0110494,tt0046911
nm0350247,tt0046911
nm0146613,tt0046998
nm0386284,tt0047034
nm0855435,tt0047281
nm0849011,tt0047445
nm0428039,tt0047579
nm0620083,tt0047682
nm0906745,tt0048127
nm0945253,tt0048127
nm0679959,tt0048133
nm0921459,tt0048308
nm0039510,tt0048393
nm0222447,tt0048473
nm0593930,tt0048579
nm0027683,tt0048641
nm0085038,tt0048641
nm0294882,tt0048641
nm5581917,tt0048956
nm0633372,tt0049087
nm0004625,tt0049182
nm0431025,tt0049182
nm0171801,tt0049182
nm0000003,tt0049189
nm0265732,tt0049189
nm0005841,tt0049531
nm0362567,tt0049674
nm0114386,tt0049674
nm0403929,tt0049674
nm0001536,tt0049710
nm0702798,tt0049730
nm0193411,tt0049730
nm0794205,tt0049782
nm0945253,tt0049782
nm0881540,tt0049784
nm0001088,tt0049856
nm0222627,tt0049856
nm0066519,tt0049902
nm0598394,tt0049902
nm0259896,tt0049902
nm0217126,tt0049902
nm0871755,tt0049902
nm13362475,tt0049916
nm0848796,tt0049976
nm0620206,tt0049976
nm0004668,tt0118866
nm0570286,tt0119174
nm0030153,tt0119375
nm0288204,tt0119629
nm0563129,tt0119809
nm0751917,tt0119844
nm0412615,tt0120101
nm0000453,tt0120255
nm0001631,tt0120255
nm0027829,tt0120263
nm9048868,tt0120674
nm3500602,tt0121444
nm0638196,tt0121444
nm0665693,tt0175743
nm14738364,tt0176049
nm0847624,tt0178868
nm0613522,tt0178868
nm0872822,tt0217853
nm0426685,tt0217853
nm0439466,tt0219058
nm0864406,tt0219058
nm0288270,tt0219058
nm0807709,tt0223027
nm1234999,tt0318025
nm1307120,tt0318025
nm12025580,tt0318346
nm1290092,tt0322824
nm0788340,tt0422720
nm0955504,tt0423176
nm0691047,tt1032846
nm3088189,tt1241325
nm4321583,tt12564514
nm6693244,tt14064214
nm12961997,tt14064214
nm0000691,tt15399286
nm0420266,tt1700844
nm2953505,tt2006181
nm0163223,tt21042126
nm2573277,tt2762506
nm7946703,tt28419037
nm0969364,tt2963262
nm0592491,tt2963262
nm0734000,tt0060879
nm1911344,tt0060879
nm0094083,tt0061162
nm0822337,tt0061162
nm0690150,tt0061495
nm0718276,tt0061781
nm0632269,tt0061834
nm0386284,tt0061856
nm0465531,tt0061882
nm0750850,tt0061883
nm0410664,tt0061883
nm0712950,tt0062136
nm0391055,tt0062144
nm0496942,tt0062144
nm0533612,tt0062262
nm0473308,tt0062455
nm0279046,tt0062474
nm0012734,tt0062480
nm0417836,tt0062893
nm0257810,tt0062916
nm0447515,tt0063278
nm0247659,tt0063350
nm0694908,tt0063371
nm0546480,tt0063371
nm0617190,tt0063527
nm0438663,tt0063598
nm0498071,tt0063598
nm0423885,tt0063611
nm0430746,tt0063759
nm0441526,tt0063835
nm0784112,tt0063835
nm0149630,tt0064038
nm0912276,tt0064038
nm0701906,tt0083702
nm0023348,tt0083789
nm0349776,tt0083922
nm0021910,tt0083922
nm0092381,tt0084116
nm4318023,tt0084248
nm0539402,tt0084423
nm0822062,tt0084538
nm0656452,tt0084538
nm0051394,tt0084538
nm0486403,tt0084538
nm0246947,tt0084654
nm0075857,tt0084698
nm0900393,tt0084740
nm0167467,tt0084808
nm0015843,tt0084808
nm0089038,tt0084808
nm0006939,tt0084843
nm0109276,tt0085180
nm0485701,tt0085180
nm0675484,tt0085276
nm0435859,tt0085276
nm0924716,tt0085279
nm0151815,tt0085533
nm0000688,tt0085891
nm0002018,tt0085933
nm0115143,tt0085933
nm0703302,tt0086087
nm0244850,tt0086479
nm12403453,tt0086631
nm0681207,tt0086650
nm0772487,tt0086650
nm0002126,tt0086859
nm0102940,tt0086961
nm0122430,tt0086977
nm1097879,tt0086977
nm0627029,tt0086979
nm0062471,tt0087188
nm0681566,tt0110545
nm0066093,tt0110545
nm0997120,tt0110545
nm0521051,tt0111495
nm0000535,tt0112887
nm0389883,tt0112913
nm0477082,tt0112913
nm0044865,tt0113145
nm0723865,tt0113273
nm0102518,tt0113273
nm0791156,tt0114305
nm0868881,tt0115822
nm0487592,tt0115928
nm0335789,tt0116041
nm0202851,tt0116070
nm0186081,tt0116070
nm0798076,tt0116293
nm0100280,tt0116650
nm0258388,tt0116922
nm0738433,tt0116922
nm0000342,tt0117318
nm0177267,tt0117589
nm0111524,tt0118125
nm0656468,tt0118125
nm0000738,tt0118147
nm0007069,tt0273874
nm0759828,tt0274117
nm0797382,tt0348529
nm0349165,tt1008017
nm15615058,tt30439035
nm1955257,tt4714782
nm0344932,tt6423776
nm10398397,tt7298400
nm0585637,tt0063169
nm0620092,tt0063186
nm0442955,tt0063195
nm0464587,tt0063198
nm0707814,tt0014611
nm0110393,tt0014945
nm0017893,tt0015361
nm0058290,tt0015648
nm0516001,tt0015841
nm0178260,tt0015873
nm0172903,tt0016395
nm0639698,tt0016630
nm0307171,tt0064390
nm0099731,tt0064390
nm0143800,tt0064437
nm0484926,tt0064482
nm0749363,tt0064674
nm0001342,tt0064689
nm0016532,tt0064781
nm0001128,tt0064816
nm0419289,tt0064816
nm0865575,tt0064828
nm0957764,tt0065591
nm0092008,tt0065600
nm0674742,tt0066207
nm3706402,tt0066466
nm0465531,tt0066602
nm0442878,tt0066639
nm0409764,tt0066989
nm0131183,tt0067048
nm0898296,tt0067439
nm0374803,tt0067464
nm0493517,tt0067649
nm0848533,tt0067755
nm0005522,tt0067810
nm0006739,tt0067962
nm0001202,tt0067962
nm0691673,tt0068207
nm0141380,tt0068278
nm0038378,tt0068650
nm0441389,tt0068817
nm0052023,tt0069293
nm0540918,tt0069293
nm0154406,tt0069398
nm0144911,tt0069398
nm0103363,tt0069489
nm0400531,tt0069489
nm0677995,tt0069687
nm0342411,tt0069990
nm0426413,tt0070155
nm0851309,tt0070528
nm2438838,tt0070884
nm0371824,tt0071282
nm0124335,tt0071571
nm2482791,tt0071609
nm0219151,tt0071622
nm0594347,tt0071695
nm1839206,tt0071695
nm0210400,tt0071737
nm0681975,tt0071797
nm14886110,tt0071859
nm0133505,tt0072030
nm0704612,tt0072195
nm0018823,tt0135024
nm0000729,tt0137338
nm0152638,tt0137338
nm0089093,tt0137338
nm0376450,tt0139641
nm8311288,tt0139641
nm0454584,tt0190590
nm0428458,tt0192069
nm0001971,tt0192194
nm0627041,tt0192194
nm13253606,tt0194523
nm0870204,tt0280380
nm0633080,tt0283283
nm0155203,tt0374339
nm0938893,tt0374339
nm3571330,tt0379269
nm0218475,tt0383020
nm0593930,tt0385202
nm2501633,tt1322903
nm3210541,tt1322903
nm14867735,tt13231544
nm7112244,tt13231544
nm5231366,tt1701976
nm6329383,tt1701976
nm14136468,tt19841734
nm7987902,tt26441793
nm15703322,tt30810787
nm0383675,tt31055572
nm0441534,tt31055572
nm5928382,tt32085997
nm0394222,tt3723828
nm13574478,tt7241484
nm13256104,tt7254920
nm0804839,tt0064546
nm0639295,tt0064588
nm0006244,tt0064588
nm0228767,tt0064591
nm0056763,tt0064612
nm0051916,tt0064625
nm0097578,tt0064625
nm0126280,tt0064625
nm0815433,tt0030888
nm0654767,tt0031309
nm0191544,tt0031334
nm0335764,tt0031650
nm0838708,tt0031968
nm0214924,tt0032553
nm0800386,tt0033532
nm0000059,tt0033627
nm0620130,tt0033654
nm0001322,tt0033868
nm0930539,tt0033868
nm0545461,tt0034093
nm0356004,tt0034240
nm0900365,tt0034478
nm0593930,tt0034591
nm0731182,tt0034734
nm0540924,tt0034881
nm0763059,tt0034891
nm0087926,tt0035001
nm0311185,tt0035017
nm0431641,tt0035039
nm0241545,tt0035039
nm0528685,tt0035446
nm0719233,tt0035737
nm0494285,tt0035737
nm0683012,tt0035823
nm0644343,tt0035823
nm0462679,tt0036400
nm0406029,tt0036506
nm0613576,tt0036566
nm0692439,tt0036695
nm0457954,tt0036947
nm0391361,tt0037367
nm0110893,tt0037638
nm0595321,tt0037674
nm0955541,tt0037824
nm0220852,tt0038146
nm0645676,tt0038268
nm0605270,tt0038268
nm0544786,tt0038348
nm0358723,tt0038363
nm0838066,tt0038390
nm1649761,tt0038810
nm0880299,tt0123948
nm0766225,tt0124169
nm0005368,tt0126908
nm0441526,tt0130377
nm0875207,tt0130377
nm0038375,tt0131013
nm2520444,tt0131149
nm0699885,tt0131335
nm0624827,tt0133122
nm0755401,tt0134749
nm0754955,tt0134749
nm2126161,tt0134749
nm0867391,tt0134771
nm0043396,tt0134805
nm0000994,tt0197521
nm0793766,tt0197521
nm0544798,tt0197521
nm0876381,tt0197569
nm0620265,tt0200309
nm0945380,tt0200309
nm0846998,tt0200559
nm0793577,tt0202604
nm4671054,tt0204066
nm0383627,tt0207645
nm0424326,tt0207645
nm0426004,tt0373175
nm0517844,tt0373450
nm0344010,tt0373450
nm0865799,tt0426900
nm0756870,tt0427424
nm0183223,tt0765469
nm0530581,tt14407336
nm1927682,tt1568924
nm5765209,tt2219894
nm5765210,tt2219894
nm6998808,tt35022825
nm2028579,tt4468634
nm0136467,tt9031484
nm0252476,tt0008663
nm0252476,tt0008879
nm0489296,tt0008879
nm0524096,tt0011870
nm0701012,tt0012349
nm0048798,tt0012349
nm0803705,tt0012364
nm0174393,tt0013075
nm0200068,tt0013075
nm0949927,tt0013201
nm0000979,tt0106918
nm0094789,tt0107259
nm0480430,tt0108328
nm0526026,tt0108366
nm0901812,tt0108394
nm0938893,tt0108606
nm0923024,tt0109085
nm0681856,tt0109085
nm0157805,tt0109685
nm14692496,tt0109843
nm0674454,tt0155028
nm0652944,tt0155278
nm0504897,tt0156587
nm0256890,tt0157122
nm0014955,tt0160535
nm0687930,tt0209933
nm0735442,tt0210075
nm0515296,tt0211941
nm15100669,tt0212016
nm1197279,tt0328802
nm1066795,tt0329429
nm0998931,tt0330536
nm2508931,tt0436811
nm0005049,tt0808526
nm1010881,tt0984130
nm2943352,tt0984130
nm0758825,tt1508675
nm6109270,tt16022080
nm5695689,tt2035630
nm3559009,tt26440619
nm0260245,tt26440619
nm4785566,tt8943224
nm0191818,tt0018054
nm0834504,tt0018054
nm0448224,tt0018773
nm0125593,tt0020451
nm0516001,tt0020876
nm0079008,tt0020876
nm0840704,tt0020980
nm5196551,tt0021283
nm0800302,tt0021739
nm1035024,tt0021749
nm0164883,tt0021890
nm0645438,tt0022048
nm0586184,tt0022125
nm0260020,tt0022578
nm0195490,tt0022718
nm0130593,tt0022941
nm0543115,tt0023180
nm0203527,tt0023238
nm0167113,tt0023241
nm1708078,tt0023261
nm0738331,tt0023563
nm0370583,tt0023634
nm0042552,tt0024473
nm0517058,tt0024473
nm0094672,tt0024844
nm0591888,tt0025062
nm0635341,tt0025062
nm0441390,tt0025214
nm0441568,tt0025338
nm0193633,tt0025452
nm0889024,tt0025509
nm0470307,tt0025509
nm0448133,tt0025710
nm0643353,tt0025748
nm0782644,tt0025929
nm0914931,tt0026029
nm0018091,tt0026564
nm0922615,tt0027062
nm0311957,tt0027062
nm0707728,tt0075793
nm0000377,tt0075860
nm0000414,tt0075860
nm0089348,tt0075860
nm0410013,tt0075938
nm0560751,tt0075938
nm1165638,tt0076097
nm0287637,tt0076155
nm0370204,tt0076240
nm1418045,tt0076341
nm0537865,tt0076855
nm1132400,tt0076855
nm0848796,tt0077132
nm0131183,tt0077309
nm0361915,tt0077598
nm0490521,tt0077655
nm0151666,tt0077655
nm3549827,tt0077740
nm0154164,tt0077775
nm0244884,tt0077775
nm0154118,tt0077775
nm0535644,tt0077878
nm0449392,tt0077964
nm0140713,tt0077964
nm0255544,tt0078021
nm0596943,tt0078021
nm0340926,tt0078152
nm0094959,tt0078152
nm0071838,tt0078480
nm0887684,tt0078481
nm0514351,tt0078763
nm0385543,tt0078908
nm0389623,tt0078908
nm0093678,tt0079010
nm0141380,tt0079083
nm0006737,tt0079083
nm0361757,tt0079317
nm0359219,tt0079317
nm0873516,tt0079701
nm0001776,tt0079766
nm0178041,tt0079766
nm0787587,tt0079766
nm1075910,tt0080125
nm0942195,tt0080140
nm0513468,tt0080408
nm0426539,tt0081055
nm0001364,tt0081070
nm0240728,tt0081076
nm0492765,tt0081114
nm0910075,tt0081114
nm0513375,tt0081182
nm0576888,tt0081182
nm0926919,tt0081182
nm0078155,tt0081204
nm11246376,tt0081204
nm0189719,tt0081291
nm0625214,tt0081291
nm0372197,tt0081441
nm0189927,tt0081455
nm0497763,tt0081499
nm0000092,tt0081633
nm0001831,tt0081633
nm0664439,tt0082259
nm0062369,tt0082370
nm0891309,tt0082370
nm0559698,tt0082601
nm1196623,tt0082601
nm1168888,tt0082927
nm0000254,tt0082933
nm0389660,tt0082933
nm0754144,tt0082933
nm0503627,tt0082934
nm0810170,tt0181517
nm0931038,tt0181517
nm9459068,tt0181517
nm4243442,tt0186508
nm0619227,tt0360839
nm0847400,tt0360839
nm0794425,tt0360946
nm5517136,tt0447641
nm15334679,tt0447641
nm2608214,tt0970935
nm0762191,tt1225902
nm5934325,tt1470024
nm1342194,tt1470024
nm0000095,tt1649264
nm4944372,tt2258281
nm0664671,tt2358891
nm0829576,tt2452254
nm0957193,tt2452254
nm10387860,tt26270862
nm7267977,tt29002950
nm10220241,tt4420704
nm0026963,tt5778628
nm4510776,tt5786872
nm6252978,tt5786872
nm0299397,tt0027307
nm0096293,tt0027478
nm0945222,tt0027672
nm0074698,tt0027796
nm0559920,tt0027954
nm0343749,tt0027954
nm0280178,tt0028112
nm0219666,tt0028667
nm0573786,tt0028668
nm0362567,tt0029081
nm0152361,tt0029201
nm0112937,tt0029322
nm0201147,tt0029365
nm0370574,tt0029557
nm0789970,tt0029603
nm0666201,tt0029952
nm0557339,tt0030082
nm0239513,tt0030252
nm0116552,tt0030252
nm0377613,tt0030337
nm17549907,tt0030522
nm17553373,tt0030522
nm3720440,tt0030522
nm0517919,tt0030637
nm0903330,tt0030642
nm0124236,tt0030675
nm0594421,tt0098972
nm0411017,tt0098972
nm0000686,tt0099292
nm0265252,tt0099858
nm1001079,tt0099858
nm0132257,tt0100107
nm0629737,tt0100142
nm0661708,tt0100142
nm0860112,tt0100142
nm0637434,tt0100223
nm0689810,tt0100223
nm0002000,tt0100625
nm0000417,tt0100935
nm0948112,tt0100973
nm0950722,tt0100973
nm0398871,tt0101020
nm0512714,tt0101258
nm0788164,tt0101279
nm0304365,tt0101279
nm0033415,tt0101428
nm0241504,tt0101458
nm0345616,tt0101765
nm0836828,tt0101819
nm0643894,tt0101962
nm0074335,tt0101962
nm0551775,tt0102491
nm0955730,tt0102497
nm0243019,tt0102687
nm0801852,tt0102932
nm0393063,tt0103044
nm13422064,tt0103070
nm0244850,tt0103190
nm0518666,tt0103190
nm0823730,tt0103793
nm0106887,tt0103793
nm0077553,tt0103882
nm0520345,tt0104008
nm0555227,tt0104029
nm0382975,tt0104057
nm0246106,tt0104224
nm0606153,tt0104224
nm0461983,tt0104352
nm0224931,tt0104373
nm15076424,tt0104373
nm0225921,tt0104545
nm0347482,tt0104658
nm0112533,tt0104658
nm0120494,tt0104808
nm0005598,tt0104808
nm0767443,tt0104808
nm0765823,tt0105060
nm0407030,tt0105060
nm0000209,tt0105151
nm0001041,tt0105619
nm0657070,tt0105619
nm2841159,tt0105821
nm0506202,tt0106579
nm0457845,tt0106651
nm0645011,tt0229519
nm0442733,tt0229519
nm1233896,tt0230334
nm0488377,tt0296881
nm2150200,tt10365870
nm0595677,tt10849514
nm0457519,tt1248984
nm3600331,tt1248984
nm14893914,tt14906708
nm0001728,tt2276069
nm3239107,tt2347569
nm1272031,tt27590147
nm10743273,tt28608358
nm0009368,tt5305230
nm2338833,tt5305230
nm0688572,tt0056905
nm0320377,tt0056945
nm0466977,tt0057207
nm0386284,tt0057215
nm0619227,tt0057238
nm1650019,tt0057238
nm0250046,tt0057261
nm0001768,tt0057286
nm0446763,tt0058390
nm2327466,tt0058409
nm0848406,tt0058409
nm0001433,tt0058414
nm0522013,tt0058414
nm0652961,tt0058430
nm0848978,tt0058430
nm0847204,tt0053134
nm0196195,tt0053146
nm0959916,tt0053168
nm0593814,tt0053242
nm0823728,tt0053361
nm0562831,tt0053459
nm0000901,tt0053472
nm6350085,tt0053619
nm0001012,tt0053643
nm0541113,tt0053643
nm0154164,tt0053765
nm0481270,tt0053772
nm0806041,tt0053917
nm0719164,tt0053917
nm0773723,tt0054156
nm0439344,tt0054177
nm0740067,tt0054189
nm0659097,tt0054248
nm0906186,tt0054269
nm0654726,tt0054325
nm0559662,tt0054325
nm0038951,tt0054350
nm0398513,tt0054350
nm0619991,tt0054366
nm0143018,tt0054377
nm0002198,tt0054389
nm0178962,tt0054407
nm0292159,tt0054412
nm0605270,tt0054460
nm0218633,tt0054494
nm0634159,tt0054494
nm0107012,tt0054665
nm0619227,tt0054709
nm0654726,tt0054709
nm3114067,tt0054745
nm9852856,tt0054745
nm9852857,tt0054745
nm9852858,tt0054745
nm0001975,tt0054763
nm3058240,tt0054861
nm0239447,tt0055032
nm0000901,tt0055082
nm0778792,tt0055093
nm0243180,tt0055093
nm0938231,tt0055399
nm5972414,tt0055440
nm2234136,tt0055506
nm0040933,tt0055572
nm0239447,tt0055572
nm0001958,tt0055597
nm0466047,tt0055852
nm0816527,tt0055913
nm0136437,tt0055913
nm0000266,tt0055928
nm0561755,tt0055928
nm0867401,tt0056049
nm0122168,tt0056111
nm0457204,tt0056135
nm0945522,tt0056135
nm0297788,tt0056144
nm0814773,tt0056210
nm0538931,tt0056291
nm0867391,tt0056444
nm0582195,tt0056663
nm0052703,tt0056667
nm0157139,tt0056714
nm0605710,tt0056714
nm0683831,tt0056732
nm0062593,tt0056732
nm0001128,tt0056736
nm0016646,tt0056801
nm0220997,tt0057058
nm0230734,tt0057058
nm0496866,tt0057076
nm0948772,tt0057590
nm0532290,tt0057590
nm0047962,tt0057632
nm0671774,tt0057643
nm0690592,tt0057643
nm0906723,tt0057710
nm0901542,tt0058022
nm0000761,tt0058124
nm0027683,tt0058124
nm0002075,tt0058142
nm0878240,tt0058142
nm0559521,tt0058279
nm0457557,tt0058349
nm0171701,tt0058604
nm0099366,tt0058604
nm0591948,tt0058604
nm0242290,tt0058625
nm0443229,tt0058652
nm0406599,tt0058858
nm0865561,tt0058858
nm0434593,tt0058888
nm0238377,tt0058985
nm0245344,tt0059063
nm0913796,tt0059159
nm0594682,tt0059346
nm0244904,tt0059417
nm0949030,tt0059554
nm0620083,tt0059554
nm2974725,tt0059581
nm0002087,tt0059592
nm1019836,tt0059616
nm0386285,tt0059715
nm0408022,tt0059715
nm0793732,tt0059715
nm0326663,tt0059884
nm0462667,tt0059884
nm0620206,tt0060082
nm1351639,tt0060138
nm0921881,tt0060223
nm0473523,tt0060263
nm0333141,tt0060263
nm0176039,tt0060305
nm0043554,tt0060574
nm0762942,tt0060586
nm2572489,tt0060635
nm0333014,tt0060675
nm0423381,tt0060675
nm0387071,tt0060740
nm0575905,tt0060770
nm0579954,tt0060770
nm0954509,tt0060802
nm0954108,tt0161292
nm0284809,tt0163324
nm1153208,tt0163324
nm0370567,tt0164347
nm0766491,tt0164983
nm0848407,tt0164983
nm0643861,tt0165078
nm0619821,tt0165078
nm0673749,tt0165926
nm0001800,tt0169606
nm2148260,tt0255438
nm0164978,tt0255438
nm3529569,tt0257954
nm0442886,tt0259248
nm0849011,tt0259248
nm0262401,tt0261118
nm0183060,tt0262432
nm0559836,tt0265197
nm0004990,tt0405861
nm0001334,tt0405861
nm0199006,tt0411270
nm0491259,tt0411270
nm1705568,tt0411270
nm0204709,tt0977638
nm0008346,tt1087578
nm5124496,tt1337051
nm2015658,tt14039582
nm0643898,tt1446089
nm14379068,tt14641542
nm13633905,tt19623228
nm14643702,tt19652910
nm12613164,tt29893103
nm0008467,tt5507860
nm0787641,tt6903636
nm0441375,tt0054122
nm0527787,tt0054130
nm0078211,tt0054130
nm0386265,tt0054143
nm0847301,tt0054144
nm0619938,tt0054144
nm5309717,tt0054151
nm0138405,tt0057344
nm0001884,tt0057358
nm0461727,tt0057358
nm0619227,tt0057363
nm0486631,tt0057374
nm0147891,tt0057374
nm0359302,tt0057494
nm0202135,tt0057503
nm0434593,tt0057565
nm0454087,tt0057565
nm0001321,tt0057578
nm0192235,tt0057578
nm0548434,tt0057578
nm0594682,tt0060464
nm0442740,tt0060486
nm0803637,tt0060529
nm0762248,tt0060545
nm0758066,tt0060545
nm0865575,tt0060545
nm0464897,tt0060560
nm0837360,tt0060560
nm0264692,tt0038853
nm0445523,tt0038854
nm0007042,tt0038924
nm0686035,tt0039417
nm0870285,tt0039423
nm0079473,tt0039631
nm0561857,tt0039631
nm0628579,tt0039677
nm0111672,tt0039677
nm0724732,tt0040098
nm0643353,tt0040155
nm0645041,tt0040330
nm0001088,tt0040416
nm0752211,tt0040418
nm1150202,tt0040505
nm0120631,tt0040559
nm0323560,tt0040917
nm0784279,tt0040979
nm0849011,tt0040980
nm0837503,tt0041154
nm0409869,tt0041497
nm0212869,tt0041497
nm0247342,tt0041735
nm0052203,tt0041886
nm0826503,tt0041998
nm0027851,tt0041998
nm0051765,tt0042056
nm0768031,tt0042056
nm0894329,tt0072826
nm0002131,tt0072962
nm0834519,tt0073107
nm0435201,tt0073152
nm0284900,tt0073246
nm0759242,tt0073363
nm0740644,tt0073373
nm0083714,tt0073467
nm0849703,tt0073502
nm1387773,tt0073654
nm1372790,tt0073948
nm0407010,tt0074220
nm0377750,tt0074851
nm0450145,tt0074883
nm0077673,tt0074883
nm0037279,tt0074901
nm0382676,tt0074901
nm0000393,tt0074901
nm0000885,tt0074901
nm0390326,tt0075098
nm0005549,tt0075367
nm0687450,tt0075404
nm0024350,tt0075654
nm0510245,tt0075675
nm0919924,tt0075744
nm0058496,tt0095310
nm0107496,tt0095310
nm0450640,tt0095403
nm0309178,tt0095417
nm0704646,tt0095417
nm0689194,tt0096841
nm0703364,tt0097106
nm0483723,tt0097106
nm0000334,tt0097202
nm0874067,tt0098112
nm0850680,tt0143088
nm4501511,tt0143348
nm0910912,tt0144020
nm6628354,tt0150980
nm2521898,tt0151789
nm0094067,tt0154420
nm1677531,tt0462757
nm12593544,tt0462757
nm2493819,tt0781599
nm16417798,tt13648224
nm4515915,tt1376717
nm1153046,tt2017464
nm9391980,tt20205236
nm0002142,tt20212786
nm2616254,tt28618488
nm9622170,tt29271889
nm8206307,tt5795752
nm10598828,tt9617512
nm0006348,tt0050188
nm0604098,tt0050193
nm0297843,tt0050251
nm0867391,tt0050330
nm0586725,tt0050585
nm0296996,tt0050706
nm0770730,tt0050782
nm0001884,tt0050976
nm0090772,tt0051390
nm0398250,tt0051418
nm0945253,tt0051512
nm0226584,tt0051542
nm0620131,tt0051584
nm0000009,tt0051879
nm0789742,tt0051879
nm0248326,tt0051879
nm0851071,tt0051955
nm0440380,tt0051955
nm0236180,tt0052374
nm0157953,tt0052540
nm0343520,tt0052556
nm0358866,tt0052556
nm0847361,tt0052579
nm0617741,tt0052708
nm0853565,tt0052805
nm0000581,tt0087322
nm0780688,tt0087414
nm0038374,tt0087571
nm0797816,tt0087763
nm0141246,tt0087884
nm12387250,tt0087900
nm0440746,tt0087900
nm0001765,tt0087995
nm0952685,tt0087995
nm11811198,tt0088196
nm0001128,tt0088315
nm0000272,tt0088315
nm0042104,tt0088318
nm0106204,tt0088322
nm0000275,tt0088680
nm0001334,tt0088680
nm0000622,tt0089343
nm0490497,tt0089371
nm0159201,tt0089374
nm0644523,tt0089603
nm0635712,tt0089838
nm0408886,tt0090037
nm0907858,tt0090297
nm0790423,tt0090766
nm0439647,tt0090955
nm0854367,tt0091251
nm0628756,tt0091293
nm0000322,tt0091480
nm0044642,tt0091869
nm0592443,tt0091892
nm0672269,tt0091892
nm0913822,tt0092048
nm0466304,tt0092149
nm0786891,tt0092219
nm0862569,tt0092238
nm0849311,tt0092252
nm0088831,tt0092258
nm0862479,tt0092263
nm0458064,tt0092603
nm0434024,tt0092905
nm1473696,tt0092963
nm4197925,tt0093238
nm0514922,tt0093422
nm0943088,tt0093426
nm0719914,tt0093505
nm0480942,tt0093505
nm0689810,tt0093599
nm0637434,tt0093599
nm0720549,tt0093733
nm0656608,tt0093733
nm0000693,tt0093870
nm5817473,tt0093944
nm0037723,tt0094011
nm0592005,tt0094048
nm0768005,tt0094100
nm0665402,tt0094314
nm0223474,tt0094314
nm0002000,tt0094357
nm0790925,tt0094357
nm0000706,tt0094375
nm0094948,tt0094596
nm0656998,tt0094675
nm0745923,tt0094709
nm0000598,tt0094933
nm1020066,tt0236576
nm0254065,tt0240419
nm0530007,tt0240419
nm0151740,tt0244316
nm0514403,tt0247380
nm0874676,tt0338564
nm0514403,tt0345128
nm1621287,tt0456149
nm0000368,tt0460829
nm0868379,tt0839739
nm2399143,tt0847817
nm1675549,tt1020773
nm2797606,tt1093842
nm2904057,tt1157605
nm0097140,tt12786834
nm9576946,tt12786834
nm14755967,tt14550346
nm4391980,tt1847731
nm0155607,tt2560102
nm10321795,tt28349668
nm10588371,tt33381401
nm0439170,tt3763790
nm6959026,tt4214450
nm7582320,tt4935446
nm0160823,tt0093258
nm0061306,tt0093267
nm1433026,tt0093284
nm0504899,tt0093304
nm0352914,tt0042229
nm1483518,tt0042436
nm0252244,tt0042466
nm0132224,tt0042665
nm0243894,tt0042692
nm0298889,tt0042692
nm0221527,tt0042700
nm0105462,tt0042783
nm0793766,tt0042876
nm0325939,tt0042898
nm0004625,tt0042906
nm0793766,tt0042958
nm0001739,tt0042980
nm0534280,tt0043140
nm0148825,tt0043386
nm0015176,tt0043699
nm0631553,tt0043801
nm0220397,tt0043927
nm0540311,tt0044060
nm0000790,tt0044121
nm0783116,tt0044121
nm0383261,tt0044163
nm0263052,tt0044355
nm0816527,tt0044487
nm0404021,tt0044602
nm0540311,tt0044811
nm0251063,tt0044837
nm0201638,tt0045034
nm0202405,tt0045034
nm0559642,tt0045112
nm0001536,tt0045112
nm0945544,tt0045112
nm0536009,tt0045274
nm0881540,tt0045802
nm0872300,tt0045848
nm0213581,tt0046022
nm0595105,tt0046127
nm0085007,tt0046345
nm0383261,tt0046438
nm0361697,tt0046438
nm0490404,tt0046447
nm0630123,tt0046447
nm0188133,tt0046449
nm0847302,tt0046468
nm0847408,tt0046468
nm0004244,tt0046487
nm0664339,tt0046487
nm0738300,tt0046487
nm0872689,tt0046521
nm0595105,tt0046750
nm0590940,tt0046851
nm0654712,tt0046851
nm0935389,tt0047167
nm0896065,tt0047287
nm0848796,tt0047300
nm0000006,tt0047336
nm0776407,tt0047336
nm0927254,tt0047336
nm0215098,tt0047336
nm0944779,tt0047444
nm0359296,tt0047445
nm0603682,tt0047579
nm0763072,tt0047832
nm0768032,tt0048127
nm0347541,tt0048308
nm0886870,tt0048393
nm0216886,tt0048394
nm0848796,tt0048429
nm0051846,tt0048473
nm0397024,tt0048527
nm0596384,tt0048757
nm0000910,tt0048801
nm0906723,tt0048933
nm0015176,tt0048933
nm4539303,tt0049087
nm0544786,tt0049177
nm0561142,tt0049182
nm0561189,tt0049182
nm0849011,tt0049537
nm0712731,tt0049552
nm0001417,tt0049552
nm0156928,tt0049710
nm0644282,tt0049902
nm1336552,tt0118818
nm0206753,tt0118845
nm0714310,tt0119174
nm0375990,tt0119629
nm0015636,tt0119629
nm1563652,tt0119755
nm0079846,tt0119809
nm0520006,tt0119844
nm0385846,tt0120101
nm0605174,tt0120255
nm0265229,tt0120263
nm0639282,tt0120263
nm0904220,tt0120263
nm0433678,tt0120263
nm0645612,tt0120372
nm0613983,tt0120372
nm0579201,tt0120674
nm0546478,tt0122111
nm0148393,tt0122770
nm0467631,tt0122770
nm0794555,tt0173240
nm0408585,tt0174707
nm0209516,tt0176049
nm0869043,tt0176049
nm0009769,tt0216386
nm1114167,tt0217853
nm0000209,tt0218817
nm13298016,tt0221719
nm0837361,tt0226737
nm0881540,tt0226737
nm0034836,tt0227858
nm0611315,tt0312886
nm2226995,tt0312886
nm0451831,tt0318069
nm0840285,tt0318346
nm0150952,tt0415380
nm0041226,tt0415380
nm0959984,tt0415906
nm0432380,tt0415978
nm0922668,tt0415978
nm0837476,tt0417214
nm12040766,tt0424359
nm0746085,tt0993789
nm0412096,tt1032846
nm2308578,tt1032846
nm11857579,tt10995602
nm0110835,tt11233002
nm0154848,tt11233002
nm1034172,tt12564514
nm1493163,tt1570989
nm2227000,tt1700844
nm16631207,tt30320605
nm2344050,tt32828123
nm0744019,tt4621016
nm0538931,tt5278832
nm0037130,tt0060879
nm0425443,tt0060920
nm0619938,tt0061065
nm2517533,tt0061101
nm0850190,tt0061132
nm0767567,tt0061162
nm0000366,tt0061395
nm0054334,tt0061495
nm0885098,tt0061613
nm1148366,tt0061613
nm0927094,tt0061620
nm0780918,tt0061781
nm0803672,tt0061834
nm0649033,tt0061882
nm1441891,tt0062042
nm0523609,tt0062113
nm0219875,tt0062136
nm0404298,tt0062262
nm0297800,tt0062411
nm0868692,tt0062492
nm0297805,tt0062518
nm0221831,tt0062663
nm0657848,tt0062893
nm0000761,tt0062981
nm0027683,tt0062981
nm0085038,tt0062981
nm0839244,tt0062981
nm0346510,tt0063268
nm0420568,tt0063527
nm1784671,tt0063555
nm0869601,tt0063598
nm0579954,tt0063633
nm0047872,tt0063646
nm0074303,tt0063646
nm1450580,tt0063646
nm0814994,tt0063651
nm0001396,tt0063665
nm0702928,tt0063665
nm0001128,tt0063715
nm0001884,tt0063759
nm0389409,tt0063791
nm0387218,tt0063791
nm0793766,tt0063835
nm0229520,tt0063876
nm0699659,tt0083789
nm0950345,tt0084042
nm1000999,tt0084042
nm4318170,tt0084248
nm0020312,tt0084269
nm0603402,tt0084565
nm0771365,tt0084565
nm0231319,tt0084628
nm0776711,tt0084654
nm0671515,tt0084654
nm0093081,tt0084740
nm0031958,tt0084740
nm0167467,tt0084740
nm0000029,tt0084786
nm0109175,tt0084867
nm1173710,tt0085180
nm0572430,tt0085267
nm0849916,tt0085533
nm0000267,tt0085891
nm0879764,tt0085933
nm0486496,tt0086087
nm0131317,tt0086245
nm0605429,tt0086551
nm3140382,tt0086631
nm0637160,tt0086650
nm0000313,tt0086859
nm0179976,tt0086859
nm0000945,tt0086889
nm0513041,tt0086889
nm0545810,tt0086979
nm0950345,tt0110545
nm0375990,tt0110545
nm0015636,tt0110545
nm0892574,tt0110882
nm0593865,tt0110882
nm0148081,tt0111495
nm0944072,tt0111681
nm0694075,tt0111681
nm0450185,tt0111845
nm0004906,tt0112364
nm0681566,tt0112654
nm0305488,tt0112654
nm0000302,tt0112769
nm0734001,tt0112769
nm0109365,tt0112769
nm0001200,tt0112817
nm0856708,tt0112887
nm0233812,tt0113273
nm0000454,tt0115632
nm0494078,tt0115822
nm0204706,tt0116041
nm0451376,tt0116650
nm0632928,tt0116650
nm0151755,tt0116962
nm0650495,tt0117394
nm0505159,tt0118644
nm0659029,tt0118694
nm0465499,tt0118694
nm0687914,tt0269461
nm0100353,tt0274117
nm0000454,tt1008017
nm5356128,tt10767168
nm10895155,tt10767168
nm3335498,tt4714782
nm0913796,tt0063169
nm0880002,tt0063198
nm0457551,tt0063206
nm1027682,tt0015864
nm0614515,tt0016395
nm0385152,tt0064482
nm0107055,tt0064536
nm0379258,tt0064536
nm0498911,tt0064674
nm0680512,tt0064689
nm0375167,tt0064793
nm0093829,tt0064843
nm0611858,tt0065036
nm0350196,tt0065234
nm0903137,tt0065391
nm0849358,tt0065649
nm0529543,tt0065651
nm0320988,tt0066065
nm0190595,tt0066207
nm3738220,tt0066466
nm0092008,tt0066498
nm0906723,tt0066603
nm0477785,tt0066773
nm5512853,tt0067148
nm0433267,tt0067439
nm0447571,tt0067580
nm0266792,tt0067649
nm0448563,tt0067755
nm0768788,tt0067810
nm0227647,tt0067810
nm0804506,tt0068205
nm0273178,tt0068207
nm0880849,tt0068371
nm0781291,tt0068379
nm0562206,tt0068815
nm0357297,tt0068815
nm0559607,tt0068816
nm0645011,tt0068816
nm0394588,tt0069086
nm0028674,tt0069198
nm0813463,tt0069293
nm0055835,tt0069293
nm0745467,tt0069687
nm2317304,tt0069996
nm0035593,tt0069996
nm0893770,tt0070007
nm0273178,tt0070040
nm1039086,tt0070122
nm0925154,tt0070155
nm0026414,tt0070155
nm0502156,tt0070544
nm0452288,tt0070698
nm1501542,tt0070698
nm0874535,tt0070832
nm0598971,tt0070959
nm0759395,tt0070959
nm0959923,tt0070959
nm1792049,tt0071219
nm0312267,tt0071219
nm0164341,tt0071219
nm0587173,tt0071282
nm0817748,tt0071282
nm11704431,tt0071384
nm10802260,tt0071384
nm10802259,tt0071384
nm1176339,tt0071384
nm6210356,tt0071411
nm0835476,tt0071458
nm0576954,tt0071544
nm0529645,tt0071587
nm1178506,tt0071587
nm0086443,tt0071733
nm0517218,tt0071833
nm14886112,tt0071859
nm0006573,tt0071910
nm0025131,tt0071910
nm0760198,tt0072030
nm0209368,tt0072030
nm0220908,tt0072053
nm0245974,tt0072053
nm0047323,tt0072195
nm0738089,tt0135024
nm0726886,tt0136099
nm0623752,tt0138355
nm0808180,tt0139641
nm0585323,tt0139641
nm0395020,tt0190590
nm0186166,tt0191053
nm5249489,tt0191066
nm13253603,tt0194523
nm0849423,tt0274686
nm1445953,tt0274686
nm0149942,tt0280380
nm1975623,tt0284034
nm0490489,tt0374339
nm0753526,tt0379217
nm0726527,tt0379217
nm3571432,tt0379269
nm0298576,tt0385202
nm1194748,tt0869977
nm0998342,tt1189367
nm0376720,tt1322903
nm6329378,tt1701976
nm0091080,tt18317064
nm0577019,tt1985144
nm0633271,tt1985144
nm0001473,tt26442871
nm16328411,tt26448954
nm0414683,tt30810787
nm0171499,tt32086004
nm0178318,tt4843040
nm0806819,tt0064546
nm0720952,tt0064609
nm0499534,tt0064609
nm0110023,tt0064609
nm0030495,tt0064609
nm0004462,tt0064612
nm0463098,tt0064612
nm0712237,tt0064612
nm0651807,tt0064620
nm0042489,tt0064625
nm0000897,tt0030888
nm0761320,tt0031270
nm0166234,tt0031334
nm0336579,tt0031334
nm0223005,tt0031514
nm0890887,tt0031544
nm0104930,tt0031575
nm0100565,tt0031593
nm0048653,tt0031650
nm0001948,tt0031742
nm0253619,tt0031885
nm0869765,tt0031885
nm0223168,tt0032179
nm0566948,tt0032484
nm0070361,tt0032484
nm0161862,tt0032484
nm0000122,tt0032553
nm0002104,tt0032553
nm0306786,tt0032553
nm0493347,tt0032728
nm0002270,tt0033152
nm0935565,tt0033152
nm0073590,tt0033858
nm0371135,tt0034240
nm0754955,tt0034298
nm1737557,tt0034587
nm0385443,tt0034591
nm0130407,tt0034928
nm0294382,tt0035017
nm0525283,tt0035039
nm0088396,tt0035039
nm0725897,tt0035446
nm0001916,tt0035521
nm0864921,tt0035567
nm0849586,tt0035567
nm0213581,tt0035737
nm0180115,tt0035737
nm0740696,tt0035753
nm0484303,tt0035753
nm0604094,tt0035823
nm0581416,tt0036695
nm0339512,tt0036910
nm0147785,tt0036914
nm1156002,tt0036947
nm0090043,tt0037367
nm0136983,tt0037558
nm0397284,tt0037638
nm0477767,tt0038268
nm0000039,tt0038289
nm0651506,tt0038810
nm0269423,tt0038824
nm0619953,tt0123948
nm0370717,tt0125659
nm0290023,tt0126654
nm0575198,tt0126908
nm0847110,tt0127310
nm0562917,tt0130218
nm2114334,tt0130218
nm0350884,tt0131335
nm0154536,tt0131335
nm0527099,tt0133122
nm0034836,tt0134749
nm0031832,tt0134756
nm0619098,tt0134771
nm0644856,tt0199905
nm0592756,tt0199905
nm0326556,tt0200071
nm0386179,tt0200768
nm0867391,tt0200768
nm0793567,tt0200769
nm0586733,tt0202153
nm0652740,tt0202153
nm0847645,tt0202154
nm0441351,tt0202604
nm0768031,tt0203040
nm0411697,tt0203751
nm0784119,tt0203797
nm1163128,tt0204716
nm0462042,tt0204716
nm0938893,tt0369060
nm0962197,tt0373175
nm0000147,tt0373450
nm0411417,tt0426900
nm0968570,tt0765469
nm0000115,tt1095217
nm3721683,tt1403047
nm1029367,tt14407336
nm17512990,tt14851374
nm0247237,tt1837636
nm3816402,tt2219894
nm9369826,tt35022825
nm0931329,tt4468634
nm0657090,tt5222918
nm11328839,tt9658178
nm0398300,tt0006614
nm0001067,tt0012349
nm0917912,tt0012364
nm0358653,tt0013075
nm0205192,tt0013201
nm0159770,tt0013257
nm0851724,tt0106696
nm0001152,tt0107152
nm0210218,tt0107165
nm8110448,tt0107736
nm0939153,tt0108074
nm0067118,tt0108366
nm0000365,tt0108394
nm0642239,tt0108554
nm0001025,tt0108554
nm0553793,tt0109020
nm0178615,tt0109085
nm0814324,tt0109424
nm3337045,tt0109586
nm16047053,tt0109586
nm1065704,tt0109586
nm0644897,tt0109655
nm0151822,tt0109655
nm0263890,tt0109655
nm0628874,tt0109685
nm0350589,tt0109702
nm0883602,tt0109843
nm0309558,tt0110057
nm0150674,tt0154767
nm0348739,tt0155667
nm0350445,tt0157122
nm0000662,tt0211941
nm0000469,tt0212772
nm0045467,tt0212772
nm1235696,tt0328802
nm0261967,tt0330536
nm0284588,tt0984130
nm1055413,tt0986233
nm2595487,tt0990404
nm1988636,tt1508675
nm9863633,tt16022080
nm4588116,tt2035630
nm17635845,tt38060097
nm1164862,tt8943224
nm4583383,tt8943224
nm0738976,tt0018051
nm0408151,tt0018054
nm0678762,tt0018362
nm0864403,tt0018523
nm0021357,tt0018523
nm0498919,tt0018826
nm0000036,tt0019421
nm0126410,tt0019421
nm0385443,tt0019796
nm0775361,tt0020163
nm0028114,tt0020814
nm0645438,tt0021406
nm0008108,tt0021409
nm0831889,tt0021890
nm0442886,tt0022048
nm0076432,tt0022080
nm0643997,tt0022100
nm0849011,tt0022105
nm0745600,tt0022125
nm0682769,tt0022150
nm0706926,tt0022877
nm0146235,tt0022941
nm0861500,tt0022941
nm0275310,tt0023241
nm0950811,tt0023261
nm0594709,tt0023450
nm0732079,tt0023985
nm0594062,tt0024120
nm0179690,tt0024480
nm0099783,tt0024710
nm0517058,tt0024757
nm0407329,tt0024793
nm0546621,tt0024844
nm0001195,tt0024962
nm0694403,tt0025094
nm0524915,tt0025094
nm0215415,tt0025100
nm0412637,tt0025214
nm0753479,tt0025214
nm0052203,tt0025452
nm0683345,tt0025452
nm0612359,tt0025456
nm0031832,tt0025929
nm0384962,tt0026406
nm0442664,tt0027164
nm0320761,tt0027214
nm0346533,tt0075860
nm0346852,tt0075983
nm0615905,tt0076085
nm0219342,tt0076155
nm0148149,tt0076221
nm0104753,tt0076240
nm0601452,tt0076263
nm0000328,tt0076299
nm14097795,tt0077383
nm3064984,tt0077740
nm0052329,tt0077775
nm0802373,tt0077775
nm0028497,tt0077964
nm0560962,tt0078021
nm0144045,tt0078152
nm0000869,tt0078259
nm0000347,tt0078259
nm0000980,tt0078259
nm0077921,tt0078771
nm0856918,tt0078875
nm0192490,tt0079010
nm0800143,tt0079010
nm0865757,tt0079041
nm0880187,tt0079095
nm0006737,tt0079095
nm0644523,tt0079182
nm0000329,tt0079315
nm0559607,tt0079317
nm0025546,tt0079472
nm0000554,tt0079596
nm0344188,tt0079596
nm0278201,tt0079672
nm0025445,tt0079854
nm0293981,tt0079944
nm0493271,tt0080009
nm0219259,tt0080125
nm0000986,tt0080310
nm0393853,tt0080408
nm0723827,tt0080610
nm0482580,tt0080827
nm0048468,tt0080889
nm0293550,tt0081070
nm0230812,tt0081070
nm0148471,tt0081076
nm0136993,tt0081204
nm0111031,tt0081291
nm0001167,tt0081633
nm0247995,tt0081686
nm0216168,tt0081686
nm0719765,tt0082053
nm0339621,tt0082053
nm0599603,tt0082093
nm0001376,tt0082206
nm0547339,tt0082206
nm0545383,tt0082206
nm0064650,tt0082206
nm0883569,tt0082259
nm0476194,tt0082313
nm0871501,tt0082934
nm1063557,tt0083539
nm0031890,tt0186725
nm0072319,tt0188388
nm0733958,tt0188388
nm0208540,tt0189330
nm2206429,tt0189330
nm0432425,tt0292066
nm0762942,tt0360839
nm2434010,tt1714210
nm4914976,tt2258281
nm4915334,tt2258281
nm0849944,tt2258281
nm5249199,tt2291230
nm0691316,tt2358891
nm0021047,tt33253824
nm7968633,tt5258306
nm0000353,tt6850578
nm0578080,tt6850578
nm8977064,tt6850578
nm0476673,tt0027307
nm0431212,tt0027336
nm0494670,tt0027336
nm0880861,tt0027672
nm0353762,tt0027796
nm0003424,tt0027977
nm0822034,tt0027985
nm0357111,tt0027985
nm0884882,tt0028165
nm0117423,tt0028167
nm10242788,tt0028201
nm0217876,tt0028201
nm0796662,tt0028212
nm0102916,tt0028358
nm0829838,tt0028358
nm0219666,tt0028668
nm0930336,tt0028827
nm0496819,tt0029081
nm0869393,tt0029081
nm0888479,tt0029087
nm0857658,tt0029201
nm0419982,tt0029365
nm0919545,tt0029365
nm0217876,tt0029394
nm0951532,tt0029394
nm0317771,tt0029453
nm0476673,tt0029557
nm0002897,tt0029603
nm0572808,tt0029603
nm0132682,tt0029952
nm0000059,tt0030063
nm0670231,tt0030063
nm0753062,tt0030066
nm0084956,tt0030066
nm0846451,tt0030082
nm0841061,tt0030337
nm1866030,tt0030523
nm0161515,tt0099040
nm0001642,tt0099286
nm0363705,tt0099286
nm0216187,tt0099334
nm0484929,tt0100107
nm0872632,tt0100107
nm0166221,tt0100142
nm0904933,tt0100223
nm0126569,tt0100223
nm0957831,tt0100234
nm0069266,tt0100536
nm0647494,tt0100536
nm0000353,tt0100935
nm0161193,tt0101020
nm0000721,tt0101026
nm0000104,tt0101026
nm0704719,tt0101026
nm0244884,tt0101279
nm0681566,tt0101428
nm0736655,tt0101428
nm0718939,tt0101428
nm0000458,tt0101458
nm0681566,tt0101819
nm0461940,tt0101985
nm0239345,tt0102141
nm0543894,tt0102458
nm0314566,tt0102497
nm0266170,tt0102536
nm0001609,tt0102536
nm0066480,tt0102685
nm0320451,tt0102687
nm0628734,tt0103044
nm13422026,tt0103070
nm0950722,tt0103295
nm0700587,tt0103793
nm0720932,tt0104008
nm0554830,tt0104029
nm0206365,tt0104057
nm0393842,tt0104057
nm15076423,tt0104373
nm0228030,tt0104373
nm0745377,tt0104374
nm0563329,tt0104545
nm0590440,tt0104658
nm0938893,tt0104684
nm0482572,tt0104684
nm0241290,tt0104808
nm0297860,tt0105060
nm0000706,tt0105619
nm0910935,tt0105655
nm7722940,tt0105888
nm0441375,tt0106651
nm0383093,tt0106651
nm0891406,tt0296809
nm2128019,tt0296881
nm1179036,tt0304678
nm1179157,tt0304678
nm10708749,tt10365870
nm0879971,tt1248984
nm12741353,tt14906708
nm12764084,tt15555264
nm0038960,tt1935157
nm2436809,tt2276069
nm11788961,tt27590147
nm4472370,tt28608358
nm0084497,tt3091286
nm4721746,tt3091286
nm0123221,tt3581384
nm0816143,tt3581384
nm6364063,tt3581384
nm0193363,tt3581384
nm10396583,tt9595506
nm0355610,tt0056845
nm0201561,tt0056845
nm0603402,tt0056846
nm0244849,tt0056846
nm0664885,tt0056854
nm0433627,tt0056854
nm0088396,tt0056945
nm0141123,tt0056945
nm0673749,tt0056945
nm0463590,tt0057215
nm0853392,tt0057215
nm0832558,tt0057237
nm0559548,tt0057238
nm0020999,tt0057261
nm0633997,tt0058409
nm0894636,tt0058450
nm0309761,tt0053168
nm0688674,tt0053270
nm0262014,tt0053459
nm0781029,tt0053472
nm0586352,tt0053579
nm0900143,tt0053619
nm0187444,tt0053643
nm6817171,tt0053892
nm0433081,tt0054156
nm0500530,tt0054156
nm0632425,tt0054189
nm0048523,tt0054269
nm0744395,tt0054269
nm0147204,tt0054269
nm0678744,tt0054269
nm0442955,tt0054286
nm0849062,tt0054286
nm0605663,tt0054286
nm0099429,tt0054389
nm0449191,tt0054407
nm0582854,tt0054407
nm0060661,tt0054494
nm0162948,tt0054599
nm0176364,tt0054599
nm0001526,tt0054614
nm0949030,tt0054709
nm0714660,tt0054763
nm3057356,tt0054861
nm4206587,tt0054861
nm0703071,tt0054940
nm0603402,tt0055032
nm0921459,tt0055032
nm0836977,tt0055032
nm0361697,tt0055052
nm0462013,tt0055052
nm0199029,tt0055052
nm0728938,tt0055082
nm0868356,tt0055310
nm0154110,tt0055508
nm0051832,tt0055508
nm5574054,tt0055508
nm0603402,tt0055572
nm0749568,tt0055858
nm0320377,tt0055858
nm0134846,tt0055981
nm0755401,tt0056003
nm0644574,tt0056003
nm0712173,tt0056111
nm0619938,tt0056135
nm0594348,tt0056135
nm0765783,tt0056327
nm0443232,tt0056443
nm0948939,tt0056444
nm0816457,tt0056512
nm0790167,tt0056512
nm4209331,tt0056514
nm0168940,tt0056636
nm0708048,tt0056732
nm0109265,tt0056736
nm0740735,tt0056736
nm0538166,tt0056736
nm0045967,tt0057590
nm0258602,tt0057643
nm0620131,tt0057710
nm0441526,tt0057714
nm0052491,tt0057715
nm0441547,tt0057715
nm0031832,tt0057829
nm0411733,tt0057829
nm0747030,tt0057935
nm12134650,tt0057960
nm1296438,tt0058006
nm0467578,tt0058022
nm0443811,tt0058142
nm0496866,tt0058150
nm0700112,tt0058335
nm0385711,tt0058557
nm0195525,tt0058564
nm0302615,tt0058604
nm0386179,tt0058652
nm0811992,tt0058715
nm0084909,tt0058780
nm0196992,tt0058780
nm0251177,tt0058888
nm16812346,tt0058946
nm0048017,tt0059063
nm0869601,tt0059159
nm0514059,tt0059160
nm0639044,tt0059177
nm0702191,tt0059177
nm0011244,tt0059205
nm0685609,tt0059229
nm0410982,tt0059303
nm0847361,tt0059346
nm0846102,tt0059346
nm0154155,tt0059348
nm0315882,tt0059417
nm0747030,tt0059417
nm0051851,tt0059417
nm0059636,tt0059459
nm0160046,tt0059459
nm0551392,tt0059581
nm13400534,tt0059817
nm0019902,tt0059934
nm9882685,tt0059942
nm0427627,tt0060231
nm0000366,tt0060263
nm0619938,tt0060277
nm0078155,tt0060304
nm0639058,tt0060305
nm0848560,tt0060440
nm0620206,tt0060440
nm0226310,tt0060574
nm0134866,tt0060635
nm0453074,tt0060770
nm0111003,tt0060802
nm0091035,tt0161292
nm0574929,tt0163324
nm0454087,tt0164347
nm0654712,tt0165339
nm0591800,tt0165798
nm0692466,tt0165798
nm1273999,tt0165926
nm0023832,tt0167925
nm0361135,tt0167925
nm0723865,tt0167925
nm0588640,tt0171685
nm16484348,tt0255274
nm0919321,tt0255274
nm14554554,tt0255438
nm3530228,tt0257954
nm1308054,tt0261118
nm1588157,tt0406280
nm0622406,tt0407929
nm0847350,tt0407929
nm0169398,tt0411270
nm2284624,tt1087578
nm0889513,tt1129435
nm0087511,tt1336002
nm1271832,tt1337051
nm0442709,tt1446089
nm14379069,tt14641542
nm16882855,tt14781332
nm3740761,tt1558972
nm0762490,tt19623228
nm10588371,tt19623228
nm9988111,tt24121692
nm1812717,tt24121692
nm0080337,tt0054073
nm0080362,tt0054073
nm0412615,tt0054107
nm0468699,tt0054122
nm0603402,tt0054130
nm5917491,tt0054143
nm6368672,tt0054143
nm1420439,tt0054151
nm0897808,tt0057344
nm0882712,tt0057374
nm0216867,tt0057427
nm0045363,tt0057468
nm1655093,tt0057494
nm0875918,tt0057495
nm0914673,tt0057578
nm0847361,tt0060464
nm0249735,tt0060529
nm0948714,tt0038854
nm0051813,tt0039074
nm0407401,tt0039091
nm1172718,tt0039091
nm6717340,tt0039406
nm0473237,tt0039417
nm0462679,tt0039423
nm1169109,tt0039423
nm0930776,tt0039485
nm0171887,tt0039485
nm0734467,tt0039631
nm0745192,tt0040330
nm0532277,tt0040416
nm0082616,tt0040418
nm0885251,tt0040497
nm0849011,tt0040505
nm0157058,tt0040522
nm0137716,tt0040559
nm0909727,tt0040662
nm0594244,tt0040782
nm0336931,tt0041460
nm0010580,tt0041460
nm0619218,tt0041713
nm0370144,tt0041886
nm0128994,tt0041886
nm0899887,tt0041931
nm0819374,tt0041931
nm0652987,tt0042056
nm1688927,tt0042059
nm0242574,tt0072417
nm0793766,tt0072439
nm0644791,tt0072443
nm0198072,tt0072709
nm0063643,tt0073076
nm0471080,tt0073152
nm0080936,tt0073198
nm0890845,tt0073219
nm0146613,tt0073219
nm0714019,tt0073246
nm0704624,tt0073424
nm2477699,tt0073467
nm2476996,tt0073467
nm0786598,tt0073502
nm0885175,tt0073540
nm2175233,tt0073841
nm0629197,tt0073915
nm0477558,tt0073948
nm0297686,tt0074102
nm0813589,tt0074168
nm1000788,tt0074168
nm0154012,tt0074190
nm0279926,tt0074486
nm0314960,tt0074515
nm0078155,tt0074916
nm0802352,tt0075098
nm0518579,tt0075165
nm0318838,tt0075654
nm3123740,tt0075654
nm0697527,tt0095302
nm0971063,tt0095403
nm0120494,tt0095583
nm0465531,tt0095597
nm0873005,tt0096336
nm0000778,tt0096409
nm0504973,tt0096461
nm0482630,tt0096461
nm0440746,tt0096841
nm0065084,tt0097052
nm0868894,tt0097099
nm0947153,tt0097202
nm0154122,tt0097409
nm5394064,tt0097603
nm0722072,tt0097843
nm0755811,tt0097843
nm0756651,tt0097884
nm0573158,tt0098368
nm0463514,tt0143348
nm0766277,tt0143428
nm0393287,tt0144020
nm0071024,tt0144589
nm0347589,tt0150430
nm0945604,tt0154683
nm0742953,tt0249241
nm0926799,tt0249241
nm0127102,tt0249241
nm0361757,tt0308827
nm0383679,tt0308827
nm0482963,tt0311913
nm6312200,tt0391483
nm1951231,tt0464105
nm1953752,tt0464105
nm0566570,tt0468526
nm0702541,tt1173745
nm5101362,tt1196121
nm4515896,tt1376717
nm6796859,tt1376717
nm0794207,tt2017464
nm0031832,tt2017464
nm14359584,tt20205236
nm15832958,tt27502227
nm2801412,tt28618488
nm16503173,tt28618488
nm0152061,tt29271889
nm8658823,tt29271889
nm0494886,tt3690366
nm10493330,tt9617512
nm0619690,tt0050188
nm0896060,tt0050193
nm0594062,tt0050330
nm0860471,tt0050393
nm0755401,tt0050421
nm3962906,tt0050458
nm0322895,tt0050585
nm0846187,tt0050613
nm0126720,tt0050706
nm0855722,tt0050782
nm0454247,tt0050986
nm0851520,tt0051093
nm0823943,tt0051378
nm0086116,tt0051404
nm0227804,tt0051404
nm0665727,tt0051418
nm0619997,tt0051704
nm0206617,tt0051706
nm0409866,tt0051713
nm0065888,tt0051739
nm0383689,tt0051808
nm0645011,tt0051828
nm0001954,tt0051879
nm0594055,tt0051980
nm0044010,tt0051994
nm0847698,tt0052016
nm0001884,tt0052017
nm0477552,tt0052374
nm0383026,tt0052414
nm0913796,tt0052540
nm0846616,tt0052572
nm0414038,tt0052587
nm0602093,tt0052587
nm0538783,tt0052600
nm0386066,tt0052654
nm0871020,tt0052654
nm0837360,tt0052957
nm0753479,tt0052966
nm0407401,tt0052966
nm6757325,tt0052981
nm0083424,tt0052997
nm0410968,tt0053114
nm0008384,tt0053114
nm0408343,tt0053121
nm0001195,tt0087322
nm0000980,tt0087414
nm0864798,tt0087571
nm5569028,tt0087571
nm0522702,tt0087789
nm0711113,tt0087789
nm0862432,tt0087821
nm0000176,tt0087884
nm0794593,tt0087900
nm0794555,tt0087900
nm0714871,tt0088184
nm0254249,tt0088275
nm0433333,tt0088315
nm0001507,tt0088680
nm0536036,tt0088992
nm0001997,tt0089015
nm0685140,tt0089424
nm6047008,tt0089507
nm0598017,tt0089537
nm0649851,tt0089603
nm0455688,tt0089606
nm0084477,tt0089746
nm0461904,tt0089866
nm0933727,tt0089902
nm0137585,tt0089902
nm0282251,tt0090252
nm2056489,tt0090271
nm0705240,tt0090271
nm0194662,tt0090563
nm0558976,tt0090563
nm0023568,tt0090766
nm0159813,tt0090766
nm1067072,tt0090766
nm0695189,tt0090955
nm0237066,tt0090967
nm0636669,tt0091288
nm0001364,tt0091538
nm0729691,tt0091830
nm0379683,tt0091830
nm0432363,tt0091830
nm0470372,tt0091859
nm0001749,tt0091867
nm0761420,tt0091869
nm0036120,tt0091869
nm0040545,tt0091892
nm0144413,tt0091892
nm0441351,tt0091946
nm0644948,tt0091946
nm0794008,tt0091946
nm0282127,tt0091971
nm0155380,tt0091971
nm0631741,tt0092149
nm0481785,tt0092149
nm0129751,tt0092238
nm0653450,tt0092258
nm0284608,tt0092263
nm0793008,tt0092263
nm0007123,tt0092557
nm2625185,tt0093006
nm0382047,tt0093029
nm0420822,tt0093029
nm0832834,tt0093238
nm0000564,tt0093389
nm0793666,tt0093502
nm0634159,tt0093505
nm0154319,tt0093505
nm0740179,tt0093599
nm0882570,tt0093668
nm0953568,tt0093733
nm0669292,tt0093843
nm0156579,tt0093944
nm0100034,tt0094011
nm0724784,tt0094048
nm0001482,tt0094048
nm0837406,tt0094048
nm0620018,tt0094100
nm0500443,tt0094248
nm0217062,tt0094314
nm0104807,tt0094336
nm0954943,tt0094596
nm0157255,tt0094596
nm0068843,tt0094596
nm0377779,tt0094596
nm0656999,tt0094675
nm0837361,tt0094858
nm1239865,tt0094858
nm0011803,tt0094868
nm1018077,tt0236576
nm1019946,tt0236576
nm0063128,tt0240419
nm0451376,tt0243255
nm0325141,tt0243255
nm0398764,tt0244316
nm0510849,tt0244316
nm0889513,tt0247380
nm0155618,tt0338564
nm0889513,tt0345128
nm1171700,tt0456149
nm0991671,tt1093842
nm5555534,tt16294920
nm13276751,tt16951384
nm4391640,tt1847731
nm1036287,tt2190196
nm0059395,tt2190196
nm4924622,tt2190367
nm5171778,tt2560102
nm0463130,tt2764784
nm1918783,tt27656132
nm1455058,tt3763790
nm0002173,tt4935446
nm4159635,tt4935446
nm0990310,tt5375040
nm11092509,tt5375040
nm5698254,tt9455468
nm0510094,tt0093267
nm0238968,tt0093284
nm0366321,tt0042369
nm0456724,tt0042369
nm0387071,tt0042466
nm2503068,tt0042477
nm0849011,tt0042762
nm0879945,tt0042762
nm0915409,tt0042783
nm0001536,tt0042876
nm0807791,tt0042898
nm0906932,tt0042906
nm0001536,tt0042958
nm0872454,tt0042980
nm0137808,tt0043048
nm0786465,tt0043115
nm0702186,tt0043115
nm0043398,tt0043159
nm0586733,tt0043159
nm0837360,tt0043313
nm0797531,tt0043386
nm0069196,tt0043386
nm0205815,tt0043386
nm0556399,tt0043511
nm0670930,tt0043511
nm0763072,tt0043532
nm0377613,tt0043567
nm0359248,tt0043587
nm0867391,tt0043587
nm0000303,tt0043601
nm0573793,tt0043601
nm0605270,tt0043614
nm0755401,tt0043699
nm0879945,tt0043801
nm0054632,tt0043972
nm0284564,tt0044072
nm0945222,tt0044163
nm0790096,tt0044429
nm0763072,tt0044495
nm0156928,tt0044741
nm0085038,tt0044811
nm0370781,tt0044837
nm0945836,tt0044982
nm0645402,tt0044986
nm0594542,tt0044986
nm0496185,tt0045034
nm0235835,tt0045251
nm0069951,tt0045251
nm0061472,tt0045274
nm0907541,tt0045361
nm0252244,tt0045848
nm3055213,tt0045997
nm0302540,tt0046022
nm0603916,tt0046268
nm0027851,tt0046345
nm0623443,tt0046447
nm0289983,tt0046447
nm0763072,tt0046449
nm0033171,tt0046468
nm0814773,tt0046521
nm0749333,tt0046521
nm0889024,tt0046911
nm0026563,tt0047094
nm0196992,tt0047167
nm0085007,tt0047167
nm0594337,tt0047281
nm0022633,tt0047287
nm0001536,tt0047444
nm0386284,tt0047444
nm0266949,tt0047469
nm0945522,tt0047682
nm1082465,tt0047682
nm0162242,tt0047832
nm1596082,tt0047930
nm0699604,tt0048272
nm10659320,tt0048499
nm0276779,tt0048500
nm0648802,tt0048579
nm0662002,tt0048673
nm0001651,tt0048801
nm0586733,tt0049012
nm0619821,tt0049012
nm4852221,tt0049087
nm0432007,tt0049189
nm0893329,tt0049189
nm0645422,tt0049537
nm0094036,tt0049552
nm0441961,tt0049710
nm0709154,tt0049761
nm0566680,tt0049856
nm0340470,tt0049902
nm0875896,tt0118818
nm0822550,tt0118818
nm2034297,tt0119174
nm0711326,tt0119375
nm0934097,tt0119755
nm0001166,tt0119809
nm0000775,tt0119809
nm0854094,tt0119844
nm1244973,tt0120101
nm0352601,tt0120101
nm0052113,tt0120255
nm0564805,tt0120255
nm0149237,tt0120448
nm1288467,tt0121444
nm0223384,tt0122111
nm0435297,tt0122136
nm0932204,tt0122371
nm0434140,tt0122770
nm0699812,tt0173279
nm0903762,tt0173279
nm0441526,tt0174707
nm0585637,tt0174708
nm0620026,tt0174708
nm0556051,tt0178868
nm0675751,tt0216386
nm0167467,tt0216605
nm0081547,tt0216625
nm11318111,tt0221719
nm13256188,tt0221719
nm0645011,tt0226737
nm1307104,tt0318025
nm2218569,tt0318069
nm12025582,tt0318346
nm1977060,tt0319836
nm1222269,tt0322824
nm0794054,tt0415906
nm0253476,tt0415978
nm0805656,tt0415978
nm0753479,tt0417214
nm0762966,tt0417214
nm1172718,tt0417214
nm0001800,tt0422720
nm1708055,tt0423176
nm5014864,tt0424359
nm0087511,tt0424359
nm11966263,tt0424359
nm0639928,tt0963178
nm1693019,tt1032846
nm2655853,tt1241325
nm7638929,tt15399286
nm1918140,tt15399286
nm1852529,tt1570989
nm1089991,tt1700844
nm0425490,tt1700844
nm3381950,tt2268732
nm12858491,tt28419037
nm0512523,tt4621016
nm0000244,tt4621016
nm3703797,tt5278832
nm0074822,tt6725014
nm0465486,tt0060959
nm0613520,tt0061065
nm0465350,tt0061084
nm0632967,tt0061101
nm0017920,tt0061196
nm0631963,tt0061196
nm0264554,tt0061395
nm0077533,tt0061495
nm0000942,tt0061658
nm0716883,tt0061781
nm0638784,tt0061834
nm0477772,tt0061847
nm0030432,tt0061882
nm0590906,tt0061882
nm0441961,tt0061971
nm0697750,tt0061996
nm0766225,tt0062009
nm0412504,tt0062042
nm0948876,tt0062042
nm0007023,tt0062113
nm0562841,tt0062113
nm0892997,tt0062113
nm0219332,tt0062136
nm0529592,tt0062285
nm0230480,tt0062322
nm11858751,tt0062322
nm1517600,tt0062322
nm0947627,tt0062455
nm0094083,tt0062456
nm0822337,tt0062456
nm0078155,tt0062480
nm0267130,tt0062492
nm0175654,tt0062492
nm0323855,tt0062663
nm0077533,tt0062663
nm0415283,tt0062695
nm0674742,tt0062873
nm0237134,tt0062952
nm0257810,tt0062981
nm0059602,tt0063268
nm0892430,tt0063278
nm0180959,tt0063291
nm0429899,tt0063291
nm0957352,tt0063342
nm0386100,tt0063350
nm0097907,tt0063371
nm0882898,tt0063527
nm0913796,tt0063598
nm0880521,tt0063611
nm0299827,tt0063611
nm0547440,tt0063646
nm0783897,tt0063651
nm0038378,tt0063834
nm0482351,tt0083859
nm0001862,tt0083869
nm0387555,tt0083869
nm0000089,tt0083869
nm0082599,tt0083922
nm1001079,tt0084042
nm0587401,tt0084116
nm0031415,tt0084116
nm0427977,tt0084269
nm7678282,tt0084269
nm7678283,tt0084269
nm0689810,tt0084388
nm0637434,tt0084388
nm0662132,tt0084488
nm0238138,tt0084488
nm0816538,tt0084488
nm0278625,tt0084488
nm0255573,tt0084538
nm0116040,tt0084565
nm0184434,tt0084628
nm0857150,tt0084654
nm0375176,tt0084698
nm0136571,tt0084740
nm0576327,tt0084740
nm13395887,tt0084807
nm0001376,tt0084829
nm0487466,tt0085180
nm0766392,tt0085267
nm0614584,tt0085267
nm0393222,tt0085276
nm0510955,tt0085533
nm0945188,tt0085864
nm1071685,tt0085864
nm0150921,tt0085864
nm0000344,tt0085891
nm0882870,tt0085891
nm0004490,tt0086087
nm0948664,tt0086265
nm0249489,tt0086265
nm0843355,tt0086265
nm0051817,tt0086265
nm0843772,tt0086961
nm0916073,tt0086961
nm0315288,tt0086979
nm0890049,tt0087188
nm0341737,tt0110598
nm0216658,tt0110882
nm0472416,tt0110882
nm0952498,tt0111507
nm0893247,tt0112364
nm0000733,tt0112654
nm0000448,tt0112817
nm0441588,tt0112887
nm0681203,tt0113145
nm0182349,tt0113145
nm0258242,tt0113273
nm0156739,tt0114305
nm0144875,tt0114794
nm0050210,tt0115928
nm0001714,tt0116041
nm0914930,tt0116261
nm0001291,tt0116643
nm0269735,tt0116650
nm0671326,tt0116752
nm0461940,tt0116962
nm0000437,tt0117318
nm0721209,tt0117394
nm0877587,tt0118125
nm0908285,tt0118125
nm0243110,tt0118125
nm0782891,tt0118147
nm1847040,tt0269104
nm2356516,tt0273874
nm17345712,tt0274069
nm9916376,tt0348529
nm0050744,tt0398883
nm0768689,tt0398883
nm10428193,tt10767168
nm2971968,tt1909796
nm0531722,tt22098228
nm2221724,tt27729122
nm0509264,tt4714782
nm0337246,tt4714782
nm0241487,tt6423776
nm0357307,tt0063173
nm0617527,tt0014109
nm0368439,tt0014109
nm2244452,tt0014417
nm0835128,tt0014429
nm0172560,tt0014429
nm0397907,tt0014611
nm0428753,tt0014611
nm0701012,tt0014624
nm0294058,tt0014624
nm0048798,tt0014624
nm0737074,tt0015634
nm0364291,tt0015841
nm0451221,tt0015873
nm0525187,tt0015873
nm0096128,tt0016630
nm0946941,tt0064373
nm0410935,tt0064373
nm0959916,tt0064390
nm0557540,tt0064390
nm0151793,tt0064451
nm0077381,tt0064482
nm0125380,tt0064482
nm0354727,tt0064482
nm0343031,tt0064536
nm0007877,tt0064674
nm0788170,tt0064689
nm0460254,tt0064781
nm0051495,tt0064816
nm0620164,tt0064975
nm0674742,tt0065234
nm0085006,tt0065261
nm0774678,tt0065391
nm0508925,tt0065600
nm0479209,tt0065651
nm0241038,tt0065651
nm0087729,tt0065651
nm0147061,tt0065808
nm0671515,tt0065808
nm0815561,tt0065913
nm0544786,tt0066207
nm0696163,tt0066207
nm0194713,tt0066498
nm0609635,tt0066498
nm0890459,tt0066498
nm0441526,tt0066602
nm0015426,tt0066602
nm0033136,tt0066603
nm0464587,tt0066639
nm0687546,tt0066773
nm0054292,tt0066773
nm0126478,tt0066826
nm0840569,tt0067148
nm0001069,tt0067185
nm0150619,tt0067439
nm0116121,tt0067439
nm0344255,tt0067454
nm0148678,tt0067464
nm0277070,tt0067464
nm0209536,tt0067641
nm0412615,tt0067755
nm0003909,tt0067778
nm0935425,tt0067778
nm0142575,tt0067959
nm0858011,tt0067961
nm0958088,tt0068205
nm0147561,tt0068205
nm0264859,tt0068278
nm0109042,tt0068379
nm0476213,tt0068650
nm0357297,tt0068817
nm0594702,tt0068817
nm0898376,tt0069198
nm0008531,tt0069214
nm0862026,tt0069467
nm0605786,tt0069467
nm0901057,tt0069687
nm0140649,tt0069990
nm0319834,tt0070040
nm0944902,tt0070528
nm0379587,tt0070544
nm0278073,tt0070698
nm0411265,tt0070809
nm13862095,tt0070820
nm13546364,tt0070884
nm0916616,tt0070959
nm0031337,tt0071129
nm0567560,tt0071219
nm0440682,tt0071219
nm0644680,tt0071381
nm0428975,tt0071571
nm0340380,tt0071587
nm0412615,tt0071609
nm0411148,tt0071695
nm0273251,tt0072030
nm0848768,tt0135031
nm0649851,tt0135031
nm0420588,tt0135163
nm0036467,tt0136099
nm5249470,tt0191066
nm0466279,tt0192194
nm7113090,tt0278782
nm0452102,tt0281534
nm0689507,tt0284034
nm0998480,tt0285728
nm0002365,tt0285728
nm1017646,tt0285728
nm0721469,tt0381392
nm1295721,tt0869977
nm1728895,tt0869977
nm2498025,tt1322903
nm1678066,tt1701976
nm4374524,tt19841734
nm3464684,tt26442871
nm14543939,tt26448981
nm0067476,tt26448981
nm6903642,tt26448981
nm0595869,tt26452090
nm0001393,tt32086004
nm16205714,tt32086004
nm13990641,tt32086077
nm0778016,tt0064588
nm0480680,tt0064591
nm0264554,tt0064612
nm0529571,tt0064612
nm8792687,tt0064625
nm0593775,tt0030888
nm0000006,tt0031270
nm0350764,tt0031514
nm0063038,tt0031593
nm0288990,tt0031831
nm0847851,tt0031885
nm0350789,tt0031885
nm0136853,tt0031885
nm0891998,tt0031968
nm0686883,tt0031971
nm0576083,tt0031971
nm0001991,tt0032145
nm0206478,tt0032484
nm0249893,tt0032599
nm0803561,tt0032655
nm0935389,tt0032655
nm0783527,tt0033152
nm0001072,tt0033858
nm0550701,tt0033858
nm0928295,tt0034272
nm0294382,tt0034478
nm0350764,tt0034478
nm0757104,tt0034591
nm0001366,tt0034734
nm0191745,tt0034734
nm0210116,tt0034734
nm0578129,tt0035039
nm0000031,tt0035567
nm0496185,tt0035753
nm0299353,tt0035753
nm0663257,tt0035823
nm0130829,tt0036135
nm0865372,tt0036400
nm0467566,tt0036400
nm0813247,tt0036566
nm0001889,tt0036695
nm0726585,tt0036695
nm0043875,tt0036910
nm0593930,tt0036977
nm3882781,tt0037227
nm0590055,tt0037367
nm0499315,tt0037367
nm0959923,tt0037630
nm0114386,tt0037800
nm0138791,tt0037800
nm0491406,tt0037800
nm0118210,tt0037824
nm0516994,tt0038250
nm0514250,tt0038250
nm1159212,tt0038268
nm0662116,tt0038390
nm0933314,tt0038480
nm0252421,tt0038675
nm0368041,tt0123334
nm0652592,tt0123948
nm0440839,tt0126661
nm0307809,tt0131335
nm0619403,tt0133089
nm0441574,tt0134749
nm0165900,tt0196528
nm0120625,tt0197569
nm0848993,tt0199905
nm0216169,tt0200071
nm0234238,tt0200071
nm0406737,tt0200769
nm0327104,tt0200769
nm0879729,tt0200769
nm0441547,tt0202154
nm0412615,tt0202434
nm0394693,tt0202434
nm0398513,tt0202434
nm0441410,tt0202604
nm13403156,tt0202928
nm5392286,tt0202928
nm0442730,tt0203605
nm0632823,tt0203608
nm0407030,tt0203612
nm0765823,tt0203612
nm0438047,tt0203612
nm0621191,tt0203612
nm0619938,tt0203751
nm0297675,tt0203751
nm0945849,tt0204716
nm6801567,tt0207050
nm0129145,tt0207050
nm1344310,tt0207050
nm0581793,tt0207145
nm0291285,tt0207645
nm0001025,tt0427550
nm1014571,tt0765469
nm0042623,tt0765469
nm0034147,tt0765469
nm0944702,tt1095217
nm0004999,tt1095217
nm2244205,tt14407336
nm2178881,tt1837636
nm0000256,tt1837636
nm1359744,tt2219894
nm3201754,tt2219894
nm7398514,tt28490044
nm15305030,tt28801705
nm9198182,tt4466490
nm0101777,tt4468634
nm11328840,tt9658178
nm4510428,tt9658178
nm0667816,tt0006614
nm0014363,tt0008879
nm0263395,tt0011870
nm0080930,tt0012349
nm0391474,tt0012364
nm0562805,tt0013075
nm0159725,tt0013257
nm0000675,tt0106918
nm0408284,tt0107152
nm0068622,tt0107152
nm0341055,tt0107152
nm0896267,tt0107165
nm0724992,tt0107259
nm0521051,tt0107260
nm0001971,tt0107653
nm0867392,tt0107736
nm0001041,tt0108074
nm0490500,tt0108074
nm0562029,tt0108366
nm0000547,tt0108554
nm0316702,tt0108554
nm0699625,tt0109020
nm0437580,tt0109424
nm0001631,tt0109759
nm0884780,tt0109843
nm0018091,tt0154767
nm0473005,tt0155028
nm0370621,tt0155278
nm0793089,tt0155278
nm0718348,tt0156587
nm0410987,tt0160440
nm0756870,tt0160535
nm0129538,tt0210075
nm0373156,tt0211941
nm0389901,tt0212772
nm1234049,tt0329429
nm0853041,tt0808526
nm1717222,tt0809407
nm2992307,tt0929425
nm4609643,tt1181614
nm4655666,tt1287878
nm5695785,tt2035630
nm13279801,tt38060097
nm0480963,tt7266800
nm3166756,tt8943224
nm0447909,tt0018362
nm0566480,tt0018362
nm0060715,tt0018826
nm0029301,tt0018826
nm0776914,tt0019254
nm0922068,tt0019421
nm0757104,tt0019796
nm0909228,tt0020572
nm1653344,tt0020980
nm0221849,tt0021739
nm0601596,tt0021890
nm0217612,tt0022125
nm0179690,tt0022150
nm0645438,tt0022485
nm0594365,tt0022485
nm0830019,tt0022578
nm0037625,tt0022787
nm0558936,tt0022877
nm0537070,tt0022941
nm0750975,tt0022941
nm0861034,tt0023180
nm0052203,tt0023238
nm0041457,tt0023345
nm0756870,tt0023634
nm0948989,tt0023634
nm0773525,tt0023649
nm0255968,tt0023985
nm0002270,tt0023985
nm0407329,tt0024214
nm0726777,tt0024710
nm0003420,tt0024757
nm0042872,tt0024844
nm0738139,tt0025062
nm0560056,tt0025094
nm0898155,tt0025100
nm0409312,tt0025338
nm0643084,tt0025452
nm0454603,tt0025456
nm0228245,tt0025456
nm0226818,tt0025456
nm0643353,tt0025681
nm0727210,tt0025748
nm0856102,tt0025748
nm0849011,tt0026549
nm0754955,tt0026549
nm0166536,tt0026564
nm0198194,tt0026737
nm0000006,tt0026737
nm0571904,tt0026966
nm0645352,tt0027118
nm0576083,tt0027214
nm0479742,tt0027296
nm0102854,tt0075933
nm0078158,tt0075933
nm0393385,tt0075938
nm0346299,tt0076085
nm0361757,tt0076124
nm0357307,tt0076124
nm0765850,tt0076162
nm0639782,tt0076240
nm0183629,tt0076240
nm0102856,tt0076263
nm0706286,tt0076855
nm0111266,tt0077138
nm0292374,tt0077138
nm11864267,tt0077309
nm0224406,tt0077309
nm14097796,tt0077383
nm0463002,tt0077598
nm1335115,tt0077655
nm0894494,tt0077740
nm0351133,tt0078021
nm0724732,tt0078480
nm0001201,tt0078481
nm0836136,tt0078763
nm0529543,tt0078771
nm0646037,tt0078875
nm0002231,tt0079010
nm0778016,tt0079095
nm0867401,tt0079182
nm0790925,tt0079315
nm0005033,tt0079472
nm0060862,tt0080009
nm0745528,tt0080408
nm0000367,tt0080610
nm0432005,tt0080623
nm3112266,tt0080623
nm0384908,tt0080678
nm0005033,tt0080827
nm0000367,tt0081076
nm0742971,tt0081076
nm0490734,tt0081176
nm0002769,tt0081182
nm0048244,tt0081441
nm0001526,tt0081455
nm0000882,tt0081686
nm0738789,tt0082053
nm0231319,tt0082053
nm0265091,tt0082053
nm0042191,tt0082176
nm0634159,tt0082206
nm0034697,tt0082259
nm0381182,tt0082259
nm0689763,tt0082599
nm0375865,tt0082599
nm0246816,tt0082599
nm0297258,tt0082671
nm0251977,tt0082783
nm1721089,tt0181517
nm1020466,tt0185456
nm2897990,tt0186508
nm0441526,tt0186725
nm0297835,tt0186725
nm0476210,tt0360839
nm0442955,tt0366668
nm3665787,tt1714210
nm3935285,tt1714210
nm0710520,tt2358891
nm2292317,tt26315142
nm0795517,tt29002950
nm1645275,tt29002950
nm3474714,tt36456563
nm9370003,tt4420704
nm10220245,tt4420704
nm10220246,tt4420704
nm0444919,tt5778628
nm11698933,tt5778628
nm6691309,tt5786872
nm8198283,tt5786872
nm8198287,tt5786872
nm0241052,tt0027478
nm0317617,tt0027635
nm0189618,tt0028112
nm0420011,tt0028167
nm0557339,tt0028358
nm0840330,tt0028667
nm0166974,tt0028668
nm0485354,tt0028827
nm0058132,tt0029002
nm0011310,tt0029081
nm0872454,tt0029087
nm0360567,tt0029087
nm0742438,tt0029322
nm0362361,tt0029394
nm0197950,tt0029394
nm0300388,tt0029453
nm0074470,tt0029453
nm0762966,tt0029557
nm0407329,tt0029557
nm0549385,tt0029811
nm0193633,tt0029811
nm0009372,tt0029850
nm0387561,tt0029952
nm0136853,tt0029957
nm0350789,tt0029957
nm0083257,tt0029982
nm0754942,tt0030082
nm0909436,tt0030337
nm0516994,tt0030341
nm0705509,tt0030341
nm5094898,tt0030522
nm0073596,tt0030523
nm0900115,tt0030642
nm0829838,tt0030675
nm0514250,tt0030675
nm0482175,tt0098725
nm2648269,tt0098972
nm0000545,tt0099292
nm0950722,tt0099426
nm0950896,tt0099881
nm0001653,tt0100024
nm0271540,tt0100536
nm0156522,tt0100973
nm0375959,tt0101273
nm0154167,tt0101279
nm0593306,tt0101458
nm0151755,tt0101985
nm0944594,tt0101985
nm0908685,tt0102048
nm0076292,tt0102141
nm0012881,tt0102456
nm0000213,tt0102536
nm0778804,tt0102536
nm9681401,tt0102594
nm9681399,tt0102594
nm0156484,tt0102932
nm13422063,tt0103070
nm0053246,tt0103190
nm0935190,tt0103793
nm0618057,tt0103793
nm0477698,tt0103793
nm0370071,tt0103882
nm0427538,tt0104057
nm0228028,tt0104373
nm0305473,tt0104658
nm0151068,tt0104684
nm16971334,tt0104775
nm0080966,tt0105114
nm0001777,tt0105151
nm0490614,tt0105655
nm0482580,tt0105655
nm0001208,tt0105665
nm0001287,tt0105665
nm2809136,tt0105821
nm5080976,tt0105821
nm0270904,tt0293153
nm0210218,tt0296809
nm0271514,tt0296881
nm2026080,tt0478000
nm3107581,tt0478000
nm3107825,tt0478000
nm0410347,tt1084950
nm0807332,tt1084950
nm10514772,tt15555264
nm0461985,tt1935157
nm0645426,tt1935157
nm13238591,tt27590147
nm7502230,tt28608358
nm2531646,tt3091286
nm0416524,tt3544082
nm0018723,tt3544082
nm0320091,tt3581384
nm0336128,tt3581384
nm0350531,tt3581384
nm7316148,tt4082068
nm0223540,tt4082068
nm0250551,tt0056844
nm0000901,tt0056845
nm0028903,tt0056845
nm0116067,tt0056854
nm0734796,tt0056854
nm0546539,tt0057207
nm0074547,tt0057237
nm4745820,tt0057237
nm0476210,tt0057238
nm0463590,tt0057295
nm0794425,tt0058409
nm0766225,tt0058430
nm0233753,tt0058458
nm0308041,tt0058458
nm0479818,tt0058458
nm0755401,tt0053134
nm0793618,tt0053134
nm0206026,tt0053146
nm0211830,tt0053146
nm0338126,tt0053168
nm0701798,tt0053168
nm0529543,tt0053198
nm0213948,tt0053198
nm0047872,tt0053242
nm0105482,tt0053459
nm0645422,tt0053579
nm0476675,tt0053579
nm0620206,tt0053579
nm0011627,tt0053619
nm0691555,tt0053772
nm0410781,tt0053976
nm0320760,tt0054248
nm0594702,tt0054325
nm0183671,tt0054377
nm0753716,tt0054389
nm0632757,tt0054460
nm0828609,tt0054614
nm0959149,tt0054665
nm0805711,tt0054665
nm0050913,tt0054745
nm0492262,tt0054803
nm0357272,tt0054845
nm0082069,tt0054940
nm1537862,tt0054940
nm0605662,tt0055052
nm0620850,tt0055052
nm0342272,tt0055082
nm0264211,tt0055082
nm0584879,tt0055093
nm0606168,tt0055233
nm0867391,tt0055269
nm0849062,tt0055269
nm9822849,tt0055320
nm0626352,tt0055597
nm0704719,tt0055601
nm0506242,tt0055830
nm0095886,tt0055830
nm0100171,tt0055852
nm0499361,tt0055858
nm0147931,tt0055858
nm0849062,tt0056049
nm0619938,tt0056058
nm0958284,tt0056111
nm0441317,tt0056210
nm0307909,tt0056215
nm0162948,tt0056215
nm0837534,tt0056327
nm0409960,tt0056443
nm0036181,tt0056514
nm0510058,tt0056514
nm1148757,tt0056562
nm0756788,tt0056667
nm0945380,tt0056714
nm0106055,tt0056732
nm0000125,tt0057076
nm0759465,tt0057171
nm0447499,tt0057590
nm0015957,tt0057611
nm0412615,tt0057632
nm0410756,tt0057643
nm1033299,tt0057697
nm0945836,tt0057710
nm0454077,tt0057714
nm0611536,tt0057935
nm0603179,tt0057960
nm0223698,tt0057960
nm0039336,tt0058001
nm0719764,tt0058003
nm0234286,tt0058006
nm0684619,tt0058006
nm0463783,tt0058022
nm0001655,tt0058142
nm0189618,tt0058142
nm0365600,tt0058182
nm0769070,tt0058335
nm0606300,tt0058335
nm0794205,tt0058349
nm0816457,tt0058533
nm0906686,tt0058544
nm0822535,tt0058557
nm0000277,tt0058557
nm0939991,tt0058604
nm0946216,tt0058625
nm0463590,tt0058698
nm0853392,tt0058698
nm0664666,tt0058715
nm0603091,tt0058715
nm0851071,tt0058858
nm0624372,tt0058888
nm5572154,tt0059063
nm0556399,tt0059229
nm0473530,tt0059346
nm0875237,tt0059346
nm0636959,tt0059415
nm0958904,tt0059527
nm0000901,tt0059592
nm0393385,tt0059616
nm0073958,tt0059619
nm0580732,tt0059653
nm0845867,tt0059884
nm0323098,tt0059909
nm5657929,tt0059919
nm0476435,tt0060082
nm0342458,tt0060107
nm0623350,tt0060107
nm0306529,tt0060223
nm1213869,tt0060231
nm0847118,tt0060586
nm0848406,tt0060586
nm0271806,tt0060635
nm0529543,tt0060675
nm0012734,tt0060675
nm0015957,tt0060740
nm0315907,tt0060742
nm0228027,tt0060758
nm0884044,tt0060802
nm0882898,tt0060802
nm0472654,tt0060802
nm0512502,tt0060827
nm0412615,tt0164707
nm0559698,tt0164707
nm0951043,tt0165078
nm0949056,tt0165078
nm0868110,tt0165798
nm0895308,tt0165798
nm14790967,tt0165926
nm14790968,tt0165926
nm0556850,tt0169606
nm0540625,tt0169606
nm0572489,tt0171685
nm14554561,tt0255438
nm16437938,tt0255441
nm0505676,tt0258013
nm0875366,tt0259248
nm1200398,tt0259255
nm0193579,tt0261739
nm0745852,tt0262432
nm0244151,tt0411270
nm0222922,tt0411270
nm0452817,tt1087578
nm1058007,tt1337051
nm0412096,tt1337051
nm1929776,tt14039582
nm0614046,tt14781332
nm16882857,tt14781332
nm4470450,tt1558972
nm10818014,tt19652910
nm4709456,tt24121692
nm14318989,tt24121692
nm4672277,tt4288356
nm1092564,tt5507860
nm3043279,tt6910282
nm0611525,tt0054073
nm0000052,tt0054130
nm0179112,tt0054130
nm0442733,tt0054151
nm0786891,tt0057336
nm0001128,tt0057344
nm0527398,tt0057357
nm0516027,tt0057468
nm0108117,tt0057468
nm0722440,tt0057495
nm0755403,tt0057565
nm0086780,tt0057578
nm0865561,tt0060464
nm0406599,tt0060464
nm0194166,tt0060543
nm0716577,tt0038853
nm0598971,tt0038853
nm0116515,tt0038890
nm0585170,tt0038890
nm0664821,tt0038890
nm0297843,tt0039090
nm0652987,tt0039091
nm0754942,tt0039192
nm0001284,tt0039195
nm0544798,tt0039406
nm1846480,tt0039417
nm0407329,tt0039651
nm0753479,tt0039651
nm0000051,tt0039677
nm0281766,tt0039689
nm0755483,tt0039822
nm0294882,tt0039834
nm0000046,tt0040098
nm0517919,tt0040098
nm0752813,tt0040155
nm0847698,tt0040413
nm0619218,tt0040413
nm0460874,tt0040416
nm0930732,tt0040416
nm0252416,tt0040418
nm0004244,tt0040497
nm0536009,tt0040522
nm0024154,tt0040559
nm0003318,tt0040636
nm0407401,tt0040782
nm0732877,tt0040917
nm0875426,tt0040980
nm0594381,tt0041154
nm0875208,tt0041154
nm0050163,tt0041460
nm0352914,tt0041497
nm0361697,tt0041713
nm0383261,tt0041713
nm0001284,tt0041886
nm1195819,tt0041931
nm0849011,tt0042059
nm0879945,tt0042059
nm0755401,tt0042059
nm0144019,tt0072417
nm0441526,tt0072439
nm0487022,tt0072826
nm0000080,tt0072962
nm0952870,tt0072976
nm0868379,tt0073076
nm0957193,tt0073152
nm0107914,tt0073219
nm0207863,tt0073363
nm3030496,tt0073363
nm0515764,tt0073540
nm0935190,tt0073858
nm0071502,tt0073858
nm0065572,tt0073858
nm0474063,tt0073858
nm1370501,tt0073915
nm0625037,tt0074190
nm0584680,tt0074220
nm0804955,tt0074220
nm0935089,tt0074220
nm0430535,tt0074486
nm0681056,tt0074486
nm0163748,tt0074851
nm0723169,tt0074851
nm0156654,tt0074868
nm0577073,tt0074901
nm0416805,tt0075098
nm0934196,tt0075098
nm3122408,tt0075654
nm0002087,tt0075675
nm0821139,tt0075744
nm0876603,tt0095403
nm0158605,tt0095403
nm0953168,tt0095468
nm0246192,tt0095468
nm0425278,tt0096257
nm0131974,tt0096294
nm0086924,tt0096336
nm0843775,tt0096409
nm0559144,tt0096409
nm0563039,tt0097052
nm0020658,tt0097052
nm0795344,tt0097531
nm11740743,tt0097603
nm0671231,tt0097728
nm0904901,tt0097728
nm0452102,tt0097843
nm0697452,tt0097884
nm0619185,tt0097940
nm0497046,tt0097940
nm0437384,tt0098112
nm0784661,tt0098532
nm0519500,tt0143088
nm0519238,tt0144020
nm0624383,tt0144589
nm1319257,tt0150980
nm0014227,tt0150980
nm0179680,tt0151568
nm0404232,tt0151568
nm12326639,tt0151789
nm0824785,tt0154420
nm0321692,tt0154420
nm0369918,tt0154506
nm0477570,tt0249241
nm0466345,tt0249241
nm0945414,tt0253967
nm0406723,tt0253967
nm0264303,tt0308827
nm1564943,tt0391483
nm12593547,tt0462757
nm1953394,tt0464105
nm0738020,tt0781599
nm0158491,tt0781599
nm16417799,tt13648224
nm4515891,tt1376717
nm0113508,tt20212786
nm1152508,tt27502250
nm10493256,tt9617512
nm10493258,tt9617512
nm0000951,tt0050307
nm0412748,tt0050585
nm0416228,tt0050598
nm0462679,tt0050613
nm0631710,tt0050634
nm0746279,tt0050782
nm0252345,tt0050976
nm0803705,tt0050986
nm0252299,tt0051365
nm0015687,tt0051390
nm0451100,tt0051390
nm0620241,tt0051584
nm0473984,tt0051720
nm0060610,tt0051792
nm0297741,tt0051808
nm0473984,tt0051828
nm0846998,tt0051828
nm0847197,tt0051980
nm0603336,tt0051994
nm0847094,tt0052016
nm0430746,tt0052017
nm0803561,tt0052017
nm0012358,tt0052017
nm0194193,tt0052080
nm0685365,tt0052216
nm0805711,tt0052374
nm0149845,tt0052572
nm0594542,tt0052579
nm0285264,tt0052587
nm0881708,tt0052600
nm0086116,tt0052708
nm0000804,tt0052708
nm0083910,tt0052708
nm0860471,tt0052805
nm0514263,tt0052893
nm0069059,tt0052961
nm6203476,tt0052966
nm0810550,tt0053106
nm0033171,tt0053114
nm0619938,tt0053115
nm0747049,tt0087328
nm0164633,tt0087414
nm0942871,tt0087763
nm0001765,tt0087884
nm0674498,tt0088184
nm0947524,tt0088275
nm0898376,tt0088322
nm8541050,tt0088383
nm0001162,tt0088680
nm0453304,tt0089343
nm0867242,tt0089374
nm0138268,tt0089606
nm4685296,tt0089742
nm0945734,tt0089746
nm0155371,tt0089866
nm0926723,tt0089902
nm0267931,tt0089902
nm0325667,tt0090251
nm0001424,tt0090252
nm0148930,tt0090271
nm0701423,tt0090271
nm0001304,tt0090297
nm0159291,tt0090922
nm0504897,tt0090922
nm0430746,tt0090955
nm0892736,tt0091251
nm0490505,tt0091293
nm0012734,tt0091461
nm0390458,tt0091480
nm0362175,tt0091538
nm0113865,tt0091538
nm0377131,tt0091867
nm0228160,tt0091892
nm0879957,tt0091946
nm0156822,tt0091960
nm0014148,tt0091960
nm0609832,tt0091960
nm0252578,tt0091960
nm0671231,tt0092149
nm5491503,tt0092252
nm0517407,tt0092264
nm9611155,tt0092264
nm0039596,tt0092557
nm0474649,tt0092603
nm0440341,tt0092905
nm8234730,tt0092905
nm0741388,tt0093006
nm0000149,tt0093029
nm0397503,tt0093029
nm0482580,tt0093422
nm4739701,tt0093422
nm0222752,tt0093431
nm0490576,tt0093435
nm0110507,tt0093505
nm0349759,tt0093668
nm0770147,tt0093668
nm0001143,tt0093843
nm0936403,tt0093870
nm0514904,tt0093944
nm0001536,tt0094100
nm0089695,tt0094248
nm0425904,tt0094336
nm0663227,tt0094596
nm0836681,tt0094596
nm0897170,tt0094675
nm0097817,tt0094868
nm0426113,tt0094933
nm0332647,tt0243255
nm1058922,tt0243255
nm0504897,tt0338564
nm0155211,tt0338564
nm1284845,tt0338564
nm1287504,tt0338564
nm2378723,tt0460480
nm0376265,tt0460829
nm0005562,tt0838221
nm14457158,tt14550346
nm8918010,tt2190196
nm2300160,tt28349668
nm2017961,tt33381401
nm3819185,tt3763790
nm7582324,tt4935446
nm7231480,tt5375040
nm0538717,tt9455468
nm12474856,tt9455468
nm0134464,tt0093267
nm0387322,tt0093304
nm0722665,tt0042217
nm0212869,tt0042229
nm0730153,tt0042436
nm0658073,tt0042466
nm0556399,tt0042692
nm0783288,tt0042700
nm0297869,tt0042762
nm0156928,tt0042876
nm0387753,tt0042898
nm0203791,tt0042898
nm0390979,tt0042898
nm0716577,tt0042906
nm0252476,tt0043048
nm0361697,tt0043313
nm0383261,tt0043313
nm0714878,tt0043362
nm0807519,tt0043362
nm0394661,tt0043587
nm0131338,tt0043809
nm0299353,tt0043927
nm0586733,tt0044029
nm0161164,tt0044072
nm0001739,tt0044355
nm0516876,tt0044355
nm0001725,tt0044429
nm0274102,tt0044495
nm0219221,tt0044744
nm0558434,tt0044744
nm0043398,tt0044793
nm0392191,tt0044811
nm0516093,tt0044837
nm0754955,tt0044982
nm0043398,tt0044982
nm1168078,tt0044986
nm0605851,tt0045034
nm0837360,tt0045112
nm0167235,tt0045251
nm0274783,tt0045274
nm0075251,tt0045361
nm0786457,tt0045554
nm0530586,tt0045848
nm0945299,tt0045935
nm0945414,tt0045971
nm0847408,tt0046127
nm0886870,tt0046268
nm0875630,tt0046268
nm0271466,tt0046521
nm0793766,tt0047034
nm0544798,tt0047034
nm0253345,tt0047167
nm0476219,tt0047281
nm0482067,tt0047287
nm0543167,tt0047336
nm0600552,tt0047469
nm0798570,tt0047528
nm0045996,tt0047579
nm0837476,tt0047682
nm0076464,tt0047832
nm0264770,tt0047876
nm0524164,tt0047930
nm0291979,tt0048133
nm0216209,tt0048133
nm0594542,tt0048198
nm0282530,tt0048393
nm0248681,tt0048452
nm10659317,tt0048499
nm0071890,tt0048527
nm0605270,tt0048757
nm0808774,tt0048801
nm0837430,tt0048933
nm0586227,tt0049012
nm0273510,tt0049042
nm0595299,tt0049087
nm0000006,tt0049177
nm0724732,tt0049674
nm0944779,tt0049710
nm0793766,tt0049710
nm0587256,tt0049730
nm1186378,tt0049821
nm0571674,tt0049856
nm0372360,tt0118818
nm0052563,tt0119167
nm0001745,tt0119375
nm0276534,tt0119375
nm0005655,tt0119614
nm0229917,tt0119755
nm0480465,tt0119809
nm0259831,tt0120265
nm0538710,tt0120372
nm0183143,tt0120448
nm0645160,tt0122136
nm0617370,tt0122371
nm0505198,tt0173240
nm0332892,tt0173240
nm0484968,tt0173279
nm0441526,tt0174708
nm0847114,tt0174708
nm0810747,tt0175743
nm0363069,tt0216625
nm0390882,tt0217853
nm0750353,tt0218817
nm0441410,tt0227858
nm1307105,tt0318025
nm12267768,tt0318069
nm0999419,tt0415978
nm0643887,tt0417214
nm0001114,tt0422720
nm0693799,tt0993789
nm3129210,tt1015968
nm0315640,tt1032846
nm11004258,tt10995602
nm0002049,tt11233002
nm3132995,tt12564514
nm2420346,tt1570989
nm1541272,tt1570989
nm3119669,tt2006181
nm1641171,tt21042126
nm6261882,tt2268732
nm0704832,tt2762506
nm1281415,tt2762506
nm10695943,tt2963262
nm15795275,tt30319916
nm15795276,tt30319916
nm0000618,tt4621016
nm0511458,tt6725014
nm0106871,tt0060920
nm0230112,tt0060920
nm0304984,tt0061084
nm0457492,tt0061101
nm0261967,tt0061101
nm7365342,tt0061132
nm0019760,tt0061589
nm0885304,tt0061781
nm0529353,tt0061834
nm0644558,tt0061882
nm0019609,tt0061912
nm0812408,tt0061912
nm0467428,tt0061912
nm0544798,tt0061971
nm1792899,tt0062042
nm0594421,tt0062042
nm0217677,tt0062229
nm0742975,tt0062229
nm0862862,tt0062285
nm8384880,tt0062285
nm0767567,tt0062456
nm0207623,tt0062480
nm0586733,tt0062518
nm0051495,tt0062663
nm0265948,tt0062695
nm0527555,tt0062695
nm0233753,tt0062873
nm0197697,tt0062873
nm0190595,tt0062873
nm0032524,tt0062893
nm0172970,tt0063268
nm0610675,tt0063278
nm0883845,tt0063291
nm0007585,tt0063291
nm0111003,tt0063527
nm1468560,tt0063598
nm0085038,tt0063611
nm0839244,tt0063611
nm0803672,tt0063611
nm0398703,tt0063633
nm0001036,tt0063651
nm0724189,tt0063665
nm0210235,tt0063678
nm0294892,tt0063759
nm0111003,tt0063791
nm0045011,tt0063791
nm0463514,tt0063834
nm0409267,tt0063835
nm0001348,tt0083702
nm0001334,tt0083722
nm0790468,tt0083869
nm0055558,tt0084116
nm1270791,tt0084130
nm1270887,tt0084130
nm0351717,tt0084248
nm0126569,tt0084388
nm0056761,tt0084423
nm0429254,tt0084538
nm0769556,tt0084654
nm0950932,tt0084786
nm0044133,tt0084786
nm0015197,tt0084808
nm0539542,tt0084829
nm0087442,tt0084843
nm0004365,tt0084867
nm0671459,tt0085279
nm0862875,tt0085864
nm0250089,tt0085891
nm0061798,tt0085891
nm0000309,tt0085933
nm0004462,tt0086551
nm0756732,tt0086551
nm0094726,tt0086889
nm0362462,tt0086977
nm0148149,tt0087188
nm0238758,tt0110598
nm0589613,tt0110598
nm0001020,tt0110882
nm1046571,tt0110882
nm0004462,tt0111495
nm0260151,tt0111495
nm0739778,tt0111681
nm0451604,tt0111845
nm0044742,tt0111845
nm0059504,tt0112445
nm0000901,tt0112654
nm0000457,tt0112817
nm0158632,tt0112887
nm0718348,tt0112913
nm0315760,tt0113247
nm0813217,tt0113247
nm0000353,tt0115632
nm0890845,tt0115822
nm0000630,tt0116041
nm0573715,tt0116041
nm0000754,tt0116261
nm0919671,tt0116261
nm0283532,tt0116261
nm0059971,tt0116650
nm0370627,tt0116962
nm0814719,tt0117296
nm0001570,tt0117318
nm0000950,tt0117589
nm0517642,tt0117589
nm0164693,tt0118125
nm0293315,tt0118125
nm1833009,tt0269104
nm15661062,tt0269587
nm17345709,tt0274069
nm17345706,tt0274069
nm0222922,tt0274117
nm1676649,tt1764183
nm0277567,tt22098228
nm0658281,tt22098228
nm1258686,tt27729122
nm5170320,tt4714782
nm1768149,tt4714782
nm0687913,tt6423776
nm1589584,tt8014482
nm0645659,tt0063173
nm0879932,tt0063195
nm0559420,tt0063198
nm0774563,tt0014109
nm0786313,tt0014417
nm0516001,tt0014429
nm0007539,tt0014611
nm0689748,tt0014624
nm0200068,tt0014945
nm0167782,tt0014945
nm0174393,tt0014945
nm0155479,tt0015634
nm0180394,tt0015634
nm1158915,tt0015648
nm0625047,tt0015768
nm0778274,tt0015768
nm0000036,tt0015863
nm0000779,tt0015863
nm0365738,tt0015873
nm0699384,tt0016395
nm0250366,tt0016630
nm1070961,tt0017925
nm0129885,tt0064390
nm0383275,tt0064437
nm0814162,tt0064781
nm0000945,tt0064816
nm0248514,tt0064816
nm0554329,tt0064921
nm0562358,tt0065036
nm0673749,tt0065234
nm0294401,tt0065234
nm0774880,tt0065241
nm0771593,tt0065261
nm0084909,tt0065261
nm0509232,tt0065591
nm0611858,tt0065591
nm0387218,tt0065600
nm0349171,tt0065695
nm0837484,tt0065776
nm0782480,tt0065808
nm0133532,tt0065913
nm0166182,tt0066065
nm0412955,tt0066065
nm0870806,tt0066065
nm3706128,tt0066466
nm5916602,tt0066466
nm0649121,tt0066498
nm0694934,tt0066531
nm0552087,tt0066842
nm8624290,tt0067048
nm0094894,tt0067055
nm2299852,tt0067580
nm0869601,tt0067755
nm0004625,tt0067778
nm0896557,tt0067958
nm0436170,tt0067958
nm0412428,tt0067958
nm0795913,tt0067961
nm0858010,tt0067961
nm0518579,tt0067962
nm0894302,tt0068205
nm1989783,tt0068207
nm0778016,tt0068278
nm0040911,tt0068650
nm0297869,tt0068650
nm0879729,tt0068815
nm0633028,tt0068816
nm0654377,tt0069198
nm0530787,tt0069214
nm1727852,tt0069214
nm0000404,tt0069398
nm0119479,tt0069398
nm0720381,tt0069400
nm0677954,tt0069489
nm0386630,tt0069687
nm2302939,tt0069996
nm0765789,tt0070122
nm0370672,tt0070122
nm0831687,tt0070155
nm0719157,tt0070359
nm0594885,tt0070359
nm0353714,tt0070528
nm4321194,tt0070528
nm0457223,tt0070528
nm0867622,tt0070544
nm0751819,tt0070809
nm0315547,tt0070809
nm0629200,tt0070820
nm13862094,tt0070820
nm0503889,tt0070832
nm0237315,tt0070832
nm12326649,tt0070884
nm0406728,tt0070884
nm0000366,tt0070960
nm0667542,tt0070960
nm0591930,tt0071141
nm0118135,tt0071141
nm0952641,tt0071381
nm0813272,tt0071411
nm0537922,tt0071487
nm1808264,tt0071571
nm0617585,tt0071587
nm0476194,tt0071609
nm0357307,tt0071609
nm0915320,tt0071690
nm0099412,tt0071733
nm0043648,tt0072195
nm1130932,tt0135024
nm0637603,tt0135031
nm0081954,tt0136099
nm0804424,tt0136099
nm0239155,tt0139500
nm4739772,tt0139500
nm0031785,tt0191053
nm0441526,tt0191664
nm0617827,tt0191664
nm0890075,tt0192194
nm0945299,tt0274686
nm0972953,tt0283283
nm0001721,tt0284034
nm0989761,tt0285728
nm0217239,tt0383020
nm0410965,tt0385202
nm2728209,tt0869977
nm1731613,tt19841734
nm1249409,tt26441793
nm10063032,tt26441793
nm0001872,tt26442871
nm0411112,tt31055572
nm0296594,tt32085997
nm16165833,tt32085997
nm15975063,tt32086004
nm16205719,tt32086004
nm10276705,tt32086004
nm13767857,tt32086077
nm13574427,tt7241484
nm0192576,tt0064546
nm0176061,tt0064591
nm0072785,tt0064625
nm0289858,tt0031309
nm0335738,tt0031309
nm0536252,tt0031309
nm0807580,tt0031334
nm0124236,tt0031575
nm0097202,tt0031593
nm0643353,tt0032145
nm0445523,tt0032145
nm2366529,tt0032156
nm2362254,tt0032156
nm0354916,tt0032553
nm0530458,tt0032655
nm0793168,tt0032728
nm0912478,tt0033532
nm0151499,tt0033627
nm0628579,tt0033868
nm0693814,tt0034093
nm0566948,tt0034240
nm0441568,tt0034298
nm0622360,tt0034478
nm0162243,tt0034493
nm0800386,tt0034587
nm0657404,tt0035017
nm0290670,tt0035039
nm0496614,tt0035521
nm0079700,tt0035823
nm0757104,tt0036034
nm0404211,tt0036112
nm0402558,tt0036135
nm0842677,tt0036135
nm0413528,tt0036695
nm0867391,tt0036977
nm0462182,tt0036977
nm0385443,tt0036977
nm0001289,tt0037035
nm0322706,tt0037035
nm0849011,tt0037227
nm0879945,tt0037227
nm0754955,tt0037227
nm0909727,tt0037367
nm0894583,tt0037367
nm0713231,tt0037558
nm0339573,tt0037558
nm0702454,tt0037674
nm0192958,tt0037800
nm0434387,tt0037824
nm0009372,tt0037824
nm0000051,tt0038250
nm0733540,tt0038250
nm0545808,tt0038348
nm0271671,tt0038348
nm0136983,tt0038363
nm0164801,tt0038363
nm0002021,tt0038363
nm0001647,tt0038390
nm0857658,tt0038390
nm0645041,tt0038675
nm1178933,tt0038810
nm0654712,tt0038810
nm0233431,tt0038824
nm1074399,tt0123948
nm0460039,tt0124888
nm0618017,tt0125554
nm0491468,tt0125554
nm0749263,tt0126908
nm0945269,tt0127310
nm0430175,tt0129928
nm0113465,tt0129928
nm0721961,tt0130218
nm2521504,tt0131149
nm0896963,tt0131335
nm0256609,tt0133089
nm0023923,tt0133122
nm0755401,tt0134286
nm0622406,tt0134749
nm0434706,tt0134771
nm0252770,tt0196355
nm0386284,tt0197521
nm0945299,tt0199905
nm0202135,tt0199905
nm0947650,tt0200071
nm0091081,tt0200071
nm0757016,tt0202153
nm1213173,tt0202434
nm0357307,tt0202434
nm10101598,tt0202928
nm0434593,tt0203040
nm0620083,tt0203040
nm0411883,tt0203608
nm0409971,tt0203635
nm14086109,tt0204066
nm2631895,tt0204716
nm9543502,tt0207050
nm0434896,tt0373175
nm0011134,tt0373450
nm6597853,tt1403047
nm1126657,tt14407336
nm0522502,tt14407336
nm1909419,tt2219894
nm3086975,tt27958252
nm5595169,tt28801705
nm15929274,tt35022825
nm2409524,tt4466490
nm0162566,tt4466490
nm0868039,tt5222918
nm0643025,tt0006614
nm0313478,tt0007340
nm0166224,tt0011870
nm0155477,tt0011870
nm0810349,tt0011870
nm0782943,tt0012364
nm0697674,tt0013075
nm0828897,tt0013201
nm0604720,tt0013201
nm0263372,tt0106696
nm0455767,tt0106918
nm0000657,tt0106918
nm0869850,tt0107165
nm0320770,tt0107259
nm0711589,tt0107259
nm0494433,tt0107260
nm0026621,tt0108328
nm0377350,tt0108328
nm1491264,tt0108328
nm0001528,tt0108328
nm0345100,tt0109020
nm16047055,tt0109586
nm0285168,tt0109655
nm0288380,tt0109702
nm0287168,tt0109843
nm0309637,tt0110057
nm0787061,tt0154728
nm0664185,tt0154767
nm0273988,tt0155667
nm0917670,tt0156587
nm0377631,tt0157122
nm0543977,tt0209463
nm0171499,tt0209933
nm0381242,tt0209933
nm0797304,tt0210075
nm15710981,tt0212016
nm0001655,tt0212772
nm5599991,tt0328802
nm0479608,tt0328802
nm1817412,tt0330536
nm7535565,tt0436811
nm0503627,tt0808526
nm1254855,tt0984130
nm4933918,tt1181614
nm0263904,tt1232826
nm14780291,tt1232826
nm3011554,tt1232826
nm1241993,tt1287878
nm3805567,tt1508675
nm8206308,tt16022080
nm2218604,tt2035630
nm0486967,tt0018051
nm0771584,tt0018054
nm0376450,tt0018362
nm0647378,tt0018523
nm0313478,tt0018528
nm0024035,tt0018528
nm0070757,tt0019412
nm0654627,tt0019796
nm0196766,tt0020572
nm0500361,tt0020876
nm1273452,tt0020980
nm0031832,tt0021283
nm0014656,tt0021409
nm0099786,tt0021409
nm0234261,tt0021739
nm1033905,tt0021749
nm0634164,tt0021844
nm0241339,tt0022125
nm0885137,tt0022125
nm0218225,tt0022125
nm0499151,tt0022150
nm0847851,tt0022150
nm0849439,tt0022485
nm0610010,tt0022877
nm0560944,tt0022877
nm1024084,tt0022941
nm0516001,tt0023241
nm0621197,tt0023261
nm1656100,tt0023261
nm0756870,tt0023450
nm0383188,tt0023649
nm0933415,tt0023985
nm0821904,tt0023985
nm0411417,tt0024214
nm0360567,tt0024473
nm0021502,tt0024473
nm0263052,tt0024757
nm0498882,tt0024844
nm0580916,tt0024961
nm0003062,tt0024961
nm0912810,tt0024961
nm0354892,tt0024962
nm0355010,tt0025094
nm1283422,tt0025338
nm0000048,tt0025452
nm0174943,tt0025456
nm0044139,tt0025509
nm0935565,tt0025681
nm0621416,tt0025681
nm0857124,tt0025681
nm0724732,tt0025710
nm0028903,tt0025898
nm0757104,tt0025929
nm0594062,tt0025929
nm0148144,tt0026029
nm0741147,tt0026564
nm0613576,tt0026564
nm0909436,tt0026737
nm0908013,tt0026966
nm0481270,tt0027164
nm0613576,tt0027296
nm0131301,tt0027296
nm0573688,tt0075860
nm0379522,tt0075915
nm0598356,tt0075938
nm1167084,tt0076097
nm0412615,tt0076124
nm2582947,tt0076124
nm0407475,tt0076162
nm1414988,tt0076341
nm0478071,tt0077383
nm0753561,tt0077383
nm0082520,tt0077598
nm0711775,tt0077751
nm0194653,tt0077878
nm0819515,tt0077964
nm0000457,tt0078480
nm0000993,tt0078481
nm0778016,tt0079083
nm0236647,tt0079083
nm0848533,tt0079317
nm0086611,tt0079596
nm0693846,tt0079701
nm0001379,tt0080140
nm0794890,tt0080140
nm0764646,tt0080140
nm0645874,tt0080397
nm0728208,tt0080610
nm3066733,tt0080623
nm0943138,tt0080827
nm5441169,tt0080964
nm0268352,tt0081055
nm0005767,tt0081055
nm0051116,tt0081076
nm0600147,tt0081114
nm0767741,tt0081114
nm0682655,tt0081176
nm0538976,tt0081176
nm0323203,tt0081182
nm0268331,tt0081291
nm0259003,tt0081291
nm0250616,tt0081506
nm0000928,tt0081506
nm0001340,tt0081633
nm0724732,tt0081633
nm0634159,tt0081686
nm0040545,tt0082053
nm0042124,tt0082093
nm0010684,tt0082093
nm0551971,tt0082117
nm0717014,tt0082176
nm0875503,tt0082313
nm0438854,tt0082318
nm0000272,tt0082370
nm0689990,tt0082599
nm0470999,tt0082599
nm0837784,tt0082671
nm0501721,tt0082783
nm0609923,tt0082912
nm0702479,tt0082912
nm0836681,tt0082927
nm0000197,tt0082934
nm0025546,tt0083352
nm0807278,tt0083539
nm2489510,tt0185456
nm8252599,tt0185456
nm0207526,tt0185456
nm0945597,tt0186725
nm3385826,tt0292066
nm0038377,tt0360839
nm0793674,tt0360946
nm1832067,tt0447641
nm3535066,tt11380884
nm0029512,tt1225902
nm2618372,tt1225902
nm0000217,tt1649264
nm2773325,tt1714210
nm0664916,tt1864554
nm4944410,tt2258281
nm5176270,tt2291230
nm8992113,tt26270862
nm1948525,tt26315142
nm14475504,tt26315142
nm2742329,tt36456563
nm0299140,tt5258306
nm0300272,tt5778628
nm2841714,tt5778628
nm8198284,tt5786872
nm0697512,tt0027336
nm0014656,tt0027342
nm0738780,tt0027342
nm0077598,tt0027478
nm0411664,tt0027478
nm0835730,tt0027635
nm0031798,tt0027672
nm0948989,tt0027752
nm0620852,tt0027752
nm0000122,tt0027977
nm0002104,tt0027977
nm0232766,tt0027985
nm0793879,tt0028021
nm0001452,tt0028167
nm0537600,tt0028201
nm0912343,tt0028212
nm0166974,tt0028667
nm0822058,tt0028668
nm0399648,tt0028827
nm0409813,tt0028827
nm0950019,tt0029081
nm0871674,tt0029087
nm0360567,tt0029201
nm0958345,tt0029201
nm0935415,tt0029322
nm0001916,tt0029394
nm0683345,tt0029811
nm0705509,tt0029811
nm0138340,tt0029811
nm0947675,tt0029850
nm0405716,tt0029957
nm0002158,tt0030066
nm0191544,tt0030082
nm0153457,tt0030127
nm0029217,tt0030252
nm0000006,tt0030337
nm1871469,tt0030523
nm0000051,tt0030675
nm0057984,tt0098725
nm0459762,tt0099000
nm0449038,tt0099040
nm0172311,tt0099040
nm0076659,tt0099040
nm0001670,tt0099292
nm0144667,tt0099292
nm0950345,tt0099858
nm0001363,tt0100024
nm0160004,tt0100107
nm0179776,tt0100332
nm1997737,tt0100332
nm0156484,tt0100625
nm0490618,tt0100973
nm0000480,tt0101273
nm0468651,tt0101765
nm0765789,tt0101962
nm0248937,tt0102491
nm0119069,tt0102497
nm0846163,tt0102497
nm1931039,tt0102594
nm0741286,tt0102594
nm0807572,tt0102687
nm0456559,tt0102943
nm1276471,tt0103044
nm13422057,tt0103070
nm0688143,tt0103905
nm0688145,tt0103905
nm0040319,tt0104224
nm0762248,tt0104545
nm0876600,tt0104684
nm0689576,tt0104753
nm0222929,tt0104775
nm1402537,tt0104775
nm0364918,tt0104808
nm0490521,tt0105619
nm0401207,tt0105655
nm0451604,tt0105888
nm0875527,tt0106504
nm0144827,tt0106579
nm2519601,tt0229519
nm1235308,tt0230334
nm0222643,tt0232951
nm0005446,tt0233315
nm1012096,tt0295671
nm1100717,tt0296809
nm5964363,tt10365870
nm0842770,tt10370886
nm2807560,tt1084950
nm0431493,tt1103275
nm7613000,tt14906708
nm14587027,tt15555264
nm14587034,tt15555264
nm2326075,tt2347569
nm2924454,tt27590147
nm15124656,tt28608358
nm0942782,tt3544082
nm0008937,tt5305230
nm0050032,tt5305230
nm0107011,tt5305230
nm7144001,tt8185182
nm7267984,tt8185182
nm0816332,tt0056844
nm0105457,tt0056905
nm0467078,tt0056919
nm0764857,tt0057207
nm0350764,tt0057207
nm0023862,tt0057215
nm0175556,tt0057286
nm0756292,tt0057295
nm0674977,tt0058390
nm0949030,tt0058430
nm0768031,tt0053134
nm0756713,tt0053168
nm0633758,tt0053198
nm0441375,tt0053259
nm0945503,tt0053259
nm0022675,tt0053459
nm0087926,tt0053459
nm0275213,tt0053619
nm0587401,tt0053643
nm0298777,tt0053772
nm0935016,tt0053772
nm0386331,tt0053796
nm0032894,tt0053892
nm0883517,tt0053976
nm0481030,tt0054189
nm0187927,tt0054189
nm4935291,tt0054205
nm0621235,tt0054350
nm0160532,tt0054377
nm0534280,tt0054412
nm0441399,tt0054460
nm0292310,tt0054494
nm0499361,tt0054599
nm0102946,tt0054614
nm0465716,tt0054665
nm0420628,tt0054665
nm0590940,tt0054709
nm0496942,tt0054763
nm0609635,tt0054780
nm0387218,tt0054780
nm12058862,tt0054940
nm0592317,tt0055082
nm0357307,tt0055269
nm0144107,tt0055310
nm0515644,tt0055310
nm0605270,tt0055440
nm0683831,tt0055601
nm0619938,tt0055630
nm0536167,tt0056215
nm0434553,tt0056327
nm0001536,tt0056443
nm0411770,tt0056443
nm0772480,tt0056663
nm0593053,tt0056714
nm0590902,tt0056714
nm0001012,tt0056801
nm0001727,tt0057076
nm0311013,tt0057076
nm0511458,tt0057611
nm0074814,tt0057611
nm0619098,tt0057632
nm0297788,tt0057714
nm0620265,tt0057714
nm0357278,tt0057715
nm0015047,tt0057829
nm1026081,tt0057829
nm0060584,tt0058006
nm0807074,tt0058022
nm0324493,tt0058142
nm0932270,tt0058150
nm0703032,tt0058182
nm0508925,tt0058259
nm2393924,tt0058279
nm0726016,tt0058335
nm1455536,tt0058335
nm0121783,tt0058557
nm0816530,tt0058564
nm0457219,tt0058625
nm0309815,tt0058715
nm0053700,tt0058715
nm0386284,tt0058858
nm0945734,tt0058888
nm0238379,tt0058985
nm0767038,tt0058985
nm5572175,tt0059063
nm0276417,tt0059160
nm0747159,tt0059417
nm0209768,tt0059456
nm0573888,tt0059619
nm0001765,tt0059653
nm0276869,tt0059653
nm13400417,tt0059817
nm13400522,tt0059817
nm13402725,tt0059817
nm0837503,tt0059919
nm0441526,tt0059942
nm0785108,tt0060107
nm0294025,tt0060138
nm0766225,tt0060277
nm0070987,tt0060304
nm0582890,tt0060305
nm0496596,tt0060574
nm0271799,tt0060635
nm0048776,tt0060675
nm0784001,tt0060742
nm0216602,tt0060758
nm0881782,tt0060802
nm0880521,tt0060827
nm0654712,tt0164347
nm0996374,tt0164707
nm0848993,tt0164982
nm0441526,tt0164984
nm0434593,tt0165078
nm1366376,tt0165339
nm1400208,tt0169606
nm0829672,tt0171685
nm0782952,tt0255274
nm14554562,tt0255438
nm4410976,tt0255441
nm3510316,tt0257954
nm0910843,tt0258885
nm0407329,tt0259248
nm0023641,tt0261739
nm0272173,tt0405861
nm0315838,tt0406280
nm0768430,tt0406280
nm2118547,tt10888456
nm0794425,tt1446089
nm0469027,tt1446089
nm0863599,tt14641542
nm0556208,tt14781332
nm4569986,tt19623228
nm0797614,tt19623228
nm2056684,tt19623228
nm0297076,tt2327430
nm11453157,tt24082622
nm14797884,tt24082622
nm1581208,tt29893103
nm9143179,tt29893103
nm0524274,tt4288356
nm8392078,tt5507860
nm0489133,tt6910282
nm0442955,tt0054107
nm4235402,tt0054122
nm0605270,tt0054151
nm0738780,tt0057344
nm0085038,tt0057358
nm0044447,tt0057363
nm0463514,tt0057363
nm0865262,tt0057468
nm0441410,tt0057494
nm0442951,tt0057503
nm0256873,tt0057503
nm0051428,tt0060464
nm0043455,tt0060529
nm0087996,tt0060543
nm0108400,tt0060545
nm0233312,tt0060545
nm0395004,tt0038924
nm0837503,tt0039090
nm0793674,tt0039090
nm1359720,tt0039091
nm7015432,tt0039091
nm0001289,tt0039195
nm0280406,tt0039195
nm0002025,tt0039224
nm0928697,tt0039485
nm0071913,tt0039631
nm0836677,tt0039822
nm0007524,tt0039822
nm0294892,tt0039834
nm1226419,tt0039871
nm0594723,tt0039871
nm0903274,tt0040155
nm0850788,tt0040416
nm0138133,tt0040418
nm0413063,tt0040522
nm0119321,tt0040559
nm0838066,tt0040662
nm0790452,tt0040725
nm0441574,tt0040782
nm0275071,tt0040917
nm0284870,tt0040917
nm0709736,tt0041232
nm0288003,tt0041497
nm0031889,tt0041713
nm1671571,tt0041713
nm0416228,tt0041886
nm0252475,tt0041998
nm0252416,tt0041998
nm0441574,tt0042056
nm0479612,tt0072417
nm0875237,tt0072439
nm0365518,tt0072709
nm0685494,tt0072826
nm0305487,tt0072826
nm0317657,tt0072826
nm0502361,tt0072976
nm0471079,tt0073152
nm3029776,tt0073363
nm0765789,tt0073373
nm0141380,tt0073424
nm0830569,tt0073502
nm3683137,tt0073841
nm0786739,tt0073915
nm0896944,tt0073948
nm0844204,tt0073948
nm0783181,tt0074168
nm0299955,tt0074190
nm0167962,tt0074360
nm0486144,tt0074486
nm0746235,tt0074883
nm0929101,tt0075367
nm0864875,tt0095302
nm0000329,tt0095403
nm0523821,tt0095467
nm0408155,tt0095467
nm0090644,tt0095515
nm0232627,tt0096163
nm0869495,tt0096257
nm0457811,tt0096257
nm0310400,tt0096336
nm0041281,tt0096409
nm0950722,tt0096472
nm0541723,tt0097099
nm0675381,tt0097099
nm0063765,tt0097372
nm0212541,tt0097409
nm0643894,tt0097444
nm0001829,tt0097531
nm0668940,tt0097531
nm4067790,tt0098019
nm0375959,tt0098368
nm4501511,tt0143012
nm0754584,tt0143088
nm0044447,tt0144589
nm0108348,tt0151789
nm0620112,tt0154683
nm0837519,tt0308827
nm1393641,tt0308827
nm1083038,tt0308827
nm0434600,tt0308827
nm0383679,tt0309754
nm15718986,tt0311384
nm1517692,tt0391483
nm1951867,tt0464105
nm2106144,tt0468526
nm3336147,tt1173745
nm0171923,tt1196121
nm11326279,tt13648224
nm16417797,tt13648224
nm13612216,tt13648224
nm0357307,tt2017464
nm14359583,tt20205236
nm3449987,tt20212786
nm0797614,tt20212786
nm9150637,tt27502360
nm0422717,tt0050188
nm0462073,tt0050421
nm0273510,tt0050574
nm0879918,tt0050613
nm0580959,tt0050634
nm0796085,tt0050634
nm0551792,tt0050706
nm6644314,tt0050782
nm0085038,tt0050976
nm0000761,tt0050976
nm0361458,tt0050976
nm0862026,tt0050986
nm0945222,tt0051093
nm0026130,tt0051378
nm0480942,tt0051404
nm0148858,tt0051404
nm0187668,tt0051404
nm0746505,tt0051418
nm0411697,tt0051512
nm0000472,tt0051706
nm0048939,tt0051713
nm0396881,tt0051739
nm0222471,tt0051792
nm0451190,tt0051792
nm0442955,tt0051828
nm0559520,tt0051955
nm0849011,tt0051980
nm0590595,tt0052080
nm0532672,tt0052080
nm0586733,tt0052414
nm4601700,tt0052540
nm0603402,tt0052556
nm0289541,tt0052556
nm0611575,tt0052572
nm4897797,tt0052572
nm0846966,tt0052579
nm0108400,tt0052708
nm0213948,tt0052708
nm0619440,tt0052805
nm0415434,tt0052805
nm0645402,tt0052893
nm0437827,tt0052957
nm0620150,tt0052981
nm0665902,tt0052997
nm0285302,tt0052997
nm0848993,tt0053115
nm0154164,tt0087328
nm0014439,tt0087328
nm0447557,tt0087328
nm0593953,tt0087328
nm0747232,tt0087414
nm1472819,tt0087571
nm0247575,tt0087763
nm0535746,tt0087789
nm2125252,tt0087789
nm0926919,tt0087884
nm0527099,tt0088184
nm11811211,tt0088196
nm0001045,tt0088680
nm0478404,tt0089015
nm3774478,tt0089282
nm0482647,tt0089374
nm0000458,tt0089424
nm0000968,tt0089424
nm0328604,tt0089424
nm0794044,tt0089603
nm0138120,tt0089606
nm9045155,tt0089742
nm9045156,tt0089742
nm9045157,tt0089742
nm0077353,tt0090037
nm0000323,tt0090297
nm0533161,tt0090297
nm0790071,tt0090297
nm7852254,tt0090559
nm13588483,tt0090559
nm3217884,tt0090922
nm0000005,tt0090955
nm0847562,tt0091136
nm0704859,tt0091251
nm0155102,tt0091830
nm0590440,tt0091892
nm0595989,tt0091960
nm0149631,tt0091960
nm0005174,tt0091971
nm0865302,tt0091971
nm0939147,tt0092252
nm0793030,tt0092263
nm0436324,tt0092264
nm9611153,tt0092264
nm0451376,tt0093006
nm0754885,tt0093006
nm0333804,tt0093029
nm0258527,tt0093029
nm0543659,tt0093191
nm0943180,tt0093389
nm5977373,tt0093426
nm0583908,tt0093431
nm3331495,tt0093502
nm0843883,tt0093599
nm0408081,tt0093640
nm0751762,tt0093640
nm0002000,tt0093978
nm0681207,tt0094011
nm0835329,tt0094048
nm4616273,tt0094248
nm0114460,tt0094336
nm0526705,tt0094357
nm0383990,tt0094675
nm0476615,tt0094675
nm0723865,tt0094709
nm1228447,tt0094858
nm0001397,tt0094933
nm0078229,tt0240419
nm1059298,tt0243255
nm0157805,tt0244316
nm0155240,tt0244316
nm2610482,tt0456149
nm0412600,tt0456892
nm1259151,tt0456892
nm0517512,tt0460829
nm0563100,tt0839739
nm1199489,tt1000769
nm3959021,tt1020773
nm3897823,tt1020773
nm5336195,tt12786834
nm12458827,tt12786834
nm0183660,tt14550346
nm10451996,tt2190196
nm0080149,tt2190196
nm0052570,tt2190196
nm5460328,tt2190367
nm0475365,tt2764784
nm11725595,tt28349668
nm6530844,tt3763790
nm1037451,tt4935446
nm13106812,tt9455468
nm0611315,tt0093258
nm0504973,tt0093258
nm0628734,tt0093304
nm0044723,tt0093342
nm0015737,tt0042217
nm0307500,tt0042369
nm0525154,tt0042369
nm0220448,tt0042436
nm0377397,tt0042466
nm0001536,tt0042651
nm0839977,tt0042651
nm0457839,tt0042692
nm0590055,tt0042898
nm0797531,tt0042906
nm0945354,tt0042958
nm0385443,tt0042958
nm0912735,tt0042980
nm0632274,tt0043048
nm0045968,tt0043140
nm0462073,tt0043159
nm0665902,tt0043362
nm0461594,tt0043511
nm0953088,tt0043511
nm0473984,tt0043614
nm0156928,tt0043614
nm0462073,tt0043699
nm0357277,tt0043707
nm0837476,tt0043801
nm0757299,tt0044029
nm0689433,tt0044060
nm0519618,tt0044072
nm0016166,tt0044386
nm0076464,tt0044602
nm0399648,tt0044744
nm0474649,tt0044811
nm0922615,tt0044811
nm0000036,tt0044837
nm0875465,tt0044982
nm0800386,tt0045034
nm0645269,tt0045112
nm0800837,tt0045274
nm0016285,tt0045274
nm0704256,tt0045554
nm0209664,tt0045554
nm0867391,tt0045802
nm0752211,tt0045900
nm0593930,tt0045971
nm2778775,tt0045997
nm0209759,tt0046268
nm0867391,tt0046438
nm0605270,tt0046478
nm0593930,tt0046478
nm0620634,tt0046478
nm0239379,tt0046487
nm0441961,tt0046750
nm0848984,tt0046851
nm0785664,tt0046911
nm0847361,tt0047034
nm0648543,tt0047034
nm0001452,tt0047094
nm0847301,tt0047281
nm0127395,tt0047287
nm0594542,tt0047444
nm0793879,tt0047445
nm0793674,tt0047445
nm0441961,tt0047478
nm0000063,tt0047528
nm0893425,tt0047528
nm0744103,tt0047821
nm0659146,tt0047821
nm0308523,tt0047876
nm0156928,tt0048198
nm0216209,tt0048308
nm0462073,tt0048429
nm0539047,tt0048452
nm0149831,tt0048473
nm0000591,tt0048500
nm0504196,tt0048527
nm0944779,tt0048579
nm0137808,tt0048641
nm0410968,tt0048731
nm0605270,tt0048820
nm0848984,tt0048933
nm0348483,tt0048956
nm0672857,tt0049042
nm4852218,tt0049087
nm0053884,tt0049182
nm0620083,tt0049537
nm0001725,tt0049761
nm0407411,tt0049784
nm0768031,tt0049821
nm0396881,tt0049856
nm13362529,tt0049916
nm0521443,tt0119167
nm0579429,tt0119167
nm0000090,tt0119174
nm0213133,tt0119755
nm0000529,tt0119809
nm0600289,tt0119844
nm0948983,tt0120101
nm0914491,tt0120255
nm1169445,tt0120372
nm0652961,tt0122136
nm0750850,tt0173240
nm0398722,tt0173279
nm0464587,tt0174707
nm0632757,tt0174708
nm1463982,tt0175743
nm3337498,tt0175743
nm0259541,tt0175743
nm0677804,tt0176049
nm0559647,tt0178868
nm0093740,tt0216605
nm0468126,tt0216625
nm0645994,tt0217126
nm0537551,tt0217853
nm13301287,tt0221719
nm0110608,tt0223027
nm1157324,tt0312886
nm0013037,tt0318069
nm1102173,tt0318346
nm12025588,tt0318346
nm0504899,tt0415380
nm0370035,tt0415978
nm0592754,tt0417214
nm1129627,tt0422720
nm0860947,tt0963178
nm2628738,tt1015968
nm2983400,tt12564514
nm11679692,tt12564514
nm12961996,tt14064214
nm0203882,tt1700844
nm2202409,tt2006181
nm1102191,tt2006181
nm1202905,tt21042126
nm0284482,tt21042126
nm6261877,tt2268732
nm15795274,tt30319916
nm6994207,tt4621016
nm0059903,tt4621016
nm0540300,tt6725014
nm0457219,tt0061065
nm0796395,tt0061132
nm0681566,tt0061395
nm0001926,tt0061589
nm0502947,tt0061613
nm0903762,tt0061781
nm0351401,tt0061834
nm0847396,tt0061856
nm0756292,tt0061856
nm0063332,tt0061883
nm1640252,tt0061883
nm0757317,tt0062009
nm0032889,tt0062042
nm0844765,tt0062113
nm0239986,tt0062136
nm0001128,tt0062229
nm0503761,tt0062229
nm0140747,tt0062262
nm9034032,tt0062285
nm0314458,tt0062285
nm0022857,tt0062322
nm0199361,tt0062411
nm0795919,tt0062456
nm0070987,tt0062480
nm0461658,tt0062492
nm0528752,tt0062492
nm0256873,tt0062518
nm0586533,tt0062518
nm0604331,tt0062663
nm0147561,tt0062695
nm0857448,tt0062873
nm0511950,tt0062916
nm0430020,tt0062952
nm0658910,tt0063278
nm0398703,tt0063527
nm0695866,tt0063527
nm1466339,tt0063598
nm0463451,tt0063633
nm0079341,tt0063678
nm0000003,tt0063715
nm0000654,tt0063715
nm0112548,tt0063759
nm0389922,tt0063835
nm0594640,tt0063835
nm1135986,tt0064038
nm0211155,tt0083702
nm0211154,tt0083702
nm0161717,tt0083789
nm0246920,tt0083922
nm0428438,tt0084130
nm0812906,tt0084383
nm0000052,tt0084423
nm0669351,tt0084538
nm0829155,tt0084628
nm0075655,tt0084654
nm0442316,tt0084654
nm0626849,tt0084654
nm0422341,tt0084698
nm0033065,tt0084740
nm0561250,tt0084786
nm0301887,tt0084829
nm0528595,tt0084867
nm0393157,tt0085267
nm0448033,tt0085267
nm0866626,tt0085279
nm0001933,tt0085279
nm0001429,tt0085933
nm0539109,tt0085933
nm0949045,tt0086242
nm0553028,tt0086245
nm0047712,tt0086265
nm0854149,tt0086479
nm0078712,tt0086650
nm0122394,tt0086977
nm0156072,tt0086977
nm0428086,tt0087188
nm0358774,tt0110598
nm0693925,tt0111403
nm0563760,tt0111403
nm0004787,tt0111681
nm0100598,tt0111681
nm0079243,tt0111845
nm0096941,tt0112445
nm0000417,tt0112817
nm0460843,tt0112887
nm0481709,tt0112913
nm0756873,tt0112913
nm0656768,tt0113145
nm0935659,tt0114305
nm0550832,tt0114305
nm0952802,tt0116070
nm0000099,tt0116922
nm0086706,tt0116922
nm0174634,tt0116962
nm0734068,tt0117296
nm0657426,tt0117394
nm0251158,tt0117394
nm0091081,tt0117398
nm0743605,tt0117589
nm0151014,tt0118694
nm0549201,tt0269461
nm0605429,tt0269461
nm0093740,tt0274117
nm17566492,tt0348529
nm0785842,tt0398883
nm0583856,tt1008017
nm9393723,tt10767168
nm6857814,tt10767168
nm0141599,tt1764183
nm4481399,tt1909796
nm0231451,tt22098228
nm0858491,tt22098228
nm7711040,tt30439035
nm0829576,tt4714782
nm0000300,tt6423776
nm0220976,tt6423776
nm0224801,tt7298400
nm0227621,tt7298400
nm1083038,tt0063173
nm0410945,tt0063198
nm0948939,tt0063206
nm0112234,tt0014429
nm0525174,tt0014611
nm0312238,tt0014624
nm0588033,tt0014624
nm0018319,tt0015634
nm0090434,tt0015648
nm0264146,tt0015863
nm0156241,tt0017075
nm0072437,tt0017825
nm0106748,tt0064437
nm0671831,tt0064451
nm0480273,tt0064482
nm0786891,tt0064674
nm0714727,tt0064689
nm0567710,tt0064689
nm0740067,tt0064816
nm1948856,tt0064921
nm0877696,tt0064921
nm0102566,tt0065234
nm0194430,tt0065591
nm0536536,tt0065651
nm0855801,tt0065695
nm0462085,tt0065776
nm0679133,tt0065913
nm0685782,tt0066207
nm5916601,tt0066466
nm0623155,tt0066498
nm2233643,tt0066516
nm0739355,tt0066531
nm0457223,tt0066603
nm0913796,tt0066639
nm0019924,tt0066842
nm0854909,tt0066989
nm0257568,tt0067185
nm0607540,tt0067454
nm0367961,tt0067464
nm0579844,tt0067464
nm0645402,tt0067755
nm0274731,tt0067778
nm0903212,tt0067778
nm0887708,tt0067810
nm0744740,tt0067961
nm0778016,tt0067962
nm0584942,tt0067962
nm0769440,tt0068278
nm0462020,tt0068650
nm0437704,tt0068650
nm0423663,tt0068815
nm0945299,tt0068817
nm0153583,tt0069398
nm0001406,tt0069489
nm0396861,tt0069489
nm0761187,tt0069990
nm0854440,tt0070040
nm0681467,tt0070040
nm0166580,tt0070155
nm0759022,tt0070698
nm0842248,tt0070698
nm0417146,tt0070809
nm0047842,tt0070809
nm0081175,tt0070959
nm0131811,tt0071282
nm0326679,tt0071282
nm0685494,tt0071381
nm0039580,tt0071381
nm10802256,tt0071384
nm0889518,tt0071384
nm0671515,tt0071458
nm0379258,tt0071458
nm0510855,tt0071565
nm1172097,tt0071571
nm0442878,tt0071609
nm0734000,tt0071622
nm0410902,tt0071695
nm0745625,tt0071733
nm0734000,tt0072053
nm0457223,tt0072157
nm0111917,tt0072195
nm0095276,tt0134993
nm0060017,tt0134993
nm0445657,tt0135024
nm8244257,tt0135163
nm0000255,tt0137338
nm0239152,tt0139500
nm0000123,tt0190590
nm0000456,tt0190590
nm0001164,tt0190590
nm0672360,tt0190590
nm0823614,tt0192069
nm0279918,tt0192194
nm13253436,tt0194523
nm0434593,tt0274686
nm1445540,tt0274686
nm1445533,tt0274686
nm1865985,tt0278782
nm4104621,tt0278782
nm0000102,tt0280380
nm0001482,tt0280380
nm0538953,tt0284034
nm0004381,tt0381392
nm0383261,tt0385202
nm2621785,tt0869977
nm4918569,tt13231544
nm11355387,tt13231544
nm4318424,tt1701976
nm2775753,tt1985144
nm0955421,tt26441793
nm7278963,tt26442871
nm4950073,tt26448954
nm3423463,tt30810792
nm4173770,tt30810792
nm11159048,tt30810792
nm1989245,tt31055572
nm5794945,tt32085997
nm5252829,tt32085997
nm12496351,tt32086004
nm15332566,tt7254920
nm15332569,tt7254920
nm0653244,tt0064588
nm0705735,tt0064591
nm0639227,tt0064609
nm0631301,tt0064620
nm0545298,tt0030888
nm0074698,tt0031270
nm0450408,tt0031270
nm0643353,tt0031575
nm0941660,tt0031575
nm0275897,tt0031742
nm0789970,tt0031968
nm0556699,tt0032179
nm0060168,tt0032484
nm0874139,tt0032599
nm0024931,tt0032655
nm0754942,tt0033152
nm0677961,tt0033152
nm0516876,tt0033532
nm0384908,tt0033868
nm0074470,tt0034093
nm0340063,tt0034240
nm0021329,tt0034272
nm0847851,tt0034478
nm0688762,tt0034493
nm0672809,tt0034493
nm0185769,tt0034587
nm0223014,tt0034587
nm0131593,tt0034734
nm0002021,tt0034891
nm0136983,tt0034891
nm0255576,tt0034891
nm0719233,tt0035001
nm0900104,tt0035039
nm0192490,tt0035521
nm0439850,tt0035567
nm0191745,tt0036112
nm0875370,tt0036400
nm0028249,tt0036506
nm0869765,tt0036566
nm0682605,tt0036566
nm0033390,tt0036914
nm0015047,tt0036977
nm0354225,tt0037035
nm0478657,tt0037630
nm0767243,tt0037638
nm0479910,tt0037800
nm0003540,tt0037824
nm0623442,tt0037824
nm0428175,tt0038250
nm0821895,tt0038250
nm0280291,tt0038289
nm0325412,tt0038289
nm0196816,tt0038348
nm0262418,tt0038390
nm0837503,tt0038810
nm0594244,tt0038810
nm0077902,tt0038823
nm0197589,tt0038824
nm0202135,tt0123334
nm0297893,tt0123335
nm0004851,tt0125659
nm0043088,tt0126908
nm0437482,tt0127310
nm0615531,tt0127310
nm0594386,tt0127310
nm0187876,tt0129928
nm0721961,tt0129928
nm0113465,tt0130218
nm0748517,tt0130218
nm0038354,tt0130377
nm0017822,tt0131335
nm0594421,tt0133089
nm0847146,tt0133089
nm0000782,tt0133122
nm0457204,tt0134286
nm0913796,tt0134771
nm3727181,tt0134805
nm0586227,tt0134805
nm0645399,tt0197521
nm0837352,tt0200768
nm2592178,tt0200768
nm0473795,tt0200769
nm0617078,tt0202154
nm0261967,tt0202434
nm2930079,tt0202434
nm0875237,tt0202507
nm0406599,tt0202507
nm0753479,tt0202604
nm0441351,tt0203605
nm0408343,tt0203605
nm0875366,tt0203751
nm0038342,tt0204716
nm0297676,tt0204716
nm9543503,tt0207050
nm0181702,tt0207145
nm0490500,tt0369060
nm0464182,tt0373175
nm0468989,tt0426900
nm1708078,tt0427424
nm0000103,tt1095217
nm14326523,tt1403047
nm1117662,tt1403047
nm0001250,tt14851374
nm16345593,tt1568924
nm1500155,tt1837636
nm0507073,tt1837636
nm0129464,tt1837636
nm0912263,tt1837636
nm7312177,tt27958252
nm0656996,tt35022825
nm1534700,tt4468634
nm8631509,tt5222918
nm1306666,tt9031484
nm0392442,tt0006614
nm0000122,tt0012349
nm0526479,tt0012364
nm0205192,tt0013075
nm0200040,tt0013075
nm0684773,tt0013257
nm0936038,tt0013257
nm0889513,tt0106696
nm0674742,tt0106696
nm0000432,tt0106918
nm0000438,tt0106918
nm0767181,tt0107260
nm0784661,tt0107384
nm0461990,tt0107474
nm0804218,tt0107653
nm0896510,tt0107653
nm0571160,tt0107653
nm0898653,tt0108394
nm0338590,tt0108515
nm0000706,tt0108606
nm0637984,tt0109085
nm0477082,tt0109424
nm16047056,tt0109586
nm0508502,tt0109685
nm0339304,tt0109759
nm0375959,tt0109759
nm0431641,tt0154767
nm0616556,tt0155028
nm0631992,tt0155028
nm0256370,tt0155278
nm0361574,tt0157122
nm0373880,tt0209463
nm0245164,tt0209933
nm0555051,tt0211941
nm0962204,tt0211941
nm1229941,tt0329429
nm0613512,tt0329429
nm1787838,tt0436811
nm0000114,tt0436811
nm2432662,tt0984130
nm0334324,tt0986233
nm0531577,tt0986233
nm2901650,tt1232826
nm0932870,tt1508675
nm0653669,tt1508675
nm0034754,tt21394182
nm15202755,tt26440619
nm13279799,tt38060097
nm0608598,tt0018362
nm0094151,tt0018523
nm0699522,tt0018523
nm0256563,tt0018528
nm0798564,tt0019254
nm0527127,tt0019254
nm0234978,tt0019412
nm0533006,tt0019421
nm1653344,tt0019796
nm0411978,tt0020451
nm0757104,tt0020980
nm0546516,tt0021739
nm0280961,tt0021739
nm0034475,tt0021739
nm0156039,tt0021749
nm0606274,tt0021844
nm0407329,tt0022048
nm0406755,tt0022105
nm0294382,tt0022125
nm0802889,tt0022150
nm0837424,tt0022485
nm0285376,tt0022578
nm0289840,tt0022599
nm0503495,tt0022718
nm0666201,tt0023180
nm0566948,tt0023238
nm0329467,tt0023241
nm1767861,tt0023261
nm0551762,tt0023345
nm0285042,tt0023345
nm0654627,tt0023450
nm0757104,tt0023634
nm0044744,tt0023649
nm0913444,tt0023985
nm1670248,tt0024120
nm0442848,tt0024214
nm0726546,tt0024480
nm0057412,tt0024757
nm0849439,tt0024793
nm0593372,tt0024961
nm0531759,tt0024961
nm9484150,tt0025100
nm0002897,tt0025710
nm0944941,tt0025929
nm0099082,tt0026406
nm0875208,tt0026549
nm0431212,tt0026564
nm0920898,tt0026564
nm0000795,tt0027214
nm0367670,tt0027214
nm0723918,tt0027296
nm0138892,tt0027296
nm0323010,tt0027296
nm0000837,tt0075860
nm0447230,tt0075860
nm0664243,tt0075933
nm0721073,tt0075983
nm1162401,tt0076097
nm1166890,tt0076097
nm0008384,tt0076124
nm0001989,tt0076155
nm0321856,tt0076155
nm0012955,tt0076155
nm0643178,tt0076162
nm0848977,tt0076162
nm0908458,tt0076221
nm0153182,tt0076240
nm0358850,tt0076299
nm0052770,tt0076299
nm0196616,tt0076855
nm0107674,tt0077138
nm14097794,tt0077383
nm0478072,tt0077383
nm0361914,tt0077598
nm0155594,tt0077655
nm0149630,tt0077751
nm0244904,tt0077775
nm0154115,tt0077775
nm0237958,tt0078259
nm0233209,tt0078481
nm0811733,tt0078763
nm0186569,tt0078771
nm0935190,tt0078875
nm0571228,tt0078908
nm0441351,tt0079041
nm0945734,tt0079041
nm0483945,tt0079095
nm0410908,tt0079317
nm0110157,tt0079596
nm0000951,tt0079672
nm0935653,tt0079766
nm0000882,tt0079854
nm0719350,tt0079944
nm0172014,tt0080009
nm0083228,tt0080009
nm0079261,tt0080009
nm0000374,tt0080140
nm0233065,tt0080310
nm0000622,tt0080408
nm0071502,tt0080610
nm2714247,tt0080623
nm0765488,tt0080889
nm0086867,tt0081055
nm0613098,tt0081114
nm0201635,tt0081176
nm4427451,tt0081204
nm0574302,tt0081441
nm0487254,tt0081686
nm0139566,tt0082093
nm0481994,tt0082117
nm0804339,tt0082117
nm0250578,tt0082176
nm0593306,tt0082206
nm0811994,tt0082259
nm0033507,tt0082259
nm3173142,tt0082275
nm0814234,tt0082601
nm0901492,tt0082671
nm1165963,tt0082927
nm0000554,tt0082933
nm0071502,tt0082933
nm0001448,tt0082934
nm0001378,tt0082934
nm0477107,tt0083352
nm0055847,tt0181517
nm2144167,tt0185456
nm0297788,tt0186725
nm0075163,tt0188388
nm1092104,tt0292066
nm2559067,tt0970935
nm2545410,tt1714210
nm5094311,tt2291230
nm5249190,tt2291230
nm0287156,tt2358891
nm1955257,tt2452254
nm5511614,tt36456563
nm8198285,tt5786872
nm1688351,tt0027307
nm0442848,tt0027307
nm0889024,tt0027342
nm0062297,tt0027342
nm0052703,tt0027478
nm0560944,tt0027489
nm0859781,tt0027489
nm0442789,tt0027672
nm0297922,tt0027672
nm0492775,tt0027954
nm0053616,tt0027969
nm0856469,tt0028212
nm0779540,tt0028358
nm0000858,tt0028667
nm0356004,tt0028668
nm0332607,tt0029081
nm0168205,tt0029201
nm0945309,tt0029314
nm0545298,tt0029322
nm0750079,tt0029322
nm0799237,tt0029603
nm0068372,tt0029706
nm0637133,tt0029850
nm0922851,tt0029952
nm0344059,tt0029982
nm0515193,tt0030082
nm0061562,tt0030082
nm0152750,tt0030127
nm0028903,tt0030252
nm0926599,tt0030341
nm0096376,tt0030341
nm0001366,tt0030637
nm0493347,tt0030637
nm0672909,tt0030637
nm0056556,tt0030675
nm1296669,tt0099000
nm0000391,tt0099292
nm0078109,tt0099334
nm0000247,tt0099426
nm0911206,tt0099776
nm0345798,tt0099858
nm0137226,tt0099858
nm0824102,tt0100024
nm0485713,tt0100536
nm0765164,tt0100536
nm0939153,tt0100625
nm0490618,tt0100625
nm0951471,tt0100935
nm0156484,tt0100973
nm0715127,tt0101026
nm0504897,tt0101258
nm0197714,tt0101273
nm0461983,tt0101962
nm0151654,tt0101985
nm0557219,tt0102491
nm0613364,tt0102497
nm0626009,tt0102687
nm0060015,tt0102943
nm0128414,tt0102943
nm0044529,tt0103190
nm0370070,tt0103882
nm0694684,tt0103882
nm0319843,tt0104029
nm0643894,tt0104352
nm0851724,tt0104374
nm0746200,tt0104658
nm0000334,tt0104684
nm0001108,tt0104808
nm0001233,tt0104808
nm0457215,tt0105060
nm0233632,tt0105114
nm0120878,tt0105114
nm0828906,tt0105151
nm0950552,tt0105655
nm0201121,tt0105665
nm0317293,tt0105665
nm4483171,tt0105821
nm4483118,tt0105821
nm0105118,tt0105888
nm0010648,tt0106504
nm0419160,tt0106504
nm0357338,tt0106504
nm0437827,tt0229519
nm5444264,tt0296809
nm0182075,tt0296809
nm0000700,tt1084950
nm12175354,tt10849514
nm5117642,tt1103275
nm14893912,tt14906708
nm1426142,tt1935157
nm5871830,tt3091286
nm0286103,tt3091286
nm0920185,tt3544082
nm4238222,tt3544082
nm1196219,tt4082068
nm1412971,tt4082068
nm10396585,tt9595506
nm0603394,tt0056846
nm0315682,tt0056905
nm0689639,tt0057207
nm0778568,tt0057207
nm0181296,tt0057207
nm0847396,tt0057215
nm0756292,tt0057215
nm0152204,tt0057261
nm0222490,tt0057277
nm0715200,tt0057277
nm0134074,tt0057286
nm0276979,tt0057286
nm0473530,tt0057295
nm0875237,tt0057295
nm0023862,tt0057295
nm0297741,tt0058379
nm0222394,tt0058390
nm0338346,tt0058414
nm0150709,tt0058450
nm0594381,tt0053134
nm0143972,tt0053146
nm0593814,tt0053361
nm0442733,tt0053390
nm0885098,tt0053459
nm0753479,tt0053579
nm0786252,tt0053604
nm0105482,tt0053643
nm5574621,tt0053765
nm0439507,tt0053796
nm0853576,tt0053917
nm0001884,tt0053976
nm0000419,tt0054177
nm0001128,tt0054189
nm0142049,tt0054248
nm0731499,tt0054269
nm0473984,tt0054286
nm0357307,tt0054286
nm0297869,tt0054366
nm0000989,tt0054377
nm0696866,tt0054412
nm0378612,tt0054412
nm0793766,tt0054460
nm0213535,tt0054745
nm0795328,tt0054803
nm0410968,tt0054845
nm0931954,tt0054861
nm0554356,tt0054940
nm1356385,tt0054940
nm0369202,tt0055032
nm0545378,tt0055093
nm0221955,tt0055320
nm0442955,tt0055440
nm0843401,tt0055597
nm0568493,tt0055597
nm0729977,tt0055601
nm0762248,tt0055913
nm0936476,tt0055928
nm0206060,tt0055928
nm14947267,tt0056049
nm0766225,tt0056058
nm0621452,tt0056144
nm0901783,tt0056215
nm0329746,tt0056512
nm0536536,tt0056514
nm0463514,tt0056562
nm0234264,tt0056636
nm0457219,tt0056680
nm0441526,tt0056714
nm0740067,tt0057058
nm0000047,tt0057171
nm0000052,tt0057171
nm0559820,tt0057171
nm0162283,tt0057590
nm0862026,tt0057611
nm0442955,tt0057632
nm0127396,tt0057643
nm0406711,tt0057710
nm0847033,tt0057715
nm0154164,tt0057935
nm0077734,tt0057960
nm0900143,tt0058003
nm0058994,tt0058003
nm0535676,tt0058006
nm0807032,tt0058022
nm0540204,tt0058124
nm0480783,tt0058142
nm0000303,tt0058150
nm0247881,tt0058150
nm0072578,tt0058150
nm0104183,tt0058182
nm0744395,tt0058182
nm0586733,tt0058279
nm0847301,tt0058349
nm0740067,tt0058533
nm0411697,tt0058544
nm0847031,tt0058544
nm0232806,tt0058557
nm13487381,tt0058604
nm0023862,tt0058698
nm0027683,tt0058780
nm0085038,tt0058780
nm0552483,tt0058946
nm0264211,tt0058985
nm0751983,tt0059012
nm0000024,tt0059012
nm0017739,tt0059012
nm0603402,tt0059160
nm0308523,tt0059160
nm0297843,tt0059205
nm0620206,tt0059205
nm3470801,tt0059303
nm1149440,tt0059303
nm0853392,tt0059346
nm5570273,tt0059348
nm0558245,tt0059459
nm0442891,tt0059554
nm0669591,tt0059581
nm0222930,tt0059592
nm13400507,tt0059817
nm0959916,tt0059934
nm0122168,tt0060107
nm0620092,tt0060277
nm0848993,tt0060277
nm0264799,tt0060305
nm0102566,tt0060305
nm0311764,tt0060574
nm0418440,tt0060597
nm3478993,tt0060635
nm0862026,tt0060740
nm0000761,tt0060827
nm0085038,tt0060827
nm0454077,tt0164984
nm0467045,tt0164984
nm0040880,tt0165339
nm0540612,tt0166896
nm0220976,tt0167925
nm3508974,tt0257954
nm0955504,tt0258885
nm0946020,tt0258885
nm1199850,tt0259255
nm0379258,tt0265197
nm0147061,tt0265197
nm7541334,tt10888456
nm3262029,tt1129435
nm3240041,tt1129435
nm0256891,tt1336002
nm9880444,tt14039582
nm0559385,tt1446089
nm3712747,tt1558972
nm14643701,tt19652910
nm2910574,tt19652910
nm5757163,tt2332801
nm5757168,tt2332801
nm7945600,tt4288356
nm0862467,tt5323760
nm1783132,tt6903636
nm0869601,tt0054122
nm1097940,tt0054143
nm5509020,tt0054143
nm0620131,tt0054144
nm5309802,tt0054151
nm0098392,tt0057374
nm0586227,tt0057565
nm0522884,tt0057578
nm0853392,tt0060464
nm0766225,tt0060486
nm0906349,tt0060529
nm0900701,tt0060543
nm0000728,tt0060545
nm0275009,tt0060545
nm0264762,tt0038890
nm0334892,tt0038890
nm0162242,tt0038913
nm0203701,tt0038924
nm0051812,tt0039074
nm0407376,tt0039074
nm0644935,tt0039074
nm0460874,tt0039192
nm0001955,tt0039224
nm0464584,tt0039406
nm1165302,tt0039423
nm0424318,tt0039485
nm0374022,tt0039631
nm0654712,tt0039651
nm0442848,tt0039651
nm0469802,tt0039834
nm0536167,tt0040092
nm0604702,tt0040160
nm0835497,tt0040330
nm0881303,tt0040413
nm0000059,tt0040416
nm0936232,tt0040497
nm0613590,tt0040505
nm0757129,tt0040522
nm0179738,tt0040737
nm0654712,tt0040782
nm0592756,tt0041154
nm0763072,tt0041232
nm0242554,tt0041497
nm0743099,tt0041886
nm6684647,tt0041931
nm0594055,tt0042059
nm0687219,tt0072826
nm0934013,tt0072962
nm2259364,tt0073076
nm0563099,tt0073076
nm0296529,tt0073107
nm0307043,tt0073107
nm0546945,tt0073373
nm0337003,tt0073540
nm0915865,tt0073540
nm0410719,tt0073841
nm0441410,tt0073841
nm4763737,tt0073915
nm0844435,tt0073948
nm0041747,tt0074190
nm0836136,tt0074220
nm0140649,tt0074515
nm0887463,tt0074515
nm0001262,tt0074749
nm0680732,tt0074749
nm0140593,tt0074749
nm0058399,tt0074883
nm0954986,tt0075165
nm0945073,tt0075404
nm0782899,tt0075404
nm0925790,tt0075675
nm0234270,tt0095302
nm0458749,tt0095417
nm0622305,tt0095951
nm0411714,tt0095961
nm4225108,tt0095961
nm0389883,tt0096461
nm3250419,tt0096461
nm0156558,tt0096472
nm0939209,tt0096472
nm0732231,tt0097106
nm0148646,tt0097372
nm0051810,tt0097409
nm0847393,tt0097444
nm0591111,tt0097444
nm0559388,tt0097444
nm0800097,tt0097531
nm0450212,tt0097728
nm0239816,tt0097884
nm0380831,tt0097884
nm0370221,tt0097940
nm0139561,tt0098019
nm0076679,tt0098327
nm0410902,tt0144589
nm2168659,tt0151789
nm0488917,tt0154420
nm0442940,tt0309754
nm0659029,tt0311913
nm0995946,tt0464105
nm2155389,tt0468526
nm0411733,tt0781599
nm13322249,tt13648216
nm15588301,tt20205236
nm14848764,tt27502250
nm12413742,tt28618488
nm16503169,tt28618488
nm0151827,tt29271889
nm0913831,tt29279903
nm10493257,tt9617512
nm0437688,tt0050188
nm0442708,tt0050251
nm0411697,tt0050251
nm0050163,tt0050393
nm0410756,tt0050574
nm0350328,tt0050585
nm0152249,tt0050598
nm0745801,tt0050633
nm0957645,tt0050706
nm0266676,tt0050782
nm0927711,tt0051365
nm0108400,tt0051404
nm0153679,tt0051418
nm0072536,tt0051418
nm0619938,tt0051584
nm0793795,tt0051584
nm0619227,tt0051704
nm0654726,tt0051704
nm5771777,tt0051704
nm0206060,tt0051706
nm0297869,tt0051808
nm0000303,tt0051994
nm0124236,tt0051994
nm0632757,tt0052016
nm0484736,tt0052017
nm0594863,tt0052080
nm0336390,tt0052216
nm0034836,tt0052414
nm0001536,tt0052579
nm0386284,tt0052579
nm0508170,tt0052600
nm0470815,tt0052600
nm0092135,tt0052654
nm0834320,tt0052997
nm0515106,tt0053106
nm0465531,tt0053114
nm0766225,tt0053115
nm0566948,tt0087322
nm0114460,tt0087414
nm0844435,tt0087821
nm1065642,tt0087900
nm0289051,tt0087995
nm11811199,tt0088196
nm0297167,tt0088222
nm0311249,tt0088275
nm0941847,tt0088318
nm0001215,tt0088322
nm0728159,tt0088322
nm0595989,tt0088383
nm0203466,tt0089343
nm0510857,tt0089374
nm3043863,tt0089537
nm0726924,tt0089603
nm0750220,tt0089606
nm0809131,tt0089838
nm0017204,tt0089960
nm0287626,tt0089960
nm0652239,tt0090252
nm13588474,tt0090559
nm0150862,tt0091229
nm0326951,tt0091461
nm0000809,tt0091480
nm0767181,tt0091892
nm0498429,tt0092263
nm0157304,tt0092264
nm0729620,tt0092593
nm0000761,tt0092603
nm0060442,tt0092603
nm1473662,tt0092963
nm0000209,tt0093029
nm0725550,tt0093238
nm0072572,tt0093238
nm0518821,tt0093389
nm0949521,tt0093389
nm0000334,tt0093426
nm0568496,tt0093843
nm0939153,tt0093944
nm0482708,tt0093978
nm0030566,tt0094011
nm0143657,tt0094048
nm0762153,tt0094048
nm0602209,tt0094596
nm0412938,tt0094675
nm0038977,tt0094858
nm0207218,tt0094868
nm0035988,tt0094868
nm0155284,tt0338564
nm0864779,tt0338564
nm1293570,tt0345128
nm1890655,tt0456149
nm1824202,tt0456149
nm1213665,tt0456892
nm0848796,tt0456892
nm1799073,tt0839739
nm2397291,tt0847817
nm0053184,tt1020773
nm1022823,tt1157605
nm12458825,tt12786834
nm2576892,tt12786834
nm13713309,tt16294920
nm1039369,tt1847731
nm0045084,tt2190196
nm2701325,tt2190367
nm5836723,tt2190367
nm1665537,tt2764784
nm0753947,tt2764784
nm0002206,tt3763790
nm12964670,tt5375040
nm13652346,tt9455468
nm14466284,tt9455468
nm0514905,tt0093258
nm0690743,tt0093267
nm0000052,tt0093267
nm0934774,tt0093284
nm0159129,tt0093295
nm0550918,tt0093295
nm0393063,tt0093304
nm0230697,tt0093371
nm0155006,tt0093371
nm0526814,tt0093371
nm0056719,tt0042229
nm0110219,tt0042369
nm0046633,tt0042369
nm0104507,tt0042369
nm0000027,tt0042665
nm0039510,tt0042665
nm0134193,tt0042665
nm0215744,tt0042692
nm0945522,tt0042762
nm0369617,tt0042783
nm0605270,tt0042876
nm0540311,tt0043048
nm0000005,tt0043048
nm0097195,tt0043048
nm0147497,tt0043115
nm0815495,tt0043115
nm0896094,tt0043140
nm0405035,tt0043362
nm0716577,tt0043386
nm0245979,tt0043532
nm0001884,tt0043567
nm0001536,tt0043614
nm0865799,tt0043707
nm0443570,tt0043801
nm0832375,tt0043809
nm0100654,tt0043809
nm0800302,tt0043927
nm0180920,tt0043972
nm0385062,tt0043972
nm0462073,tt0044029
nm0085007,tt0044060
nm0250066,tt0044072
nm0457211,tt0044163
nm0949241,tt0044355
nm0154605,tt0044386
nm0245979,tt0044495
nm0762252,tt0044495
nm0385443,tt0044741
nm0462182,tt0044741
nm0462073,tt0044793
nm0084909,tt0044811
nm0196992,tt0044811
nm0071913,tt0044837
nm0594381,tt0044982
nm0222627,tt0045056
nm0881303,tt0045112
nm0394541,tt0045554
nm0793674,tt0045935
nm0298576,tt0045971
nm1263349,tt0045997
nm0637643,tt0046022
nm0889024,tt0046268
nm0344958,tt0046345
nm0245979,tt0046449
nm0515196,tt0046449
nm0866463,tt0046449
nm0296505,tt0046511
nm0463590,tt0046750
nm0582890,tt0046911
nm0945469,tt0047034
nm0593485,tt0047094
nm0085038,tt0047167
nm0027683,tt0047167
nm0848955,tt0047281
nm0457204,tt0047300
nm0593930,tt0047444
nm0434593,tt0047445
nm0793766,tt0047478
nm0000080,tt0047579
nm0879945,tt0047682
nm0812765,tt0047832
nm0000865,tt0047876
nm0404083,tt0047930
nm0001536,tt0048198
nm0865590,tt0048198
nm0039155,tt0048250
nm0605288,tt0048393
nm0668093,tt0048393
nm0167070,tt0048394
nm0016554,tt0048394
nm0503499,tt0048452
nm0012994,tt0048452
nm0463152,tt0048579
nm0441961,tt0048579
nm0592109,tt0048673
nm0851520,tt0048731
nm0477553,tt0048933
nm0768031,tt0048933
nm0315871,tt0048956
nm0998200,tt0049012
nm0847301,tt0049537
nm0837503,tt0049537
nm0594348,tt0049537
nm0339834,tt0049552
nm0648802,tt0049710
nm0000081,tt0049730
nm0297797,tt0049784
nm0851520,tt0049784
nm0594381,tt0049821
nm0494179,tt0049902
nm0163410,tt0119167
nm0594933,tt0119375
nm0095013,tt0119375
nm0185206,tt0119755
nm0619184,tt0120101
nm2580055,tt0120101
nm0138061,tt0120263
nm0234745,tt0120448
nm0472774,tt0122371
nm0405400,tt0122371
nm0632757,tt0174707
nm0077345,tt0216386
nm0488690,tt0216605
nm0000300,tt0216625
nm0068709,tt0218817
nm0827070,tt0223027
nm0035690,tt0223027
nm1235001,tt0318025
nm1307523,tt0318025
nm0450185,tt0318069
nm14439481,tt0319836
nm1196037,tt0319836
nm1974944,tt0319836
nm1236764,tt0322824
nm16451052,tt0322824
nm1012515,tt0415380
nm1816818,tt0415906
nm0849042,tt0415906
nm0942897,tt0415978
nm1776703,tt0421960
nm3161139,tt0421960
nm1949476,tt0423176
nm11966268,tt0424359
nm0049346,tt0963178
nm1880549,tt0963178
nm0001348,tt1015968
nm0923266,tt1570989
nm0402814,tt1570989
nm0001838,tt1700844
nm0593129,tt1700844
nm3270435,tt21042126
nm0684996,tt2268732
nm0649096,tt2466988
nm6203018,tt2762506
nm6320498,tt2762506
nm2526988,tt0060959
nm0944352,tt0061084
nm0073031,tt0061132
nm0598840,tt0061132
nm0845867,tt0061162
nm0814799,tt0061395
nm0617736,tt0061395
nm0232942,tt0061589
nm9311748,tt0061658
nm0001536,tt0061847
nm0473530,tt0061856
nm0875237,tt0061856
nm0897256,tt0061883
nm0875237,tt0061971
nm0673749,tt0062229
nm0674012,tt0062262
nm0247631,tt0062262
nm0645402,tt0062411
nm0457492,tt0062411
nm0326663,tt0062456
nm0644680,tt0062663
nm0435726,tt0062663
nm0252473,tt0062916
nm0116305,tt0062916
nm0430746,tt0062981
nm0629198,tt0063268
nm0765500,tt0063268
nm0431300,tt0063342
nm0904562,tt0063371
nm0549457,tt0063598
nm0458047,tt0063611
nm0083785,tt0063646
nm1451881,tt0063646
nm0943827,tt0063665
nm0245922,tt0063665
nm0001228,tt0063715
nm0880521,tt0063759
nm0134229,tt0063876
nm0213412,tt0083789
nm0259001,tt0083922
nm0599298,tt0084116
nm1271285,tt0084130
nm0260330,tt0084383
nm0194491,tt0084388
nm0299717,tt0084388
nm0808189,tt0084488
nm0140316,tt0084628
nm0407441,tt0084628
nm0954114,tt0084654
nm0726901,tt0084698
nm9066907,tt0084807
nm0681566,tt0084843
nm0310922,tt0084843
nm0752636,tt0085276
nm0005427,tt0085891
nm0429721,tt0085933
nm0066223,tt0086631
nm2634640,tt0086631
nm0844435,tt0086889
nm1096997,tt0086977
nm0001826,tt0086979
nm0187125,tt0086979
nm0688999,tt0087188
nm0757459,tt0110545
nm0171499,tt0110882
nm0557206,tt0111403
nm0794477,tt0111845
nm0787512,tt0112445
nm0218843,tt0112654
nm0001376,tt0112769
nm0000321,tt0112817
nm0947777,tt0112913
nm0201638,tt0114794
nm0000148,tt0114794
nm0075710,tt0115822
nm0575198,tt0116041
nm0420955,tt0116261
nm0910860,tt0116962
nm0142598,tt0117318
nm0578247,tt0117394
nm0216169,tt0117398
nm0369564,tt0118147
nm0440913,tt0118644
nm0941868,tt0118644
nm0001041,tt0118694
nm0837282,tt0118694
nm1828951,tt0269104
nm17345705,tt0274069
nm1181023,tt0398883
nm2827039,tt1008017
nm0898047,tt1065073
nm0000379,tt1527186
nm2760504,tt1909796
nm3017331,tt1909796
nm0000694,tt27729122
nm0271815,tt7298400
nm0457223,tt0063186
nm1220945,tt0063195
nm0869601,tt0063198
nm0766277,tt0063206
nm0841889,tt0014109
nm0045471,tt0014429
nm0630927,tt0015768
nm0518673,tt0015863
nm0777127,tt0015863
nm0074788,tt0015864
nm0012447,tt0015864
nm0637040,tt0017075
nm0444172,tt0017925
nm0757021,tt0064373
nm0879790,tt0064373
nm0910954,tt0064451
nm0222555,tt0064482
nm0559836,tt0064536
nm0230559,tt0064689
nm0599020,tt0064694
nm0811881,tt0064781
nm0529543,tt0064828
nm3450503,tt0064975
nm5914800,tt0064975
nm0594865,tt0065591
nm0858043,tt0065695
nm0184142,tt0065695
nm0903137,tt0065808
nm3030148,tt0066466
nm0707246,tt0066842
nm0677297,tt0066989
nm0160617,tt0067055
nm0680473,tt0067055
nm0918315,tt0067641
nm0220750,tt0067641
nm0431033,tt0067641
nm0450185,tt0067649
nm0154968,tt0067649
nm0567460,tt0067959
nm0114356,tt0067959
nm0342517,tt0067961
nm0584996,tt0068205
nm0699949,tt0068207
nm0793643,tt0068371
nm0371281,tt0068379
nm0441351,tt0068815
nm0619821,tt0068815
nm0582972,tt0069214
nm0793983,tt0069222
nm0252244,tt0069467
nm0959476,tt0069990
nm0027505,tt0069996
nm0812843,tt0070040
nm0058246,tt0070544
nm0159337,tt0070809
nm0780293,tt0071282
nm0355181,tt0071571
nm8844280,tt0071604
nm0890845,tt0071622
nm0213705,tt0071733
nm0174372,tt0071737
nm0051116,tt0071737
nm0147061,tt0071833
nm7052856,tt0071859
nm0592109,tt0071910
nm0146613,tt0072053
nm0471961,tt0136099
nm0625789,tt0190590
nm4104461,tt0278782
nm0932074,tt0285728
nm0490500,tt0374339
nm0000195,tt0379217
nm3571394,tt0379269
nm0705005,tt0381392
nm3192969,tt1322903
nm3211112,tt1322903
nm0837867,tt15146486
nm4287645,tt1701976
nm0543790,tt1985144
nm6360411,tt30810787
nm15703584,tt30810792
nm0394653,tt31055572
nm16165835,tt32085997
nm0001589,tt4843040
nm0618856,tt0064546
nm0518579,tt0064588
nm0769440,tt0064588
nm0491573,tt0064609
nm0900004,tt0064612
nm8130163,tt0064612
nm0001036,tt0064620
nm8622974,tt0064640
nm0085782,tt0030888
nm0875983,tt0030888
nm1091840,tt0031544
nm0171502,tt0031650
nm0092129,tt0031742
nm0000890,tt0031742
nm0000059,tt0031831
nm0193633,tt0031831
nm0677961,tt0031831
nm0593775,tt0031971
nm0051628,tt0031971
nm0628579,tt0032179
nm0927110,tt0032655
nm0023603,tt0032655
nm0593775,tt0032728
nm0406743,tt0033654
nm1588727,tt0033654
nm0913094,tt0034240
nm0545298,tt0034881
nm0702798,tt0034928
nm0180115,tt0035001
nm0740696,tt0035017
nm0227528,tt0035039
nm0195956,tt0035521
nm0294382,tt0035753
nm1767861,tt0036034
nm0948989,tt0036034
nm0544623,tt0036112
nm0297843,tt0036400
nm0073899,tt0036506
nm0870285,tt0036947
nm0336588,tt0037035
nm0594055,tt0037227
nm0424743,tt0037367
nm0236873,tt0037638
nm0001916,tt0037674
nm0874899,tt0037824
nm0083643,tt0037824
nm0890038,tt0038250
nm0641081,tt0038289
nm0545004,tt0038348
nm0751983,tt0038363
nm0733460,tt0038390
nm0799237,tt0038577
nm0002145,tt0038577
nm0865799,tt0038810
nm1172718,tt0038810
nm0768578,tt0038823
nm0738780,tt0038824
nm0236825,tt0038824
nm0441410,tt0123334
nm0945131,tt0123948
nm0235345,tt0123948
nm0201799,tt0125554
nm0503443,tt0125659
nm0209056,tt0125659
nm0001725,tt0126661
nm0441375,tt0127310
nm0101826,tt0129928
nm0367935,tt0130377
nm0524468,tt0131335
nm0359302,tt0134286
nm0209297,tt0197569
nm0044455,tt0199905
nm0220183,tt0200071
nm0544982,tt0200071
nm0410965,tt0200559
nm0467994,tt0201922
nm0368041,tt0202153
nm0644523,tt0202434
nm0847361,tt0202507
nm0766491,tt0202507
nm0456409,tt0202507
nm10349693,tt0202928
nm1370710,tt0203612
nm0993345,tt0203635
nm4671108,tt0204066
nm16159340,tt0207050
nm15702071,tt0207050
nm0500110,tt0207645
nm1060641,tt0373450
nm0754955,tt0426900
nm0385443,tt0427424
nm1080791,tt1403047
nm0396028,tt14407336
nm15133761,tt35022825
nm6243179,tt9658178
nm0137320,tt0008663
nm0909436,tt0008879
nm0137320,tt0008879
nm0669922,tt0013257
nm0834325,tt0013257
nm0034519,tt0107152
nm0231439,tt0107165
nm1436766,tt0107384
nm0927835,tt0107653
nm0002000,tt0108074
nm0076603,tt0108328
nm0001041,tt0108606
nm0304708,tt0108606
nm0504897,tt0109424
nm0910947,tt0109424
nm0423152,tt0109424
nm0918076,tt0109685
nm0077449,tt0109702
nm0000480,tt0109759
nm0195821,tt0109759
nm0510498,tt0109843
nm0573501,tt0109843
nm0673749,tt0154767
nm0906735,tt0155278
nm0636362,tt0155667
nm0410982,tt0160440
nm0315843,tt0209463
nm0836977,tt0209933
nm0864222,tt0210075
nm0209801,tt0211941
nm15710979,tt0212016
nm0315640,tt0809407
nm2802658,tt0809407
nm0785842,tt0929425
nm3012922,tt0929425
nm0589665,tt0986233
nm2280092,tt0990404
nm2754649,tt0990404
nm0453472,tt1287878
nm5651810,tt1287878
nm5047164,tt16022080
nm17459876,tt21394182
nm0386375,tt7262782
nm0426938,tt0018362
nm0951260,tt0018523
nm0000122,tt0018773
nm0037625,tt0019254
nm0160680,tt0019412
nm0010958,tt0019412
nm0868458,tt0019421
nm0903188,tt0020163
nm10773518,tt0020163
nm0893952,tt0020163
nm0428193,tt0020269
nm0161051,tt0020451
nm0289907,tt0020814
nm0036182,tt0020814
nm0290066,tt0020876
nm0406755,tt0021406
nm0753479,tt0021406
nm0682769,tt0021739
nm0111979,tt0021844
nm0002285,tt0021890
nm0875368,tt0022048
nm0105393,tt0022080
nm0345073,tt0022100
nm0875368,tt0022105
nm1282023,tt0022105
nm0153457,tt0022125
nm0179690,tt0022599
nm0042257,tt0022599
nm0354325,tt0022718
nm0169067,tt0023180
nm0419125,tt0023241
nm0757104,tt0023450
nm0757104,tt0023937
nm0594667,tt0024120
nm0014955,tt0024120
nm1656128,tt0024214
nm0572324,tt0024473
nm0014656,tt0024480
nm0099786,tt0024480
nm0409105,tt0024710
nm0898155,tt0025062
nm0736346,tt0025100
nm0087347,tt0025100
nm1586462,tt0025214
nm1594794,tt0025214
nm0062428,tt0025509
nm0213172,tt0025509
nm0313265,tt0025710
nm0087926,tt0025898
nm5476098,tt0025929
nm0232196,tt0026029
nm0370574,tt0026549
nm0462069,tt0026549
nm0239972,tt0026564
nm0194660,tt0026737
nm0211012,tt0026966
nm0420011,tt0026966
nm0074689,tt0027062
nm0738198,tt0027062
nm0097195,tt0027062
nm0753062,tt0027164
nm0044139,tt0027296
nm0000052,tt0075793
nm0230164,tt0075860
nm0136256,tt0075915
nm0060340,tt0076085
nm0284974,tt0076155
nm4112879,tt0076263
nm5184557,tt0076855
nm0897600,tt0077138
nm0944838,tt0077309
nm0224454,tt0077309
nm0265948,tt0078021
nm0192579,tt0078021
nm0715919,tt0078259
nm0535854,tt0078908
nm1533194,tt0079182
nm0498044,tt0079315
nm0155582,tt0079315
nm0438043,tt0079317
nm0670481,tt0079472
nm0497399,tt0079472
nm0849302,tt0079472
nm0015960,tt0079701
nm0139140,tt0079701
nm0503243,tt0079701
nm0538728,tt0079701
nm0200057,tt0079766
nm0935047,tt0079766
nm0143948,tt0079854
nm0342458,tt0079944
nm16659123,tt0079944
nm0553013,tt0080009
nm0084297,tt0080125
nm0184318,tt0080125
nm0000885,tt0080140
nm0382676,tt0080140
nm0118123,tt0080397
nm2659952,tt0080623
nm3086858,tt0080623
nm0436340,tt0080623
nm0000164,tt0080678
nm0000024,tt0080678
nm0151005,tt0080827
nm0398987,tt0080827
nm0150807,tt0080827
nm0413559,tt0080889
nm0194356,tt0081055
nm0442280,tt0081055
nm0263278,tt0081114
nm0257920,tt0081182
nm11246375,tt0081204
nm0000454,tt0081291
nm0559607,tt0081506
nm0645011,tt0081506
nm0205612,tt0081506
nm0891333,tt0081686
nm0529645,tt0081686
nm0217022,tt0082093
nm0944070,tt0082117
nm0816182,tt0082275
nm0707902,tt0082318
nm0000367,tt0082370
nm0000090,tt0082671
nm0221527,tt0082671
nm0001728,tt0082783
nm0202924,tt0082912
nm0294633,tt0082933
nm0415777,tt0083352
nm0950751,tt0083352
nm0159519,tt0083352
nm0809338,tt0083539
nm0390305,tt0083539
nm0237260,tt0083611
nm0769771,tt0181517
nm9522478,tt0185456
nm0782158,tt0186508
nm1091782,tt0292066
nm1146767,tt0292066
nm0463514,tt0360839
nm0461985,tt0360946
nm5517084,tt0447641
nm2560372,tt0970935
nm1849823,tt1225902
nm1926865,tt2452254
nm2277357,tt26270862
nm14244928,tt26270862
nm2592913,tt26315142
nm2924454,tt29002950
nm11214660,tt29002950
nm0147367,tt36456563
nm8198286,tt5786872
nm0519966,tt6850578
nm0868639,tt6850578
nm1717426,tt0027307
nm0854808,tt0027336
nm0558936,tt0027489
nm0464584,tt0027752
nm0377613,tt0027796
nm0092702,tt0027796
nm0307326,tt0027969
nm0485272,tt0027969
nm12949389,tt0028165
nm12949384,tt0028165
nm0152361,tt0028167
nm0604094,tt0028201
nm0517058,tt0028212
nm0053829,tt0028212
nm0390189,tt0028668
nm0495519,tt0029002
nm0517058,tt0029081
nm0318624,tt0029087
nm0620130,tt0029314
nm0604094,tt0029394
nm0003540,tt0029850
nm0800386,tt0029957
nm0912066,tt0029982
nm0643353,tt0030063
nm0496185,tt0030127
nm0885137,tt0030127
nm0288555,tt0030127
nm0074698,tt0030337
nm0347589,tt0030642
nm0605851,tt0030642
nm0201377,tt0098725
nm0645696,tt0098972
nm0289098,tt0099040
nm0019681,tt0099292
nm0000367,tt0099334
nm1680092,tt0099426
nm0051365,tt0100223
nm0565277,tt0100318
nm2002784,tt0100332
nm0159980,tt0100332
nm0231652,tt0100536
nm0473314,tt0100625
nm0002663,tt0100935
nm0516865,tt0100935
nm0996565,tt0101020
nm0123395,tt0101428
nm0344798,tt0101765
nm0901812,tt0101765
nm0241487,tt0101765
nm0214709,tt0101819
nm0157805,tt0101985
nm0426666,tt0102048
nm0833429,tt0102048
nm0157741,tt0102293
nm0264330,tt0102458
nm0256704,tt0102458
nm0477698,tt0102491
nm0111543,tt0102491
nm0508485,tt0102497
nm9681400,tt0102594
nm0939153,tt0102932
nm0490618,tt0102932
nm0566460,tt0102943
nm13422041,tt0103070
nm0845393,tt0103190
nm0157759,tt0103295
nm0688893,tt0103793
nm0454480,tt0103882
nm0955316,tt0104224
nm0856622,tt0104224
nm0173548,tt0104658
nm0851731,tt0104658
nm0594909,tt0104684
nm0928455,tt0104753
nm0322339,tt0104808
nm0355097,tt0104808
nm0383679,tt0105060
nm0875495,tt0105060
nm0750930,tt0105114
nm0938893,tt0105619
nm0633070,tt0105750
nm2147686,tt0105808
nm4483280,tt0105821
nm4482913,tt0105821
nm15228568,tt0105888
nm0756442,tt0106504
nm0427260,tt0106579
nm0475686,tt0229519
nm1135542,tt0230334
nm0498876,tt0293153
nm0487333,tt0295671
nm0000769,tt0296881
nm1178220,tt0304678
nm0015617,tt10365870
nm0000618,tt1103275
nm1936137,tt14906708
nm11043507,tt27590147
nm11177903,tt27590147
nm0402121,tt3581384
nm1922789,tt3581384
nm10396582,tt9595506
nm6029605,tt9853814
nm11885180,tt9853814
nm0904700,tt0056844
nm0433017,tt0056905
nm0553878,tt0056919
nm0289516,tt0057207
nm0387071,tt0057237
nm0289725,tt0057237
nm0699447,tt0057237
nm0453769,tt0057295
nm0411688,tt0058379
nm0905268,tt0058409
nm0261967,tt0058409
nm0033259,tt0058430
nm0473984,tt0053134
nm0665902,tt0053242
nm1097940,tt0053259
nm0758535,tt0053270
nm0477553,tt0053390
nm0087017,tt0053619
nm0846616,tt0053765
nm0052334,tt0053765
nm0000059,tt0053796
nm0442955,tt0053892
nm0001313,tt0053917
nm0494538,tt0054156
nm0401921,tt0054205
nm0462073,tt0054286
nm2188177,tt0054350
nm4465175,tt0054350
nm0368969,tt0054350
nm0442955,tt0054366
nm0036734,tt0054377
nm0039520,tt0054389
nm0594348,tt0054460
nm0220997,tt0054494
nm0405859,tt0054665
nm0921276,tt0054665
nm0663263,tt0054745
nm0278258,tt0054763
nm0934599,tt0054763
nm0755401,tt0054845
nm0652961,tt0054845
nm0632630,tt0054861
nm4205881,tt0054861
nm0077989,tt0055082
nm0479626,tt0055093
nm0527555,tt0055093
nm0768031,tt0055269
nm0953414,tt0055399
nm0131904,tt0055399
nm0664885,tt0055499
nm0827137,tt0055506
nm0523597,tt0055601
nm0554656,tt0055601
nm0441961,tt0055630
nm0006166,tt0055852
nm0320864,tt0055913
nm0000125,tt0055928
nm0394699,tt0056049
nm1900186,tt0056144
nm0586352,tt0056327
nm0753479,tt0056444
nm0167474,tt0056514
nm0434553,tt0056562
nm0000901,tt0056636
nm0439344,tt0056663
nm0440914,tt0056663
nm0840578,tt0056680
nm0298576,tt0056680
nm0477461,tt0056680
nm0793567,tt0056714
nm0070748,tt0056732
nm0664965,tt0057076
nm0222627,tt0057590
nm0007023,tt0057643
nm0945414,tt0057710
nm0621452,tt0057715
nm0410983,tt0057715
nm0257932,tt0057829
nm0468698,tt0057935
nm0083878,tt0058001
nm0883582,tt0058003
nm0136211,tt0058003
nm0798408,tt0058006
nm0461847,tt0058138
nm0002085,tt0058150
nm0866186,tt0058335
nm0881540,tt0058349
nm0439344,tt0058533
nm0814799,tt0058533
nm0622416,tt0058544
nm0411688,tt0058544
nm0386284,tt0058544
nm0700112,tt0058564
nm1073047,tt0058625
nm0619228,tt0058652
nm0603088,tt0058715
nm0093514,tt0058780
nm0476196,tt0058858
nm0443232,tt0058888
nm0603402,tt0059012
nm0577203,tt0059012
nm0309470,tt0059160
nm0847396,tt0059205
nm0756292,tt0059205
nm0590452,tt0059229
nm0181305,tt0059229
nm0011244,tt0059346
nm0211715,tt0059456
nm0234312,tt0059456
nm0196190,tt0059456
nm0867391,tt0059554
nm0303413,tt0059592
nm0237612,tt0059616
nm0013109,tt0059619
nm0848406,tt0059715
nm0947627,tt0059884
nm0071908,tt0059909
nm0913843,tt0059919
nm0621456,tt0059942
nm0945416,tt0059942
nm5975117,tt0060082
nm1349715,tt0060138
nm0943827,tt0060231
nm0646141,tt0060231
nm0020072,tt0060263
nm0853392,tt0060440
nm1508493,tt0060586
nm2310375,tt0060635
nm0833290,tt0060675
nm0764407,tt0060742
nm0784029,tt0060742
nm0080249,tt0060742
nm0232240,tt0060758
nm0501259,tt0060758
nm0501260,tt0060758
nm0434140,tt0060770
nm0599700,tt0163324
nm0632757,tt0164982
nm0847562,tt0165339
nm0567945,tt0165773
nm16657486,tt0165926
nm0340267,tt0166896
nm0560103,tt0171685
nm15521171,tt0255274
nm3504238,tt0255441
nm3509397,tt0257954
nm0262402,tt0261118
nm0262506,tt0262432
nm0773973,tt0262432
nm0200745,tt0265197
nm0004757,tt0405861
nm0782820,tt0407929
nm8728614,tt10888456
nm7957937,tt10888456
nm0632689,tt14039582
nm0464884,tt1446089
nm0409267,tt1446089
nm1149137,tt1446089
nm3739332,tt1558972
nm13633904,tt19623228
nm8272878,tt19652910
nm5757162,tt2332801
nm5055799,tt29893103
nm0586565,tt5323760
nm9472182,tt5323760
nm0605270,tt0054144
nm0768566,tt0054144
nm0851071,tt0054144
nm0457219,tt0054151
nm0858054,tt0057336
nm0204838,tt0057344
nm0256061,tt0057357
nm0249735,tt0057358
nm0559146,tt0057374
nm0869927,tt0057495
nm0262775,tt0057495
nm0542063,tt0060545
nm0757102,tt0060560
nm0756032,tt0060560
nm0016251,tt0038854
nm0650976,tt0038913
nm7015433,tt0039091
nm0001739,tt0039192
nm0398466,tt0039224
nm0847204,tt0039406
nm0386944,tt0039417
nm0477767,tt0039423
nm0713106,tt0039631
nm0867401,tt0039651
nm0431922,tt0039677
nm0632041,tt0039689
nm0894677,tt0039822
nm0665967,tt0039822
nm9278678,tt0040092
nm0862696,tt0040098
nm0778306,tt0040155
nm0441410,tt0040413
nm0654712,tt0040413
nm0417180,tt0040636
nm0330961,tt0040725
nm0728402,tt0040737
nm0728466,tt0040737
nm0551533,tt0040917
nm0945468,tt0040979
nm0881540,tt0040980
nm0596097,tt0040980
nm0882255,tt0041154
nm0915614,tt0041460
nm0114436,tt0041460
nm0420011,tt0041460
nm0006741,tt0041719
nm0159258,tt0041886
nm0149027,tt0041931
nm0881303,tt0042056
nm0813463,tt0072443
nm0410247,tt0072962
nm0829717,tt0072962
nm0005368,tt0073107
nm0870657,tt0073152
nm0542690,tt0073166
nm0431714,tt0073166
nm1319467,tt0073166
nm0108400,tt0073219
nm0673097,tt0073246
nm0014420,tt0073373
nm3690814,tt0073373
nm2480282,tt0073467
nm0541967,tt0073467
nm0483069,tt0073540
nm2719505,tt0073654
nm0438047,tt0073841
nm0527602,tt0073858
nm0073479,tt0073948
nm0867401,tt0074102
nm0252850,tt0074168
nm0620756,tt0074486
nm0731286,tt0074486
nm0903137,tt0074515
nm0474658,tt0074749
nm0000482,tt0074868
nm0488221,tt0074868
nm0871320,tt0074901
nm0118160,tt0075165
nm0001334,tt0075744
nm0251708,tt0075744
nm0050264,tt0095310
nm0449489,tt0095417
nm0532536,tt0095467
nm0158911,tt0095467
nm0310702,tt0095467
nm0682099,tt0095467
nm0048121,tt0095468
nm0048315,tt0095515
nm1056838,tt0095515
nm0586733,tt0095597
nm0197252,tt0095597
nm0910738,tt0095951
nm1783481,tt0095961
nm16219726,tt0096294
nm0001041,tt0096461
nm0125608,tt0096841
nm0841085,tt0096841
nm0034934,tt0096841
nm0369838,tt0097052
nm0201151,tt0097106
nm0500984,tt0097106
nm0939275,tt0097202
nm0560325,tt0097372
nm0849095,tt0097444
nm0285795,tt0097531
nm0025787,tt0097603
nm1970718,tt0097603
nm0784661,tt0097728
nm0859476,tt0097940
nm0226207,tt0098327
nm0741388,tt0098368
nm0662730,tt0098368
nm0896801,tt0098532
nm0897535,tt0098532
nm0594640,tt0143012
nm0194672,tt0143088
nm0848991,tt0143348
nm0423153,tt0144020
nm0001916,tt0150430
nm0012603,tt0150980
nm0372732,tt0151568
nm0377580,tt0154420
nm0634297,tt0154506
nm0029464,tt0154506
nm0637894,tt0154683
nm0652944,tt0154683
nm0865798,tt0154683
nm0442891,tt0253967
nm0521443,tt0254686
nm0160803,tt0311913
nm6312201,tt0391483
nm6312202,tt0391483
nm2370737,tt0462757
nm0724806,tt0469835
nm1399222,tt1173745
nm3335396,tt1173745
nm1558628,tt13648224
nm14924791,tt13648224
nm6796879,tt1376717
nm0467248,tt2017464
nm0070159,tt20205236
nm0001602,tt20212786
nm2207625,tt27502227
nm0373905,tt27502250
nm3931094,tt27502360
nm2083076,tt27502360
nm9573750,tt29271889
nm16431751,tt29279903
nm10493259,tt9617512
nm0004291,tt0050188
nm0885098,tt0050193
nm0386284,tt0050251
nm0666332,tt0050307
nm0434593,tt0050330
nm0533387,tt0050393
nm0465531,tt0050421
nm0000865,tt0050574
nm0408992,tt0050598
nm0759967,tt0050634
nm0112560,tt0050986
nm0430746,tt0051365
nm0093655,tt0051378
nm0252666,tt0051390
nm0846966,tt0051512
nm0298575,tt0051584
nm0877908,tt0051706
nm0109421,tt0051706
nm0754955,tt0051720
nm0849011,tt0051720
nm0755401,tt0051720
nm0877230,tt0051739
nm0594542,tt0051808
nm0849011,tt0051828
nm0713267,tt0051879
nm0847301,tt0051955
nm0867391,tt0051980
nm0129055,tt0051994
nm0236185,tt0051994
nm2576430,tt0052016
nm0002094,tt0052216
nm0320758,tt0052556
nm0080370,tt0052572
nm0442951,tt0052579
nm0757021,tt0052579
nm0698564,tt0052600
nm0476822,tt0052600
nm0389178,tt0052654
nm0294401,tt0052893
nm0882354,tt0052957
nm1371186,tt0052957
nm0078665,tt0052961
nm0945522,tt0053114
nm0357289,tt0053121
nm0000654,tt0087414
nm10771095,tt0087571
nm0122336,tt0087763
nm0044918,tt0087789
nm0001409,tt0087821
nm0307781,tt0087821
nm11814706,tt0088196
nm0586355,tt0088222
nm0071163,tt0088222
nm0766491,tt0088222
nm0367134,tt0088275
nm0220193,tt0088275
nm9680632,tt0088992
nm0868092,tt0088992
nm0919924,tt0089015
nm0564107,tt0089015
nm0151787,tt0089177
nm0391835,tt0089343
nm0939281,tt0089371
nm0868640,tt0089424
nm0902059,tt0089606
nm0171170,tt0089742
nm0658434,tt0089742
nm9045158,tt0089742
nm0157797,tt0089866
nm0822004,tt0089902
nm0900097,tt0089902
nm0753479,tt0090182
nm0040916,tt0090182
nm0350079,tt0090251
nm0095478,tt0090251
nm0572430,tt0090252
nm0258751,tt0090252
nm0882853,tt0090297
nm0175262,tt0090297
nm0230335,tt0090766
nm0005815,tt0090955
nm1998668,tt0090956
nm0849036,tt0091136
nm0645202,tt0091136
nm0046575,tt0091251
nm0523597,tt0091288
nm0241386,tt0091461
nm0305324,tt0091830
nm0315050,tt0091830
nm0743925,tt0091859
nm0236902,tt0091867
nm0465209,tt0091946
nm0949215,tt0091960
nm1000789,tt0091960
nm0497147,tt0091971
nm0823196,tt0091971
nm0757296,tt0092048
nm0182946,tt0092219
nm0873499,tt0092219
nm0809148,tt0092238
nm0951546,tt0092238
nm0926036,tt0092238
nm0690958,tt0092252
nm0000334,tt0092263
nm0660911,tt0092557
nm0280132,tt0092593
nm0000804,tt0092603
nm0639152,tt0092603
nm1474098,tt0092963
nm0645833,tt0092963
nm0862919,tt0093006
nm0019528,tt0093006
nm0783810,tt0093238
nm0241748,tt0093389
nm0156869,tt0093422
nm0939075,tt0093426
nm0516283,tt0093426
nm0628731,tt0093435
nm0875275,tt0093435
nm0559465,tt0093502
nm0329301,tt0093843
nm0156449,tt0093944
nm0000367,tt0094011
nm0874684,tt0094357
nm0529543,tt0094596
nm0445134,tt0094675
nm0846754,tt0094858
nm0623762,tt0094933
nm0049559,tt0240419
nm0921608,tt0247380
nm0921608,tt0345128
nm0538048,tt0460829
nm0047887,tt0460829
nm1753302,tt0838221
nm2400521,tt0847817
nm16397973,tt1000769
nm4602870,tt1020773
nm0501437,tt1157605
nm1518068,tt16279390
nm13169649,tt16279390
nm4825197,tt16294920
nm0000818,tt2190196
nm0396125,tt2764784
nm7582315,tt4935446
nm0001179,tt0093267
nm0225698,tt0093284
nm3973450,tt0093304
nm0744600,tt0042217
nm2518048,tt0042477
nm0744021,tt0042477
nm0208375,tt0042692
nm0131036,tt0042692
nm0639385,tt0042783
nm0784119,tt0043159
nm0585525,tt0043362
nm0124482,tt0043386
nm0323010,tt0043532
nm0839251,tt0043567
nm0472234,tt0043567
nm0848984,tt0043587
nm0330101,tt0043601
nm0441961,tt0043707
nm0458033,tt0044060
nm0586733,tt0044163
nm0615698,tt0044495
nm0518178,tt0044602
nm0297869,tt0044741
nm0915077,tt0044744
nm0339343,tt0044744
nm0441173,tt0044986
nm0387753,tt0045056
nm0115556,tt0045251
nm0305509,tt0045361
nm0554805,tt0045361
nm0853392,tt0045935
nm0837430,tt0045971
nm0201638,tt0046022
nm0674629,tt0046022
nm0079246,tt0046447
nm0875208,tt0046468
nm0879918,tt0046478
nm0001695,tt0046511
nm0837503,tt0046750
nm0197592,tt0046911
nm0518337,tt0047167
nm0586733,tt0047444
nm0846152,tt0047445
nm0335048,tt0047469
nm0603761,tt0047469
nm0594348,tt0047478
nm0467566,tt0047478
nm0302853,tt0047528
nm0320399,tt0047528
nm0303684,tt0047821
nm0556399,tt0047876
nm0086730,tt0047876
nm0067377,tt0047930
nm0006807,tt0048133
nm0537571,tt0048133
nm0624372,tt0048198
nm0846187,tt0048198
nm0511409,tt0048272
nm0052333,tt0048473
nm0194193,tt0048500
nm0414965,tt0048641
nm0052333,tt0048956
nm0946660,tt0049012
nm0555718,tt0049177
nm0000003,tt0049182
nm0004462,tt0049189
nm0681444,tt0049531
nm0007214,tt0049552
nm0001013,tt0049730
nm0722665,tt0049761
nm0386284,tt0049782
nm0648520,tt0049782
nm0473984,tt0049821
nm0473984,tt0049976
nm0125824,tt0118818
nm0004647,tt0119174
nm0429171,tt0119755
nm0210217,tt0119844
nm0239155,tt0119844
nm0813691,tt0120674
nm0525570,tt0122111
nm0261967,tt0122136
nm0484968,tt0122371
nm0034934,tt0173240
nm0766225,tt0174707
nm0463514,tt0174708
nm0194638,tt0176049
nm0339442,tt0217853
nm0875114,tt0218817
nm0055554,tt0223027
nm0192412,tt0223027
nm0467601,tt0312886
nm2705291,tt0312886
nm1172857,tt0318346
nm0850917,tt0318346
nm12025581,tt0318346
nm12025583,tt0318346
nm1971931,tt0319836
nm0854024,tt0415906
nm0000782,tt0422720
nm0910912,tt0423176
nm0537380,tt1015968
nm4468273,tt2006181
nm8533607,tt28419037
nm0924210,tt2963262
nm9184542,tt2963262
nm0880521,tt4621016
nm0000761,tt6725014
nm0547140,tt6725014
nm2531170,tt0060959
nm2530294,tt0060959
nm0499361,tt0061132
nm0548635,tt0061196
nm0000743,tt0061495
nm0059010,tt0061613
nm0540245,tt0061620
nm0014062,tt0061834
nm0555466,tt0061856
nm0756506,tt0061856
nm0643473,tt0061912
nm0898480,tt0061996
nm0131795,tt0062136
nm0344248,tt0062411
nm17391026,tt0062456
nm0532648,tt0062492
nm0001995,tt0062873
nm0320760,tt0062893
nm0347827,tt0062952
nm0688895,tt0063278
nm0017982,tt0063342
nm0467099,tt0063527
nm0157105,tt0063555
nm0025002,tt0063555
nm0948398,tt0063598
nm0766225,tt0063598
nm0560589,tt0063791
nm0441526,tt0063834
nm0875207,tt0063834
nm0000176,tt0083722
nm0002039,tt0083722
nm0000893,tt0083722
nm0785264,tt0083859
nm0859083,tt0083859
nm0000296,tt0083869
nm0940697,tt0083869
nm0493691,tt0084116
nm1272943,tt0084130
nm0136184,tt0084383
nm0475049,tt0084388
nm0539399,tt0084565
nm0449667,tt0084628
nm0031511,tt0084740
nm0001233,tt0084867
nm0086783,tt0084867
nm0665540,tt0085180
nm0403608,tt0085267
nm0809321,tt0085279
nm0155164,tt0085533
nm0906402,tt0085864
nm0155582,tt0085864
nm0000447,tt0085891
nm0231319,tt0086087
nm0063393,tt0086479
nm0909009,tt0086479
nm0040172,tt0086551
nm4560742,tt0086631
nm4477160,tt0086631
nm0276466,tt0086650
nm0244707,tt0086889
nm0310490,tt0086979
nm0785389,tt0087188
nm0637360,tt0111507
nm0722089,tt0111845
nm0833225,tt0112364
nm0435760,tt0112445
nm0059533,tt0112445
nm0126021,tt0112817
nm0000628,tt0112887
nm1477458,tt0113145
nm0009318,tt0113247
nm0006939,tt0114794
nm0000366,tt0114794
nm0151127,tt0116070
nm1060631,tt0116070
nm1060331,tt0116070
nm0000588,tt0116261
nm0001496,tt0116293
nm0076957,tt0116293
nm0014773,tt0116643
nm0001041,tt0116650
nm0594156,tt0117296
nm0792354,tt0117394
nm0286040,tt0118147
nm0005091,tt0118147
nm0785664,tt0118644
nm0075321,tt0269461
nm0898317,tt0273874
nm1492328,tt0348529
nm1495214,tt0348529
nm0723017,tt0398883
nm0697637,tt1065073
nm1227232,tt1527186
nm0159802,tt1527186
nm0000457,tt1527186
nm2932868,tt1909796
nm0000343,tt27729122
nm0401210,tt30439035
nm1081573,tt6423776
nm0086129,tt6423776
nm1905770,tt7298400
nm0853392,tt0063172
nm0442876,tt0063173
nm0395953,tt0063186
nm0147803,tt0014109
nm0336414,tt0014417
nm0579663,tt0014624
nm1159058,tt0015648
nm0026849,tt0015841
nm0417012,tt0016630
nm0097848,tt0017075
nm0533045,tt0017925
nm0267650,tt0017925
nm0807667,tt0017925
nm0840605,tt0064373
nm0289822,tt0064390
nm0831471,tt0064437
nm0159629,tt0064437
nm0814740,tt0064536
nm0754744,tt0064674
nm0000005,tt0064793
nm0002769,tt0064816
nm1331888,tt0064816
nm0565499,tt0065036
nm0862735,tt0065261
nm0927093,tt0065261
nm0263967,tt0065591
nm0367961,tt0065600
nm0793729,tt0065649
nm0147561,tt0065651
nm0599284,tt0065772
nm0001396,tt0065780
nm0054554,tt0065780
nm0642902,tt0065913
nm0244040,tt0066065
nm0911093,tt0066602
nm0001536,tt0066603
nm0867573,tt0066773
nm0287195,tt0066773
nm0247955,tt0066826
nm0331838,tt0066826
nm0645398,tt0067148
nm0311619,tt0067185
nm0483965,tt0067755
nm0688526,tt0067778
nm0576851,tt0067959
nm0051414,tt0067959
nm0383449,tt0067961
nm0321248,tt0067961
nm0903137,tt0067962
nm0481186,tt0068207
nm0379258,tt0068278
nm1071572,tt0068379
nm0247938,tt0068816
nm0377219,tt0069086
nm0114982,tt0069198
nm0958208,tt0069400
nm0027683,tt0069467
nm0345774,tt0070007
nm0367006,tt0070155
nm1037021,tt0070155
nm1190502,tt0070528
nm0062010,tt0070544
nm0885286,tt0070544
nm0266292,tt0070820
nm0228033,tt0070820
nm0387205,tt0070832
nm0373289,tt0071141
nm0843348,tt0071141
nm5404816,tt0071219
nm0518579,tt0071458
nm0489773,tt0071458
nm0148041,tt0071487
nm0004242,tt0071544
nm0463590,tt0071565
nm0570758,tt0071571
nm1178384,tt0071587
nm0530571,tt0071733
nm0051115,tt0071737
nm0598777,tt0071797
nm1050001,tt0071833
nm0998965,tt0071833
nm14886111,tt0071859
nm0001958,tt0071910
nm0896235,tt0071910
nm0001501,tt0071999
nm0133532,tt0072030
nm0435299,tt0072157
nm0465531,tt0072157
nm1080104,tt0137338
nm4740347,tt0139500
nm4740249,tt0139500
nm8314159,tt0139641
nm7615634,tt0191066
nm1177042,tt0191664
nm0434595,tt0191664
nm13253432,tt0194523
nm4104109,tt0278782
nm0898546,tt0280380
nm0155618,tt0374339
nm0497578,tt0379217
nm0000114,tt0379217
nm3571139,tt0379269
nm2821065,tt0383020
nm0753479,tt0385202
nm1950086,tt1189367
nm1433314,tt1322903
nm0954704,tt19841734
nm0001078,tt1985144
nm0702671,tt26441793
nm1638321,tt26442871
nm6412766,tt26442871
nm4440340,tt30810792
nm10386336,tt30810792
nm0383022,tt31055572
nm0395975,tt31055572
nm8113643,tt32086077
nm16175448,tt32086077
nm0884404,tt0064546
nm0484635,tt0064591
nm0282894,tt0064620
nm0254609,tt0030888
nm0223005,tt0031309
nm0423635,tt0031309
nm0020600,tt0031334
nm0702454,tt0031514
nm0850950,tt0031544
nm0243454,tt0031575
nm0872454,tt0031575
nm0724732,tt0031831
nm0330961,tt0031968
nm0222596,tt0031971
nm0000046,tt0032179
nm0317970,tt0032553
nm0516876,tt0032599
nm0702798,tt0032728
nm1724515,tt0033654
nm0111751,tt0033858
nm0240178,tt0033868
nm0399648,tt0033868
nm0871674,tt0033868
nm0300064,tt0034093
nm0087926,tt0034093
nm0089314,tt0034240
nm0256298,tt0034272
nm0297793,tt0034298
nm0948989,tt0034298
nm0756870,tt0034298
nm0295706,tt0034493
nm0392442,tt0034587
nm0753479,tt0034591
nm0762966,tt0034591
nm0424228,tt0034734
nm0445523,tt0034881
nm0587061,tt0034891
nm0642571,tt0034928
nm0425903,tt0034928
nm1213359,tt0035001
nm0200659,tt0035039
nm0240836,tt0035446
nm0889024,tt0035737
nm0460939,tt0036112
nm0031889,tt0036400
nm1279852,tt0036506
nm0729959,tt0036914
nm0837360,tt0036947
nm0849481,tt0036947
nm1283423,tt0036977
nm0835738,tt0037035
nm0479626,tt0037630
nm0531705,tt0037638
nm0752878,tt0037638
nm0164441,tt0037638
nm0042083,tt0038363
nm0601440,tt0038480
nm0387753,tt0038574
nm0838066,tt0038574
nm0402558,tt0038574
nm0312890,tt0038577
nm0132797,tt0038823
nm0340854,tt0038824
nm0410965,tt0123334
nm0953730,tt0124888
nm0717086,tt0125554
nm0583207,tt0125554
nm0635330,tt0125659
nm0612876,tt0126654
nm0375787,tt0126661
nm0440839,tt0126721
nm0944886,tt0126908
nm0913777,tt0131013
nm0632761,tt0133089
nm0441375,tt0133089
nm0591875,tt0133122
nm0441961,tt0134749
nm0619938,tt0134771
nm0594348,tt0134771
nm0410968,tt0134805
nm0594652,tt0134805
nm0495776,tt0196355
nm0288204,tt0196355
nm0128509,tt0197704
nm0594640,tt0200769
nm0394693,tt0202154
nm2676899,tt0202434
nm0475236,tt0202507
nm1565823,tt0203608
nm0559630,tt0203635
nm0463514,tt0203635
nm0906723,tt0203797
nm0015176,tt0203797
nm4671069,tt0204066
nm0209137,tt0207645
nm0155211,tt0369060
nm1284845,tt0369060
nm0156432,tt0369060
nm1616820,tt0373175
nm0937835,tt0427550
nm0177639,tt1095217
nm4860772,tt1403047
nm6221606,tt14407336
nm16345585,tt1568924
nm16345568,tt1568924
nm12443906,tt27958252
nm3511314,tt35022825
nm0475411,tt5222918
nm4253107,tt9031484
nm0847025,tt9031484
nm0036500,tt0007340
nm0803705,tt0008663
nm0803705,tt0008879
nm0749281,tt0011870
nm0074788,tt0012349
nm0000456,tt0106918
nm0677573,tt0107259
nm0094789,tt0107260
nm1530865,tt0107384
nm1438685,tt0107384
nm0921105,tt0108366
nm0703364,tt0108394
nm0265717,tt0108554
nm0111985,tt0108554
nm0955690,tt0109424
nm16047054,tt0109586
nm0001461,tt0109702
nm0269735,tt0109702
nm0684161,tt0110057
nm2087748,tt0155667
nm0659029,tt0156587
nm0724688,tt0157122
nm0457519,tt0160440
nm0557561,tt0209933
nm0620756,tt0212016
nm0016768,tt0212772
nm1230844,tt0329429
nm0337348,tt0436811
nm3013376,tt0929425
nm2698343,tt0990404
nm0526581,tt1232826
nm3010930,tt1232826
nm0014215,tt1287878
nm6531090,tt16022080
nm5695748,tt2035630
nm5695762,tt2035630
nm12329344,tt7262782
nm5120699,tt8943224
nm0932381,tt0018051
nm0067634,tt0018054
nm0001076,tt0018528
nm0761866,tt0018773
nm0507827,tt0019421
nm0407329,tt0019796
nm0001452,tt0020269
nm0560614,tt0020451
nm0070757,tt0020572
nm0415199,tt0020814
nm0344930,tt0020814
nm0355642,tt0020876
nm0944941,tt0021406
nm0090695,tt0021409
nm0047720,tt0021890
nm0948989,tt0022048
nm0756870,tt0022048
nm0107539,tt0022080
nm0721169,tt0022080
nm0945320,tt0022485
nm0791260,tt0022599
nm0405327,tt0022599
nm0202120,tt0022718
nm0065442,tt0022718
nm0580916,tt0023180
nm0376681,tt0023238
nm0574743,tt0023241
nm8125999,tt0023345
nm0441568,tt0023450
nm0226158,tt0023563
nm0537629,tt0023563
nm0350797,tt0023649
nm0591540,tt0024120
nm0632764,tt0024120
nm0515194,tt0024473
nm0612913,tt0024710
nm0871681,tt0024757
nm0475732,tt0024793
nm0378848,tt0025062
nm0594076,tt0025214
nm0306978,tt0025748
nm0198480,tt0026406
nm1743016,tt0026549
nm0052203,tt0026966
nm0252472,tt0027062
nm0432040,tt0075933
nm0561431,tt0075933
nm0214893,tt0075938
nm0307397,tt0076085
nm0632664,tt0076124
nm0107805,tt0076221
nm0001914,tt0076240
nm0562919,tt0076263
nm0023829,tt0076299
nm5184640,tt0076855
nm0228091,tt0077309
nm0025546,tt0077655
nm0689433,tt0077711
nm0424167,tt0077729
nm0873142,tt0077729
nm0252843,tt0077751
nm0328604,tt0077878
nm0626161,tt0077878
nm0896417,tt0077878
nm0949707,tt0077964
nm0957193,tt0078152
nm0000457,tt0078259
nm0176061,tt0079083
nm0391485,tt0079083
nm0605712,tt0079317
nm0394086,tt0079596
nm0483876,tt0079672
nm0675525,tt0079854
nm0050482,tt0080310
nm0371824,tt0080310
nm0071502,tt0080397
nm0752571,tt0080678
nm0201089,tt0080889
nm3148352,tt0080964
nm0605365,tt0081070
nm0860054,tt0081070
nm0305368,tt0081176
nm0096501,tt0081176
nm0479609,tt0081176
nm0025546,tt0081499
nm0000125,tt0081633
nm4519728,tt0082117
nm0369643,tt0082176
nm0541148,tt0082275
nm0051502,tt0082313
nm0619771,tt0082318
nm0887161,tt0082370
nm0173578,tt0082370
nm1166897,tt0082599
nm0361717,tt0082601
nm0000728,tt0082671
nm0513089,tt0082912
nm0551839,tt0082912
nm0063393,tt0082927
nm0171475,tt0082934
nm2906620,tt0186508
nm0685651,tt0186730
nm0434191,tt0186730
nm0126724,tt0186730
nm0202233,tt0188388
nm0281758,tt0189330
nm0002776,tt0189330
nm5597264,tt0292066
nm1153046,tt0360839
nm0406737,tt0366668
nm0367917,tt0366668
nm0465214,tt0366668
nm1922376,tt0366668
nm0771993,tt1225902
nm0254712,tt1225902
nm0161511,tt1714210
nm5025010,tt2291230
nm0272677,tt2358891
nm2082033,tt26270862
nm10135815,tt26315142
nm3609766,tt29002950
nm1583973,tt33253824
nm10220244,tt4420704
nm10220247,tt4420704
nm0395259,tt5258306
nm0632807,tt5778628
nm2881475,tt0027307
nm0300064,tt0027342
nm0335738,tt0027342
nm0347541,tt0027478
nm0090008,tt0027977
nm0018685,tt0027977
nm0107575,tt0027985
nm0219666,tt0027985
nm0449858,tt0028112
nm0006471,tt0028167
nm0515193,tt0028167
nm0099608,tt0028212
nm0223168,tt0028212
nm0293415,tt0028667
nm0166972,tt0029002
nm0053354,tt0029002
nm0732079,tt0029081
nm1149453,tt0029314
nm0756679,tt0029394
nm0340854,tt0029453
nm0757104,tt0029557
nm0163515,tt0029811
nm0650115,tt0029850
nm0412202,tt0029850
nm0166974,tt0029952
nm0753679,tt0029957
nm0135247,tt0029982
nm0731182,tt0030063
nm0856469,tt0030082
nm0096737,tt0030337
nm0442664,tt0030337
nm0662116,tt0030341
nm0871298,tt0030341
nm2807447,tt0030522
nm1871000,tt0030523
nm1747452,tt0030523
nm0142120,tt0030642
nm1078429,tt0030642
nm0751638,tt0098625
nm0173254,tt0098725
nm0665215,tt0098725
nm0352806,tt0098725
nm0871209,tt0099286
nm0727319,tt0099334
nm0243845,tt0099341
nm0950757,tt0099881
nm0267449,tt0100142
nm0386724,tt0100223
nm0001041,tt0101258
nm0490500,tt0101258
nm0031584,tt0101258
nm0154122,tt0101279
nm0265989,tt0101458
nm0827989,tt0101765
nm0212159,tt0102141
nm0001165,tt0102456
nm0159529,tt0102456
nm0000112,tt0102458
nm0001687,tt0102536
nm9681398,tt0102594
nm0000664,tt0102685
nm0001525,tt0102685
nm0576141,tt0102687
nm0635628,tt0102687
nm0925242,tt0102687
nm0490647,tt0102932
nm0000334,tt0103044
nm0263851,tt0103295
nm0295823,tt0103793
nm0075835,tt0103882
nm0501258,tt0103905
nm1077284,tt0104224
nm1464207,tt0104224
nm0504897,tt0104684
nm0477231,tt0104684
nm0540516,tt0104753
nm0619227,tt0105060
nm4482936,tt0105821
nm0064374,tt0106579
nm0593057,tt0106651
nm1235334,tt0230334
nm0053912,tt0295671
nm0565357,tt0296881
nm0581953,tt0304678
nm3107429,tt0478000
nm1659221,tt1084950
nm12175356,tt10849514
nm12175355,tt10849514
nm0907648,tt1103275
nm0382000,tt1103275
nm7450855,tt14906708
nm0339737,tt2276069
nm3501146,tt2347569
nm0911660,tt2972098
nm5871829,tt3091286
nm0183822,tt3544082
nm0000095,tt5305230
nm4048088,tt9595506
nm0959184,tt0056844
nm0889024,tt0056845
nm0542690,tt0056846
nm0158956,tt0056846
nm0373216,tt0056854
nm0415898,tt0056919
nm0781327,tt0056919
nm0525793,tt0056945
nm0255900,tt0057261
nm5566660,tt0057277
nm0395953,tt0058379
nm0411769,tt0058379
nm0846966,tt0058379
nm0411028,tt0058409
nm0511085,tt0058414
nm3472072,tt0058430
nm0070713,tt0058458
nm0234332,tt0053146
nm0280961,tt0053198
nm0557407,tt0053242
nm0372649,tt0053242
nm0864798,tt0053259
nm0325959,tt0053270
nm1300153,tt0053270
nm0848984,tt0053390
nm0409963,tt0053390
nm0076370,tt0053472
nm0361697,tt0053579
nm0001827,tt0053604
nm0828653,tt0053604
nm0557159,tt0053619
nm0154110,tt0053765
nm0000761,tt0053772
nm0001215,tt0053796
nm0412615,tt0053842
nm0285576,tt0053917
nm0699549,tt0054156
nm0559705,tt0054286
nm0949045,tt0054350
nm1033299,tt0054350
nm0580440,tt0054389
nm0437128,tt0054389
nm0711192,tt0054407
nm0000027,tt0054412
nm0948772,tt0054412
nm0193862,tt0054412
nm0434593,tt0054460
nm0753479,tt0054460
nm0709503,tt0054780
nm0088480,tt0054803
nm0631992,tt0054803
nm0670824,tt0054803
nm1354704,tt0054940
nm0377306,tt0055082
nm0620241,tt0055233
nm2596740,tt0055233
nm0007023,tt0055310
nm0720781,tt0055320
nm0816537,tt0055320
nm0027683,tt0055499
nm0085038,tt0055499
nm0578527,tt0055506
nm0050953,tt0055572
nm0793766,tt0055630
nm0658633,tt0055830
nm0545378,tt0055852
nm0205815,tt0055852
nm0473984,tt0056003
nm0357272,tt0056003
nm0407030,tt0056058
nm0594062,tt0056135
nm0406737,tt0056144
nm0071034,tt0056210
nm0029844,tt0056512
nm0099336,tt0056636
nm0023715,tt0056714
nm0025954,tt0056732
nm0075251,tt0056732
nm0111610,tt0056732
nm0244041,tt0056732
nm0590452,tt0056801
nm0266194,tt0056801
nm0864113,tt0057058
nm0512502,tt0057611
nm0592756,tt0057632
nm0913843,tt0057697
nm0323530,tt0057697
nm0768032,tt0057714
nm0096654,tt0058003
nm0823592,tt0058182
nm0033171,tt0058279
nm1759642,tt0058279
nm0395953,tt0058544
nm0411769,tt0058544
nm0479941,tt0058557
nm0303960,tt0058557
nm0645402,tt0058625
nm0632734,tt0058625
nm0620206,tt0058698
nm0297843,tt0058698
nm0540300,tt0058780
nm0015957,tt0058780
nm0357240,tt0058858
nm0757021,tt0058858
nm0352835,tt0058946
nm0102073,tt0058985
nm0237244,tt0059063
nm0728402,tt0059160
nm0972609,tt0059177
nm0875237,tt0059205
nm5486553,tt0059303
nm0315917,tt0059417
nm0611546,tt0059417
nm0585919,tt0059456
nm1275648,tt0059459
nm1276591,tt0059459
nm0472654,tt0059581
nm0882898,tt0059581
nm2974154,tt0059581
nm0189313,tt0059653
nm0601124,tt0059909
nm0944779,tt0059919
nm0766288,tt0059919
nm0000805,tt0059934
nm5471622,tt0060082
nm0410943,tt0060082
nm0480711,tt0060138
nm0844675,tt0060223
nm0196992,tt0060263
nm0585981,tt0060263
nm0678556,tt0060263
nm0619824,tt0060277
nm0632757,tt0060277
nm0512502,tt0060740
nm0846616,tt0060742
nm0107012,tt0060770
nm0369741,tt0060802
nm0179828,tt0161292
nm0114755,tt0163324
nm0001145,tt0163324
nm0437482,tt0164982
nm0327104,tt0164983
nm1944352,tt0164984
nm0849433,tt0165078
nm0139388,tt0166896
nm0250468,tt0166896
nm0267130,tt0169606
nm4997436,tt0255274
nm0480231,tt0255274
nm14554552,tt0255438
nm16437944,tt0255441
nm3530918,tt0257954
nm0508644,tt0258885
nm0248568,tt0259255
nm0850809,tt0261739
nm0497081,tt0262432
nm0852532,tt0262432
nm1054200,tt0262432
nm0948123,tt0405861
nm3627166,tt0407929
nm14379067,tt14641542
nm0055261,tt14781332
nm4470589,tt1558972
nm2227135,tt2332801
nm0930094,tt4288356
nm2963019,tt5323760
nm8392076,tt5507860
nm0227704,tt5507860
nm7658176,tt6910282
nm0159350,tt0054073
nm0080346,tt0054073
nm0900143,tt0054130
nm0849011,tt0054151
nm0890909,tt0057336
nm0893834,tt0057336
nm0148858,tt0057344
nm0765823,tt0057363
nm2308688,tt0057374
nm0644794,tt0057374
nm0000578,tt0057427
nm0353916,tt0057427
nm0727210,tt0057468
nm0034013,tt0057468
nm0434553,tt0057494
nm0837420,tt0057494
nm0410965,tt0057494
nm0239532,tt0057495
nm0555655,tt0057495
nm0837350,tt0057503
nm0867401,tt0060486
nm0464587,tt0060486
nm0438047,tt0060486
nm0429711,tt0060529
nm0620131,tt0060560
nm0002025,tt0038854
nm0040140,tt0038913
nm0137569,tt0038913
nm0849011,tt0039074
nm0442886,tt0039074
nm0476182,tt0039074
nm0361697,tt0039090
nm0793766,tt0039090
nm0945380,tt0039091
nm0126402,tt0039192
nm0387753,tt0039195
nm0731182,tt0039195
nm0001119,tt0039224
nm1166752,tt0039423
nm0507673,tt0039631
nm0757104,tt0039651
nm0464584,tt0039651
nm0296365,tt0039822
nm0596415,tt0039834
nm0375167,tt0039834
nm0620172,tt0039871
nm1166593,tt0039871
nm1168216,tt0039871
nm0601476,tt0040098
nm0441574,tt0040413
nm0873743,tt0040416
nm0460874,tt0040725
nm0001536,tt0040979
nm0440375,tt0040979
nm0614035,tt0041232
nm1872735,tt0041232
nm0594542,tt0041699
nm0867391,tt0041699
nm0544786,tt0041719
nm0138892,tt0041719
nm0002897,tt0041735
nm0001647,tt0041735
nm0645269,tt0042056
nm0945544,tt0042059
nm0001687,tt0072417
nm0864798,tt0072439
nm0766225,tt0072439
nm0317340,tt0072709
nm0942604,tt0073076
nm0001376,tt0073219
nm0208311,tt0073246
nm2479653,tt0073467
nm0607609,tt0073540
nm0157467,tt0073540
nm0849006,tt0073654
nm0632757,tt0073841
nm0000728,tt0073858
nm0462208,tt0074102
nm0467954,tt0074168
nm0850494,tt0074220
nm0591930,tt0074312
nm0021251,tt0074312
nm0774262,tt0074312
nm0183491,tt0074486
nm0861838,tt0074515
nm0137046,tt0074749
nm0681368,tt0074868
nm0530571,tt0074883
nm0001826,tt0074901
nm0042104,tt0074916
nm0510126,tt0075098
nm0064114,tt0075098
nm0230663,tt0075367
nm0899062,tt0075404
nm0362222,tt0075654
nm0000454,tt0075675
nm0004834,tt0075744
nm0843772,tt0095467
nm0333571,tt0095467
nm0953658,tt0095468
nm0048384,tt0095515
nm0093684,tt0095583
nm0992732,tt0095961
nm0248680,tt0096163
nm0011278,tt0096257
nm0000502,tt0096294
nm0851731,tt0096336
nm0498218,tt0096472
nm0875951,tt0097052
nm0751752,tt0097099
nm0071744,tt0097106
nm0842641,tt0097372
nm0740452,tt0097372
nm0593055,tt0097444
nm0437482,tt0097444
nm0867233,tt0097531
nm0466260,tt0097728
nm0310361,tt0097884
nm0900572,tt0098112
nm0272146,tt0098327
nm0631741,tt0098532
nm0867158,tt0143088
nm0945562,tt0143428
nm0645202,tt0143428
nm0432775,tt0144020
nm0810058,tt0151568
nm0066114,tt0151568
nm0561128,tt0251300
nm0879945,tt0253967
nm0477868,tt0254686
nm1515145,tt0391483
nm0809421,tt0469835
nm0442709,tt0781599
nm10279357,tt13648224
nm1650019,tt2017464
nm15212779,tt20205236
nm0001993,tt20212786
nm6331906,tt29279903
nm0762965,tt29279903
nm8206306,tt5795752
nm0184108,tt8371772
nm0411694,tt0050421
nm0168215,tt0050458
nm0484756,tt0050458
nm0512081,tt0050585
nm0000122,tt0050598
nm0765825,tt0050613
nm0958284,tt0050634
nm0785792,tt0050706
nm0025940,tt0050976
nm0294892,tt0050986
nm0847197,tt0051093
nm0945522,tt0051093
nm0001884,tt0051365
nm0790096,tt0051390
nm0784119,tt0051512
nm0386284,tt0051512
nm0820615,tt0051542
nm0180920,tt0051542
nm0560022,tt0051542
nm0448765,tt0051706
nm0034836,tt0051720
nm0000027,tt0051739
nm0262725,tt0051879
nm0753479,tt0051955
nm0407329,tt0051955
nm0595105,tt0051980
nm0869451,tt0052216
nm0605270,tt0052414
nm0411723,tt0052540
nm2159500,tt0052540
nm0150495,tt0052556
nm0875362,tt0052579
nm0473041,tt0052600
nm0217069,tt0052805
nm0572224,tt0052805
nm0053289,tt0052893
nm0762966,tt0052981
nm0018776,tt0052997
nm0541149,tt0087322
nm0940327,tt0087414
nm0862892,tt0087789
nm0269808,tt0087789
nm0513373,tt0087821
nm0077669,tt0087884
nm0595025,tt0087884
nm0741948,tt0088184
nm0091369,tt0088184
nm11814708,tt0088196
nm0472151,tt0088275
nm0644686,tt0088318
nm0681566,tt0088383
nm0161717,tt0088383
nm0158656,tt0089177
nm0876603,tt0089374
nm0158605,tt0089374
nm0135629,tt0089424
nm0619070,tt0089603
nm0387140,tt0089606
nm0171008,tt0089742
nm0457215,tt0089746
nm0001186,tt0089838
nm0293889,tt0089960
nm0708136,tt0089960
nm0375629,tt0090037
nm0109325,tt0090559
nm0201462,tt0090563
nm0068748,tt0090563
nm0001823,tt0090967
nm0351334,tt0091136
nm0000706,tt0091229
nm0482580,tt0091293
nm4739701,tt0091293
nm0001059,tt0091538
nm0676370,tt0091538
nm0622305,tt0091538
nm0729673,tt0091830
nm0465162,tt0091946
nm0620018,tt0091946
nm0594421,tt0092048
nm0441410,tt0092048
nm0477871,tt0092149
nm0658667,tt0092149
nm0116211,tt0092219
nm0203466,tt0092238
nm0659553,tt0092557
nm1474466,tt0092963
nm0004486,tt0093191
nm0359177,tt0093389
nm0971063,tt0093435
nm0945734,tt0093502
nm0197252,tt0093502
nm0241534,tt0093505
nm0473432,tt0093599
nm2955684,tt0093733
nm0118024,tt0093843
nm0477071,tt0093944
nm1303254,tt0093978
nm9955042,tt0094248
nm0160823,tt0094357
nm0856564,tt0094375
nm0151866,tt0094375
nm0155264,tt0094375
nm0320770,tt0094709
nm0758498,tt0094709
nm1071709,tt0094858
nm0161701,tt0094868
nm0154299,tt0094868
nm0714378,tt0243255
nm0644521,tt0244316
nm1003052,tt0456892
nm0621235,tt0456892
nm2375197,tt0460480
nm2145833,tt0460480
nm2496312,tt0838221
nm0451234,tt0838221
nm3374137,tt1000769
nm0681115,tt1157685
nm15262778,tt14550346
nm1549582,tt1847731
nm4391872,tt1847731
nm5836719,tt2190367
nm5836721,tt2190367
nm6228755,tt2560102
nm12593546,tt29344605
nm1553576,tt5375040
nm0002000,tt0093258
nm0690974,tt0093342
nm0000945,tt0093371
nm0072363,tt0093371
nm0001637,tt0042229
nm0836677,tt0042436
nm0720783,tt0042436
nm0854996,tt0042466
nm0530458,tt0042466
nm0706994,tt0042700
nm0286692,tt0042783
nm0879918,tt0042876
nm0801630,tt0042898
nm0800386,tt0042906
nm0336380,tt0042906
nm0000303,tt0042980
nm0603682,tt0042980
nm0606718,tt0043140
nm0394051,tt0043140
nm1723009,tt0043159
nm0631553,tt0043313
nm0575823,tt0043362
nm0807791,tt0043601
nm0462679,tt0043614
nm0793766,tt0043707
nm0793616,tt0043801
nm0213581,tt0043927
nm0720736,tt0043927
nm0597544,tt0044072
nm0536167,tt0044487
nm0630123,tt0044495
nm0437520,tt0044741
nm0719233,tt0045034
nm0382995,tt0045056
nm0000080,tt0045251
nm0139214,tt0045274
nm0052486,tt0045361
nm0729977,tt0045554
nm0452810,tt0045848
nm0753062,tt0045900
nm0367928,tt0045935
nm0043396,tt0046127
nm0252299,tt0046345
nm0366069,tt0046345
nm0651506,tt0046438
nm0558326,tt0046449
nm0849011,tt0046478
nm0350805,tt0046487
nm0199770,tt0046511
nm0036734,tt0046998
nm0299661,tt0046998
nm0768795,tt0047094
nm0473984,tt0047300
nm0927436,tt0047336
nm0835207,tt0047336
nm0618890,tt0047469
nm0783615,tt0047469
nm0875477,tt0047478
nm0454087,tt0047478
nm0699337,tt0047579
nm0125952,tt0047579
nm0623443,tt0047832
nm0525521,tt0047930
nm0156928,tt0048127
nm0027683,tt0048272
nm0085038,tt0048272
nm0138987,tt0048308
nm0575756,tt0048393
nm0950835,tt0048429
nm0270147,tt0048452
nm0052343,tt0048473
nm0634159,tt0048499
nm10659316,tt0048499
nm0194462,tt0048500
nm0549237,tt0048527
nm0927711,tt0048641
nm0755401,tt0048731
nm2126161,tt0048731
nm0645537,tt0048757
nm0357307,tt0049012
nm0181305,tt0049042
nm0264770,tt0049042
nm0077344,tt0049042
nm0275203,tt0049182
nm0179783,tt0049189
nm0441961,tt0049537
nm0360389,tt0049674
nm0449844,tt0049674
nm0645422,tt0049710
nm0846966,tt0049782
nm0043398,tt0049784
nm13362513,tt0049916
nm0945222,tt0049976
nm0005085,tt0118866
nm0475269,tt0119167
nm0323418,tt0119167
nm0553409,tt0119174
nm0252880,tt0119629
nm0252728,tt0119629
nm0001999,tt0120255
nm0602392,tt0120265
nm6916036,tt0120448
nm0263851,tt0120530
nm0004178,tt0120530
nm5165022,tt0121444
nm0532714,tt0122111
nm0903762,tt0122371
nm0910162,tt0173279
nm0678089,tt0176049
nm11970635,tt0177539
nm0637894,tt0178868
nm0431719,tt0216386
nm0224821,tt0216625
nm0000202,tt0218817
nm0012497,tt0219058
nm0827647,tt0221719
nm6293119,tt0221719
nm0297869,tt0226737
nm1670495,tt0227858
nm4555837,tt0312886
nm1974741,tt0319836
nm1972577,tt0319836
nm2065912,tt0421960
nm1377115,tt0423176
nm1958332,tt0423176
nm0000090,tt0963178
nm0901401,tt0963178
nm0023832,tt0993789
nm0091117,tt12564514
nm1108007,tt15399286
nm0437998,tt1700844
nm5377756,tt2006181
nm0476678,tt2006181
nm13332857,tt21042126
nm0764257,tt2762506
nm0497642,tt28419037
nm10273397,tt32828123
nm3809514,tt32828123
nm1040273,tt5278832
nm0880521,tt6725014
nm0293739,tt0060879
nm0634159,tt0060879
nm0764664,tt0060879
nm0200044,tt0060920
nm0439037,tt0060959
nm0386179,tt0061065
nm0645402,tt0061065
nm0559385,tt0061101
nm0093280,tt0061196
nm0473005,tt0061196
nm0167509,tt0061395
nm0605384,tt0061495
nm0122902,tt0061589
nm0162948,tt0061613
nm0143599,tt0061658
nm0213371,tt0061781
nm0906350,tt0061834
nm0425733,tt0061834
nm0875362,tt0061847
nm0251177,tt0061847
nm0559581,tt0061847
nm0475236,tt0061856
nm0322275,tt0061883
nm1626152,tt0061883
nm0028965,tt0061912
nm0017996,tt0061912
nm0620092,tt0061971
nm3663246,tt0062009
nm0846960,tt0062042
nm0164999,tt0062144
nm0092330,tt0062229
nm0580732,tt0062262
nm0863146,tt0062456
nm0345513,tt0062456
nm0183716,tt0062480
nm0274949,tt0062695
nm0722976,tt0062873
nm0374799,tt0063278
nm0640621,tt0063350
nm0460254,tt0063371
nm0303334,tt0063555
nm1450943,tt0063646
nm0528445,tt0063665
nm0926723,tt0063665
nm0699549,tt0063715
nm0025940,tt0063759
nm0117505,tt0063791
nm0180756,tt0083702
nm0087141,tt0083789
nm0252880,tt0084042
nm0002000,tt0084248
nm3064540,tt0084248
nm0950954,tt0084248
nm0779783,tt0084269
nm0093447,tt0084488
nm0001113,tt0084565
nm0817530,tt0084698
nm0403131,tt0084786
nm2957364,tt0084808
nm0349911,tt0084843
nm0834754,tt0084867
nm0329340,tt0085276
nm0017739,tt0085279
nm0654887,tt0085533
nm0112740,tt0085933
nm0040545,tt0086087
nm0411631,tt0086242
nm0234185,tt0086245
nm0538079,tt0086889
nm0048068,tt0086961
nm0601452,tt0086977
nm0252728,tt0110545
nm0284272,tt0111403
nm0844938,tt0111403
nm0515758,tt0111681
nm0069845,tt0112364
nm0000272,tt0112654
nm0001461,tt0112769
nm0000699,tt0112817
nm0205836,tt0113145
nm0468003,tt0113247
nm0219099,tt0113273
nm0507746,tt0114305
nm0222922,tt0115928
nm0557859,tt0115928
nm0001804,tt0116041
nm1060686,tt0116070
nm0005316,tt0116261
nm0220976,tt0116650
nm0653669,tt0116752
nm11304868,tt0116962
nm0674742,tt0117040
nm17098307,tt0117056
nm17098306,tt0117056
nm0867598,tt0117296
nm0653450,tt0117398
nm1815245,tt0117398
nm0220454,tt0117398
nm0001399,tt0117589
nm0432055,tt0118125
nm0000490,tt0118147
nm0504897,tt0118694
nm0803310,tt0118694
nm0156432,tt0118694
nm0155285,tt0118694
nm0728208,tt0273874
nm0993039,tt0273874
nm0657381,tt0273874
nm1494399,tt0348529
nm1085951,tt1065073
nm7241318,tt10767168
nm2964162,tt1909796
nm1469234,tt22098228
nm5741307,tt30439035
nm15615057,tt30439035
nm1296631,tt4714782
nm1233224,tt7298400
nm0586733,tt0063173
nm0033136,tt0063173
nm0457557,tt0063173
nm0394539,tt0063195
nm0229520,tt0063198
nm0441366,tt0063206
nm0515988,tt0014611
nm0112239,tt0014945
nm0476827,tt0015361
nm0391474,tt0015768
nm0512539,tt0015768
nm0874124,tt0015863
nm0000122,tt0015864
nm0602914,tt0016395
nm0934232,tt0016630
nm0385062,tt0017075
nm0000036,tt0017925
nm0089162,tt0017925
nm0846966,tt0064373
nm0292310,tt0064390
nm0417512,tt0064390
nm0039150,tt0064482
nm0000587,tt0064674
nm0257269,tt0064694
nm0515424,tt0064756
nm1546409,tt0064756
nm0274659,tt0064828
nm2352948,tt0064843
nm2464648,tt0064921
nm0841383,tt0065241
nm0270540,tt0065261
nm0858051,tt0065695
nm0141580,tt0065780
nm0778016,tt0065808
nm0313461,tt0065808
nm0747013,tt0065913
nm0006568,tt0066065
nm0699366,tt0066516
nm0257104,tt0066516
nm0435432,tt0066639
nm0620117,tt0066639
nm0121823,tt0067055
nm0336950,tt0067055
nm0681954,tt0067185
nm0386630,tt0067227
nm0470699,tt0067227
nm0704624,tt0067227
nm0239760,tt0067439
nm0557298,tt0067454
nm2767895,tt0067649
nm0632425,tt0067778
nm0093655,tt0067778
nm0160985,tt0067810
nm0400874,tt0067810
nm0025309,tt0067810
nm0638113,tt0068205
nm0632832,tt0068371
nm12900294,tt0069222
nm0880521,tt0069467
nm0143180,tt0069489
nm0696351,tt0069687
nm0142027,tt0070007
nm0176155,tt0070007
nm0209224,tt0070040
nm0201639,tt0070359
nm0848964,tt0070528
nm0000960,tt0070544
nm0759619,tt0070809
nm0172970,tt0070820
nm0755941,tt0070832
nm0388744,tt0070832
nm0083234,tt0070960
nm0379258,tt0071141
nm5404863,tt0071219
nm0319184,tt0071282
nm0125730,tt0071411
nm1276196,tt0071411
nm6210353,tt0071411
nm0826182,tt0071458
nm0108400,tt0071487
nm0408005,tt0071565
nm0442876,tt0071609
nm0076759,tt0071737
nm0603082,tt0071797
nm0235889,tt0071797
nm0361757,tt0072157
nm0122920,tt0072195
nm1275773,tt0135024
nm0454087,tt0135031
nm0608572,tt0135163
nm0004911,tt0137338
nm0235991,tt0138355
nm2556206,tt0139500
nm0123824,tt0139641
nm5249396,tt0191066
nm0085340,tt0192069
nm0605662,tt0274686
nm0620850,tt0274686
nm4104320,tt0278782
nm1952207,tt0283283
nm1560345,tt0374262
nm0504897,tt0374339
nm0155211,tt0374339
nm0001823,tt0379217
nm3571419,tt0379269
nm3740241,tt0383020
nm2732524,tt0869977
nm2559067,tt1189367
nm8237692,tt13231544
nm1471083,tt15146486
nm1955791,tt1701976
nm1307855,tt18317064
nm11866274,tt26442871
nm0845301,tt30810787
nm10386336,tt30810787
nm0297167,tt31055572
nm0176839,tt3723828
nm2011724,tt4843040
nm0000416,tt4843040
nm0447515,tt0064546
nm0609966,tt0064609
nm0515697,tt0064609
nm0077425,tt0064620
nm0243454,tt0031334
nm0491238,tt0031514
nm0077598,tt0031514
nm0468489,tt0031544
nm0001888,tt0031575
nm0021667,tt0031593
nm0338139,tt0031650
nm0824496,tt0031742
nm0832633,tt0031831
nm0197950,tt0031885
nm0829186,tt0031968
nm0370848,tt0031968
nm0713231,tt0031968
nm0280242,tt0032145
nm0950811,tt0032156
nm0395004,tt0032179
nm0751426,tt0032599
nm0891998,tt0033152
nm0606783,tt0033152
nm1722389,tt0033654
nm0000046,tt0034272
nm0610253,tt0034272
nm0864397,tt0034478
nm0652987,tt0034591
nm0000057,tt0034734
nm0424743,tt0034891
nm0111623,tt0034928
nm0768251,tt0035017
nm0000912,tt0035446
nm0041172,tt0035446
nm0088436,tt0035521
nm0300388,tt0035521
nm0000904,tt0035567
nm0545808,tt0035737
nm0843294,tt0035753
nm0537511,tt0035753
nm0284870,tt0035823
nm0407401,tt0036034
nm0515193,tt0036112
nm0040094,tt0036566
nm0195956,tt0036566
nm0428175,tt0036910
nm0360389,tt0036910
nm0433512,tt0036914
nm0935389,tt0036914
nm0793766,tt0036947
nm0893036,tt0037367
nm0391361,tt0037558
nm0545461,tt0037630
nm0484309,tt0037630
nm0521045,tt0037674
nm0384908,tt0037800
nm0865372,tt0038268
nm0594348,tt0038268
nm0664186,tt0038348
nm0906775,tt0038363
nm0263515,tt0038480
nm0587061,tt0038574
nm0936166,tt0038675
nm0667898,tt0124888
nm0447515,tt0124888
nm0465486,tt0124888
nm0585699,tt0125554
nm0632385,tt0125659
nm0555290,tt0125659
nm0709154,tt0126721
nm0594421,tt0127310
nm0200016,tt0129928
nm0423663,tt0130377
nm0408029,tt0131013
nm0755725,tt0131013
nm0945734,tt0131013
nm0000353,tt0133122
nm0645011,tt0134286
nm0411770,tt0134286
nm0043396,tt0134771
nm0375990,tt0196355
nm0774966,tt0197569
nm0207108,tt0197704
nm0441526,tt0199905
nm0784112,tt0199905
nm0594728,tt0200309
nm0202135,tt0200559
nm0023715,tt0200768
nm0441526,tt0202153
nm0605662,tt0202153
nm0847114,tt0202153
nm0015426,tt0202153
nm0848533,tt0202604
nm1023095,tt0203605
nm0645426,tt0203635
nm0847302,tt0203751
nm4671104,tt0204066
nm0644523,tt0204716
nm0959916,tt0207145
nm0754744,tt0207145
nm0557540,tt0207145
nm1538894,tt0373175
nm0004761,tt0373450
nm0001999,tt0373450
nm0385443,tt0426900
nm1758567,tt0426900
nm0407357,tt0426900
nm0849011,tt0427424
nm0442886,tt0427424
nm1511554,tt0427550
nm0027965,tt1403047
nm16345548,tt1568924
nm0281639,tt2219894
nm12443907,tt27958252
nm9201572,tt28490044
nm8203550,tt28490044
nm6066190,tt35022825
nm0574807,tt4468634
nm7028840,tt5222918
nm0250207,tt0011870
nm0516001,tt0013075
nm0318981,tt0013075
nm0000366,tt0106696
nm0000997,tt0106918
nm0539652,tt0107152
nm0000849,tt0107165
nm0723827,tt0107260
nm0001020,tt0107653
nm0620018,tt0107736
nm3226096,tt0107736
nm0753666,tt0108394
nm0065321,tt0108515
nm0486922,tt0108554
nm0477099,tt0108606
nm0229917,tt0109085
nm0634545,tt0109586
nm6937673,tt0109685
nm0844435,tt0109702
nm0025518,tt0109702
nm0012933,tt0110057
nm0394070,tt0110057
nm0352601,tt0156587
nm0304709,tt0156587
nm0038951,tt0160440
nm0522586,tt0210075
nm5600016,tt0328802
nm8759724,tt0328802
nm0297799,tt0330536
nm0376602,tt0808526
nm2276340,tt0809407
nm3028962,tt0986233
nm2756713,tt0990404
nm4558732,tt1181614
nm7548573,tt16022080
nm0494010,tt21394182
nm15202754,tt26440619
nm0868458,tt0018054
nm0989809,tt0018523
nm0486967,tt0018528
nm0074788,tt0018773
nm0938923,tt0020269
nm0487604,tt0020451
nm1874421,tt0020451
nm0448661,tt0020572
nm0840316,tt0020572
nm0598358,tt0020814
nm0178961,tt0020814
nm0396768,tt0020876
nm0299397,tt0021283
nm0756870,tt0021406
nm0595321,tt0021409
nm0089364,tt0021409
nm0000122,tt0021749
nm0628419,tt0021844
nm0764009,tt0022080
nm0000048,tt0022100
nm1273452,tt0022105
nm0030246,tt0022150
nm0647378,tt0022599
nm0290215,tt0023180
nm0645409,tt0023261
nm1686921,tt0023261
nm0781889,tt0023345
nm0459030,tt0023563
nm0463656,tt0023634
nm0262583,tt0023985
nm0062428,tt0024710
nm0248485,tt0024710
nm0254997,tt0024962
nm1591245,tt0025062
nm0555275,tt0025100
nm0525245,tt0025100
nm0401729,tt0025681
nm0163538,tt0025748
nm0407329,tt0025929
nm1263070,tt0026549
nm0009061,tt0026737
nm0383856,tt0026737
nm0039612,tt0026737
nm0560560,tt0026966
nm0841889,tt0027062
nm0112395,tt0027214
nm0766370,tt0075793
nm0094476,tt0075793
nm4331471,tt0076124
nm0461990,tt0076162
nm0442940,tt0077132
nm0457551,tt0077132
nm0645911,tt0077383
nm0051931,tt0077711
nm0515421,tt0077740
nm0269531,tt0077751
nm0347584,tt0078021
nm0846388,tt0078152
nm0893969,tt0078152
nm0948772,tt0078259
nm0128136,tt0078480
nm0188669,tt0078481
nm0557159,tt0079010
nm0660327,tt0079010
nm0130321,tt0079010
nm0008384,tt0079041
nm0530594,tt0079095
nm0221527,tt0079095
nm0391485,tt0079095
nm0549076,tt0079701
nm0149435,tt0080009
nm0077749,tt0080125
nm0167515,tt0080125
nm0863968,tt0080310
nm0000366,tt0080610
nm0000329,tt0080623
nm0001832,tt0080889
nm0873516,tt0081076
nm0755791,tt0081076
nm0889513,tt0081204
nm0388958,tt0081291
nm0800650,tt0081441
nm0524970,tt0081455
nm0923554,tt0081499
nm0284608,tt0081499
nm0457223,tt0081506
nm0280236,tt0081686
nm0202120,tt0081686
nm0739296,tt0082117
nm0876543,tt0082117
nm0907955,tt0082117
nm0415347,tt0082176
nm0218843,tt0082275
nm0503329,tt0082275
nm0583008,tt0082275
nm0416075,tt0082318
nm0065904,tt0082370
nm0086089,tt0082599
nm0044642,tt0082671
nm0902397,tt0082671
nm0328020,tt0082888
nm0826316,tt0082888
nm0764308,tt0082912
nm1164956,tt0082927
nm0457755,tt0083539
nm0539022,tt0083611
nm0001409,tt0083611
nm0913535,tt0181517
nm0176837,tt0186508
nm0367370,tt0186725
nm0073384,tt0186730
nm0075162,tt0188388
nm9504923,tt0292066
nm1082465,tt0366668
nm3851090,tt11380884
nm9198690,tt11380884
nm0071416,tt1225902
nm0622023,tt1470024
nm0000801,tt1649264
nm1742864,tt2258281
nm0111932,tt33253824
nm7968542,tt5258306
nm0126154,tt5258306
nm0906775,tt0027635
nm0412532,tt0027672
nm0252472,tt0027796
nm0853623,tt0027969
nm0532997,tt0027969
nm0848784,tt0028021
nm0380148,tt0028165
nm0276727,tt0028165
nm0347589,tt0028201
nm0446739,tt0028668
nm0000964,tt0029002
nm0518239,tt0029087
nm0871681,tt0029201
nm0175369,tt0029322
nm0347589,tt0029394
nm0323010,tt0029394
nm0628579,tt0029603
nm0272794,tt0029706
nm0210116,tt0029811
nm0581416,tt0029811
nm0111721,tt0029952
nm0001888,tt0029982
nm0872112,tt0029982
nm0615671,tt0030063
nm0922615,tt0030066
nm0706926,tt0030127
nm0714878,tt0030341
nm0163515,tt0030341
nm17535247,tt0030522
nm1943975,tt0030523
nm0339573,tt0030637
nm0659025,tt0099286
nm0133962,tt0099292
nm0831673,tt0099334
nm0434432,tt0099341
nm0781881,tt0099341
nm0286110,tt0099776
nm0150796,tt0099881
nm4739701,tt0099881
nm0001108,tt0100107
nm0503627,tt0100107
nm0744235,tt0100107
nm0447394,tt0100142
nm0002126,tt0100318
nm0118177,tt0100536
nm0718348,tt0100625
nm0864784,tt0100625
nm0943138,tt0100973
nm0000334,tt0101020
nm0451376,tt0101273
nm0463778,tt0101273
nm0051830,tt0101279
nm0000322,tt0101428
nm0069252,tt0101428
nm0908116,tt0101819
nm0657042,tt0101819
nm0266966,tt0101985
nm0072225,tt0102141
nm0387322,tt0102293
nm0644819,tt0102458
nm0955316,tt0102497
nm0000206,tt0102685
nm0000997,tt0102685
nm0939209,tt0103044
nm0156558,tt0103044
nm13422037,tt0103070
nm0950546,tt0103295
nm0401925,tt0103882
nm0218051,tt0103905
nm0128844,tt0104008
nm0933047,tt0104057
nm0819810,tt0104249
nm0613598,tt0104352
nm0847361,tt0104352
nm15076419,tt0104373
nm0753769,tt0104545
nm0434432,tt0104658
nm0914502,tt0104753
nm16971342,tt0104775
nm0349611,tt0105114
nm0001251,tt0105151
nm0001290,tt0105151
nm0304708,tt0105655
nm0016581,tt0106579
nm0329427,tt0295671
nm0556188,tt0295671
nm0171628,tt0304678
nm0783053,tt0304678
nm3107602,tt0478000
nm3107697,tt0478000
nm5652916,tt10365870
nm9014660,tt10365870
nm2127462,tt10365870
nm0859016,tt10370886
nm6563952,tt10849514
nm0000569,tt1103275
nm14893913,tt14906708
nm1390842,tt1935157
nm0353546,tt2276069
nm11875179,tt27590147
nm0864812,tt2972098
nm0485878,tt2972098
nm0001019,tt2972098
nm7316147,tt4082068
nm0579954,tt5305230
nm1091878,tt5305230
nm1772518,tt5305230
nm0111003,tt0056844
nm0663240,tt0056846
nm0474506,tt0056919
nm0688690,tt0056919
nm0386335,tt0057237
nm0323530,tt0057238
nm0154110,tt0057277
nm0738020,tt0058409
nm0662444,tt0058414
nm0881303,tt0058430
nm0867401,tt0058430
nm0267833,tt0058450
nm0241498,tt0058458
nm0953412,tt0053168
nm0184309,tt0053198
nm0110193,tt0053242
nm0590055,tt0053361
nm0620131,tt0053390
nm0099429,tt0053472
nm0102722,tt0053472
nm0210999,tt0053619
nm0082996,tt0053643
nm0276442,tt0053643
nm0474649,tt0053772
nm0442955,tt0053842
nm0849062,tt0053842
nm0473984,tt0053892
nm0000053,tt0053917
nm0666087,tt0053917
nm0786800,tt0053917
nm0400142,tt0054177
nm0844435,tt0054177
nm0076464,tt0054189
nm0001128,tt0054248
nm0913843,tt0054325
nm0086198,tt0054614
nm0848533,tt0054709
nm0441399,tt0054709
nm0892161,tt0054780
nm0367961,tt0054780
nm3056514,tt0054861
nm0837503,tt0055052
nm0344911,tt0055082
nm0619938,tt0055233
nm0538586,tt0055269
nm0457953,tt0055269
nm0290733,tt0055310
nm0659745,tt0055320
nm0386953,tt0055440
nm0154142,tt0055508
nm0665546,tt0055508
nm5574063,tt0055508
nm0057383,tt0055597
nm0208924,tt0055830
nm0514069,tt0055858
nm0672692,tt0055858
nm0000052,tt0055913
nm0872689,tt0055913
nm0520437,tt0055928
nm0311013,tt0055928
nm0457211,tt0056003
nm0652961,tt0056049
nm0848533,tt0056058
nm0052491,tt0056144
nm0408343,tt0056144
nm0863896,tt0056210
nm6648908,tt0056215
nm1148757,tt0056327
nm0619991,tt0056327
nm0297869,tt0056443
nm0586352,tt0056444
nm0900143,tt0056736
nm0723280,tt0056736
nm0000052,tt0056801
nm0095950,tt0056801
nm0804077,tt0057058
nm0165915,tt0057058
nm0609731,tt0057058
nm0502322,tt0057076
nm0148284,tt0057171
nm0415720,tt0057611
nm0286929,tt0057611
nm0793567,tt0057714
nm0633154,tt0057714
nm0008384,tt0057715
nm5478509,tt0057829
nm0266324,tt0057960
nm0433414,tt0058001
nm0771324,tt0058001
nm0722231,tt0058003
nm0303611,tt0058006
nm0218228,tt0058022
nm0745104,tt0058138
nm0571435,tt0058142
nm0005200,tt0058182
nm0864797,tt0058349
nm0948762,tt0058604
nm0297869,tt0058652
nm0142318,tt0058715
nm0475830,tt0058858
nm0449197,tt0058946
nm12963526,tt0058946
nm0633997,tt0059159
nm0383689,tt0059159
nm0654726,tt0059159
nm0483166,tt0059177
nm0859732,tt0059177
nm0853392,tt0059205
nm0793766,tt0059205
nm0357307,tt0059303
nm5570307,tt0059348
nm0699812,tt0059415
nm0463892,tt0059415
nm0673348,tt0059456
nm0759214,tt0059456
nm0958903,tt0059527
nm0339668,tt0059527
nm2974014,tt0059581
nm0040933,tt0059592
nm0674012,tt0059653
nm13400423,tt0059817
nm0458877,tt0059934
nm0475664,tt0060082
nm0487553,tt0060107
nm0333191,tt0060107
nm0039808,tt0060138
nm0756292,tt0060440
nm0161157,tt0060635
nm0116067,tt0060740
nm0097891,tt0060742
nm0121519,tt0161292
nm0848533,tt0164347
nm0619227,tt0164707
nm0441526,tt0164982
nm0847645,tt0164984
nm0913912,tt0165339
nm0451376,tt0165773
nm0574561,tt0165773
nm0461658,tt0169606
nm0241164,tt0255274
nm14554560,tt0255438
nm3530437,tt0257954
nm0649851,tt0259248
nm0034644,tt0259255
nm1198964,tt0259255
nm0881303,tt0407929
nm0087496,tt0977638
nm3086126,tt1087578
nm0889518,tt1129435
nm0087496,tt1336002
nm4663718,tt14641542
nm16882856,tt14781332
nm0880521,tt2327430
nm5757161,tt2332801
nm5757165,tt2332801
nm0396992,tt5323760
nm7512462,tt5323760
nm1472975,tt6903636
nm4215817,tt6910282
nm13755945,tt6910282
nm0154110,tt0054073
nm0315545,tt0054073
nm0879743,tt0054107
nm0386265,tt0054107
nm4235336,tt0054122
nm0550372,tt0054130
nm0300064,tt0057344
nm0511458,tt0057358
nm0862071,tt0057358
nm0014932,tt0057363
nm0794944,tt0057427
nm0847698,tt0057494
nm0367156,tt0057578
nm0913796,tt0060486
nm0470901,tt0060543
nm0654726,tt0060560
nm0848984,tt0060560
nm0622440,tt0038853
nm0000748,tt0038854
nm0656496,tt0038890
nm0268119,tt0039192
nm0733460,tt0039192
nm0170344,tt0039224
nm0945562,tt0039406
nm0031812,tt0039651
nm0948989,tt0039651
nm0000053,tt0039689
nm0462069,tt0039871
nm0001284,tt0040098
nm0439959,tt0040155
nm0534317,tt0040160
nm0540311,tt0040330
nm0793674,tt0040413
nm0559521,tt0040413
nm0014027,tt0040418
nm0291289,tt0040497
nm0043679,tt0040505
nm0594652,tt0040505
nm0266366,tt0040559
nm0765093,tt0040636
nm0628579,tt0040662
nm0677961,tt0040725
nm0383261,tt0040782
nm0785771,tt0040917
nm0619213,tt0040980
nm0001536,tt0041699
nm0762966,tt0041713
nm1172718,tt0041713
nm0000006,tt0041931
nm0002869,tt0072417
nm0855486,tt0072443
nm0771869,tt0073152
nm0000694,tt0073152
nm0280955,tt0073166
nm0832422,tt0073198
nm0232540,tt0073198
nm0616163,tt0073373
nm0003337,tt0073424
nm0140572,tt0073467
nm2481009,tt0073467
nm0624259,tt0073502
nm0620026,tt0074102
nm0794193,tt0074102
nm0765169,tt0074168
nm1001079,tt0074168
nm0804741,tt0074220
nm0518579,tt0074312
nm0845053,tt0074360
nm0709654,tt0074360
nm0556190,tt0074851
nm0390707,tt0074851
nm0644680,tt0074883
nm0282530,tt0074916
nm0320988,tt0074916
nm0000885,tt0075654
nm0051257,tt0095310
nm1146618,tt0095310
nm0109192,tt0095417
nm0856227,tt0095468
nm0132257,tt0095583
nm0053256,tt0095583
nm0002077,tt0095951
nm0166688,tt0095951
nm0322635,tt0096163
nm0424944,tt0096257
nm0120431,tt0096336
nm0000438,tt0096409
nm0939309,tt0096461
nm0482580,tt0096472
nm0874874,tt0096472
nm0938052,tt0097052
nm0160846,tt0097202
nm0874684,tt0097202
nm0938944,tt0097202
nm0172531,tt0097372
nm0346614,tt0097409
nm0475411,tt0097728
nm0293559,tt0097940
nm0150796,tt0098019
nm0097040,tt0098112
nm0451376,tt0098368
nm0758825,tt0098532
nm0617394,tt0098532
nm0357307,tt0143012
nm0644561,tt0143012
nm0135671,tt0143088
nm0142120,tt0150430
nm0002077,tt0151568
nm0497274,tt0151568
nm0860947,tt0154420
nm0627023,tt0154420
nm0231152,tt0154420
nm0751301,tt0154506
nm0252831,tt0154506
nm0875309,tt0154683
nm0594470,tt0154683
nm0002049,tt0251300
nm0226143,tt0251300
nm1143840,tt0311384
nm14462664,tt0311384
nm15718989,tt0311384
nm12593546,tt0462757
nm1302444,tt0468526
nm3639025,tt0468526
nm0471406,tt1173745
nm13739031,tt13648216
nm4515880,tt1376717
nm0437520,tt2017464
nm1795822,tt2017464
nm8198284,tt5795752
nm0458161,tt8371772
nm0474855,tt0050188
nm0474975,tt0050188
nm0000075,tt0050307
nm0421924,tt0050307
nm0452953,tt0050393
nm0885098,tt0050458
nm0792996,tt0050585
nm0001536,tt0050613
nm0945222,tt0050613
nm0793643,tt0050613
nm0199813,tt0050706
nm0511458,tt0050976
nm0034836,tt0051093
nm0297869,tt0051093
nm0127917,tt0051372
nm0693560,tt0051378
nm0744600,tt0051390
nm0913319,tt0051390
nm0064307,tt0051404
nm0000537,tt0051418
nm0634593,tt0051512
nm0000472,tt0051542
nm0007042,tt0051713
nm0493347,tt0051713
nm0847197,tt0051720
nm0604914,tt0051739
nm0015293,tt0051792
nm0156928,tt0051808
nm0847197,tt0051828
nm0015609,tt0051955
nm0620206,tt0051955
nm0644512,tt0052016
nm1388823,tt0052016
nm0350463,tt0052017
nm0473109,tt0052080
nm0613867,tt0052216
nm0801433,tt0052374
nm0950835,tt0052414
nm0097625,tt0052556
nm1434574,tt0052572
nm0154107,tt0052572
nm0412204,tt0052600
nm0496108,tt0052654
nm0345354,tt0052708
nm0395942,tt0052957
nm0673034,tt0052961
nm0619218,tt0052966
nm0848796,tt0052981
nm1097940,tt0052981
nm0515193,tt0052997
nm0464485,tt0053106
nm0043398,tt0053114
nm0755401,tt0053114
nm0000886,tt0087322
nm1126905,tt0087571
nm0206365,tt0087763
nm0644685,tt0087821
nm0794585,tt0087900
nm0594257,tt0088222
nm0025066,tt0088275
nm0001573,tt0088680
nm0588241,tt0088680
nm0632572,tt0088992
nm0156875,tt0089177
nm0950757,tt0089371
nm12043261,tt0089507
nm0176845,tt0089537
nm0297975,tt0089603
nm0321764,tt0089606
nm0141697,tt0089838
nm0001599,tt0090251
nm0956086,tt0090252
nm0208850,tt0090563
nm0157805,tt0090922
nm0910709,tt0090922
nm0000334,tt0090922
nm0482580,tt0090956
nm0156875,tt0090956
nm0047016,tt0091229
nm0000367,tt0091288
nm0099346,tt0091461
nm0098959,tt0091480
nm0640613,tt0091859
nm0769556,tt0091869
nm0645202,tt0092048
nm0475411,tt0092149
nm0219342,tt0092219
nm0514906,tt0092252
nm0351719,tt0092252
nm0002000,tt0092263
nm0690450,tt0092557
nm0705072,tt0092593
nm0075710,tt0092593
nm0645843,tt0092963
nm0375959,tt0093006
nm0046662,tt0093006
nm0367696,tt0093029
nm0000931,tt0093029
nm0384908,tt0093431
nm0443811,tt0093431
nm0203958,tt0093431
nm0190683,tt0093599
nm0843946,tt0093599
nm0884800,tt0093668
nm0001074,tt0093870
nm0214088,tt0094011
nm0181395,tt0094248
nm0709980,tt0094314
nm0105838,tt0094314
nm0255573,tt0094336
nm0862479,tt0094357
nm0231716,tt0094596
nm0210217,tt0094709
nm0618225,tt0236576
nm0012033,tt0240419
nm1057903,tt0243255
nm0442879,tt0456892
nm2374070,tt0460480
nm0136641,tt0460480
nm4739109,tt0460480
nm0751950,tt0838221
nm2404969,tt0847817
nm0315986,tt1020773
nm0805298,tt1157605
nm0705005,tt14550346
nm12731674,tt28349668
nm11184474,tt28349668
nm10780780,tt33381401
nm2282593,tt33381401
nm2655853,tt8423080
nm3088136,tt8423080
nm0399070,tt0093258
nm0576862,tt0093267
nm0079341,tt0093295
nm1177341,tt0093295
nm0214438,tt0093342
nm0639529,tt0042369
nm0074689,tt0042466
nm0264762,tt0042477
nm0394661,tt0042762
nm0477553,tt0042876
nm0056761,tt0042906
nm0605270,tt0043159
nm0753479,tt0043313
nm0407401,tt0043313
nm0762966,tt0043313
nm0578805,tt0043386
nm0741147,tt0043532
nm0658073,tt0043567
nm0945836,tt0043587
nm0538472,tt0043601
nm0595105,tt0043699
nm0142120,tt0043927
nm0460874,tt0043972
nm0457492,tt0044029
nm0594542,tt0044029
nm0298777,tt0044060
nm0645041,tt0044060
nm0404665,tt0044072
nm0727826,tt0044487
nm0383318,tt0044487
nm0741147,tt0044495
nm0656180,tt0044602
nm0848984,tt0044741
nm0262725,tt0044744
nm0751983,tt0044744
nm0906699,tt0044793
nm0594542,tt0044793
nm0385443,tt0044793
nm0572324,tt0045056
nm0793879,tt0045112
nm0739190,tt0045554
nm0027683,tt0045848
nm0112548,tt0045848
nm0833324,tt0045848
nm0085038,tt0045848
nm0377397,tt0045900
nm0481270,tt0045900
nm0410965,tt0045935
nm0624346,tt0045971
nm0756866,tt0045971
nm0525793,tt0046268
nm0945522,tt0046438
nm0395940,tt0046750
nm0015176,tt0046750
nm0768032,tt0046750
nm0233937,tt0046911
nm0231098,tt0046998
nm0370848,tt0047094
nm0595105,tt0047300
nm0471031,tt0047336
nm0320988,tt0047469
nm0080614,tt0047469
nm0746279,tt0047528
nm0267838,tt0047832
nm0264429,tt0048133
nm0259001,tt0048272
nm0302540,tt0048308
nm0543924,tt0048308
nm0142976,tt0048394
nm0739116,tt0048394
nm10659318,tt0048499
nm0837959,tt0048527
nm0569000,tt0048673
nm0462073,tt0048731
nm0076069,tt0049042
nm0274464,tt0049042
nm0167241,tt0049531
nm0755953,tt0049710
nm0137010,tt0049730
nm0595878,tt0049761
nm0849062,tt0049821
nm0457492,tt0049821
nm13362511,tt0049916
nm0849062,tt0049976
nm0867391,tt0049976
nm0385443,tt0049976
nm0001020,tt0118818
nm0785227,tt0118818
nm0005513,tt0118866
nm0280250,tt0118866
nm0000679,tt0119174
nm0007412,tt0119375
nm0239152,tt0119844
nm0744979,tt0120263
nm0845867,tt0120372
nm1265738,tt0120674
nm3504161,tt0121444
nm0869601,tt0122136
nm0468525,tt0122770
nm0788707,tt0173240
nm0621456,tt0174708
nm0171923,tt0177539
nm0559652,tt0178868
nm0652710,tt0178868
nm0078097,tt0216605
nm0026158,tt0217126
nm0181141,tt0217853
nm0001231,tt0218817
nm0879743,tt0226737
nm0632757,tt0227858
nm0156484,tt0312886
nm0437549,tt0415906
nm0631621,tt0421960
nm2063673,tt0421960
nm0005403,tt0422720
nm1961184,tt0423176
nm0082211,tt0963178
nm0135084,tt0993789
nm2276340,tt1032846
nm11116105,tt11233002
nm11116106,tt11233002
nm4450566,tt1241325
nm3733434,tt1570989
nm0750971,tt1700844
nm5420915,tt21042126
nm6261876,tt2268732
nm17964616,tt28419037
nm4055575,tt2963262
nm14067536,tt30319916
nm14837867,tt30319916
nm4027243,tt32828123
nm11637688,tt32828123
nm0166316,tt0060920
nm0358075,tt0060920
nm0460254,tt0060959
nm0034506,tt0061084
nm0079765,tt0061132
nm0431083,tt0061495
nm0343606,tt0061589
nm0010907,tt0061589
nm0019761,tt0061589
nm0074547,tt0061620
nm2895729,tt0061658
nm2904827,tt0061658
nm0441351,tt0061847
nm0848406,tt0061882
nm3311861,tt0062009
nm0411631,tt0062042
nm0715127,tt0062113
nm0193810,tt0062113
nm0509672,tt0062285
nm0850809,tt0062322
nm0879604,tt0062322
nm0945850,tt0062411
nm0435726,tt0062480
nm0001501,tt0062773
nm0000366,tt0062873
nm0538922,tt0062893
nm0919402,tt0062981
nm0162852,tt0063268
nm0890330,tt0063278
nm0590508,tt0063342
nm0362457,tt0063350
nm0725985,tt0063350
nm0774736,tt0063350
nm0670675,tt0063371
nm0625867,tt0063371
nm0825287,tt0063633
nm0102500,tt0063633
nm0427627,tt0063665
nm0542146,tt0063678
nm0586533,tt0063835
nm0252583,tt0064038
nm0523344,tt0083722
nm0322937,tt0083789
nm0582332,tt0083859
nm0700437,tt0083869
nm0249735,tt0083922
nm0297083,tt0083922
nm1273702,tt0084130
nm0729358,tt0084269
nm0007023,tt0084383
nm0900062,tt0084423
nm0703615,tt0084538
nm0838618,tt0084698
nm0925018,tt0084698
nm0740272,tt0084698
nm0138925,tt0084740
nm0191782,tt0084786
nm0079559,tt0084808
nm0078109,tt0084829
nm0746017,tt0084843
nm0077855,tt0085267
nm0396697,tt0085279
nm1274149,tt0085533
nm0790925,tt0085864
nm0084033,tt0086265
nm0609545,tt0086265
nm0161150,tt0086631
nm0449166,tt0086650
nm0090111,tt0086889
nm15163224,tt0086923
nm0464945,tt0086961
nm0244483,tt0111403
nm0419182,tt0111495
nm0649746,tt0112445
nm0000367,tt0113145
nm0001993,tt0113247
nm0194759,tt0113273
nm0000699,tt0115632
nm0000309,tt0115632
nm0219099,tt0115928
nm0000317,tt0116293
nm0675484,tt0116293
nm0166750,tt0116643
nm0529543,tt0116650
nm1559738,tt0116752
nm0279784,tt0116752
nm11304869,tt0116962
nm0451371,tt0117056
nm0753648,tt0117296
nm0352653,tt0117398
nm0544334,tt0117589
nm0495947,tt0118644
nm1829211,tt0269104
nm17345704,tt0274069
nm17345711,tt0274069
nm0316271,tt0398883
nm0123984,tt1008017
nm0673260,tt1065073
nm5214293,tt10767168
nm0002907,tt1527186
nm0546765,tt1764183
nm0001177,tt1764183
nm5650554,tt1909796
nm0151210,tt22098228
nm1604976,tt27729122
nm1483904,tt4714782
nm0955504,tt7298400
nm6039993,tt7298400
nm0215023,tt0063169
nm0756292,tt0063172
nm0559483,tt0063173
nm0867391,tt0063186
nm0536252,tt0014417
nm0949927,tt0014429
nm0165051,tt0014429
nm0051704,tt0014429
nm0322925,tt0015361
nm0751260,tt0015634
nm0583207,tt0015768
nm0814379,tt0015768
nm0070757,tt0015841
nm0860617,tt0015863
nm0444172,tt0015863
nm0774325,tt0015873
nm0277595,tt0016630
nm0722347,tt0017825
nm0047016,tt0064451
nm0583964,tt0064451
nm0386630,tt0064536
nm0345063,tt0064694
nm0430746,tt0064793
nm0523597,tt0064828
nm0464587,tt0064975
nm0004462,tt0065234
nm0718727,tt0065241
nm0771260,tt0065391
nm0814740,tt0065391
nm0368208,tt0065591
nm0074575,tt0065651
nm0915115,tt0065780
nm0068956,tt0065780
nm3706403,tt0066466
nm3737262,tt0066466
nm0031788,tt0066516
nm0007023,tt0066531
nm0321076,tt0066531
nm0477772,tt0066603
nm0001884,tt0066826
nm0809131,tt0066842
nm0809196,tt0066842
nm0611026,tt0067454
nm0398702,tt0067464
nm0470130,tt0067464
nm0560908,tt0067641
nm0083162,tt0067641
nm0557181,tt0067641
nm0705707,tt0067958
nm0028965,tt0067958
nm0176061,tt0067962
nm0001036,tt0068207
nm0386805,tt0068371
nm0613442,tt0068371
nm0559521,tt0068816
nm0118645,tt0069086
nm0701299,tt0069086
nm0000564,tt0069198
nm0581674,tt0069198
nm0120926,tt0069198
nm0245367,tt0069293
nm0537907,tt0069400
nm0959813,tt0069467
nm0256520,tt0070007
nm0442904,tt0070122
nm0866728,tt0070122
nm0335737,tt0070359
nm0487779,tt0070544
nm0138350,tt0070698
nm0856764,tt0070959
nm0350826,tt0070960
nm0849906,tt0071129
nm0884157,tt0071141
nm0439546,tt0071141
nm0078155,tt0071381
nm0778016,tt0071458
nm0355182,tt0071571
nm0467800,tt0071571
nm1178763,tt0071587
nm8859795,tt0071604
nm5964071,tt0071609
nm0012734,tt0071622
nm0694293,tt0071797
nm1049392,tt0071833
nm0664243,tt0072053
nm0008384,tt0072157
nm13951151,tt0072157
nm0222863,tt0134993
nm0654712,tt0135031
nm0628403,tt0135163
nm0016301,tt0137338
nm0004845,tt0137338
nm0641415,tt0138355
nm0319630,tt0139641
nm0155479,tt0139641
nm8314158,tt0139641
nm0001806,tt0190590
nm0672422,tt0191053
nm0693210,tt0191053
nm11202692,tt0191066
nm0001721,tt0192194
nm0555256,tt0192194
nm13253423,tt0194523
nm0759622,tt0281534
nm0001567,tt0284034
nm0313948,tt0284034
nm0757068,tt0284034
nm0001117,tt0285728
nm0907539,tt0285728
nm0155284,tt0374339
nm1301770,tt0381392
nm0067417,tt0383020
nm1533442,tt0385202
nm1039369,tt0869977
nm0318568,tt0869977
nm8226646,tt15146486
nm0465549,tt1701976
nm10091941,tt26448954
nm1684862,tt32085997
nm3777127,tt32086077
nm0707248,tt3723828
nm13571678,tt7241484
nm13574426,tt7241484
nm15332573,tt7254920
nm0648237,tt0064588
nm0537551,tt0064625
nm2187158,tt0064640
nm0002158,tt0031270
nm0000078,tt0031971
nm0872456,tt0031971
nm0442863,tt0032156
nm0003193,tt0032484
nm0000897,tt0032599
nm0000078,tt0032728
nm0192958,tt0033627
nm0837712,tt0033654
nm0418579,tt0033858
nm0007218,tt0034587
nm0909727,tt0034891
nm0488535,tt0035017
nm0431641,tt0035823
nm1359720,tt0036034
nm0442848,tt0036034
nm0793766,tt0036400
nm0624653,tt0036506
nm0052203,tt0036910
nm0879945,tt0036977
nm0130829,tt0037035
nm0395966,tt0037227
nm0867391,tt0037227
nm0550323,tt0037558
nm0076350,tt0037630
nm0737353,tt0038146
nm0043875,tt0038250
nm0875370,tt0038268
nm0614425,tt0038289
nm0029217,tt0038348
nm0842981,tt0038390
nm0370074,tt0038480
nm0291058,tt0038480
nm0590055,tt0038574
nm0092051,tt0038675
nm0434706,tt0038810
nm0887449,tt0038823
nm0905920,tt0038823
nm5077088,tt0123334
nm0454077,tt0123334
nm0898166,tt0125554
nm0618277,tt0125554
nm0118480,tt0125554
nm0555093,tt0125659
nm0300024,tt0125659
nm0015638,tt0126721
nm0015658,tt0126721
nm0005467,tt0126908
nm0361667,tt0131013
nm0840617,tt0133122
nm1364828,tt0134749
nm0592754,tt0134756
nm0654712,tt0134756
nm0133836,tt0197569
nm0315700,tt0197569
nm10744823,tt0197569
nm0407030,tt0199905
nm0423663,tt0200309
nm0945836,tt0200309
nm0023715,tt0200559
nm0837417,tt0200769
nm0616163,tt0200769
nm0869601,tt0200769
nm0031890,tt0201922
nm1074610,tt0202604
nm3190371,tt0202604
nm0644561,tt0203605
nm0848993,tt0203612
nm4671078,tt0204066
nm4671055,tt0204066
nm0284507,tt0207145
nm0885291,tt0207145
nm0144792,tt0207645
nm1538754,tt0373175
nm0000102,tt0373450
nm1757465,tt0427424
nm0590836,tt0427424
nm0855379,tt0427424
nm3127621,tt0427550
nm0362270,tt0765469
nm0578949,tt1095217
nm0101005,tt1095217
nm0193554,tt1095217
nm7703325,tt1403047
nm0224525,tt4466490
nm0638208,tt5222918
nm0004840,tt9031484
nm0005536,tt9031484
nm0769554,tt0006614
nm0937058,tt0007340
nm0775098,tt0007340
nm0009061,tt0008663
nm0840078,tt0013201
nm0112239,tt0013201
nm0854189,tt0013257
nm9201752,tt0106696
nm0728346,tt0107152
nm0001125,tt0107165
nm0638992,tt0107384
nm0386294,tt0107474
nm0952498,tt0108394
nm0068622,tt0108554
nm0611315,tt0108606
nm0759797,tt0109020
nm0913460,tt0109085
nm0201669,tt0109702
nm0451376,tt0109759
nm0309548,tt0110057
nm0890609,tt0155028
nm0293981,tt0155028
nm0678156,tt0155028
nm9533948,tt0155667
nm0928411,tt0155667
nm0430746,tt0157122
nm0252286,tt0157122
nm0197379,tt0158714
nm0315842,tt0209463
nm0706780,tt0209463
nm0001717,tt0211941
nm15100666,tt0212016
nm15100670,tt0212016
nm0452288,tt0212772
nm5599975,tt0328802
nm5599965,tt0328802
nm1364048,tt0330536
nm0565357,tt0436811
nm2275740,tt0809407
nm2597353,tt0990404
nm0225789,tt1508675
nm8409571,tt16022080
nm0104966,tt26440619
nm0031313,tt26440619
nm0777770,tt26440619
nm10588371,tt38060097
nm13321909,tt38060097
nm12387727,tt7262782
nm0249187,tt0018054
nm0899840,tt0018523
nm0211346,tt0018528
nm0313899,tt0018826
nm0075551,tt0019254
nm0800302,tt0019254
nm0570297,tt0019421
nm0858977,tt0020269
nm1878110,tt0020451
nm0585481,tt0020572
nm5197161,tt0021283
nm0099679,tt0021739
nm0541485,tt0021739
nm5681967,tt0021749
nm0616729,tt0021749
nm0008609,tt0021749
nm0601023,tt0021844
nm0570451,tt0021890
nm0706926,tt0022125
nm0255851,tt0022150
nm0939813,tt0022578
nm0355517,tt0022578
nm0520978,tt0022599
nm0311790,tt0022718
nm0745600,tt0022877
nm0888000,tt0023180
nm0336455,tt0023238
nm0062428,tt0023345
nm0753479,tt0023450
nm0407329,tt0023450
nm0441390,tt0023634
nm0407329,tt0023937
nm0753479,tt0023937
nm1700980,tt0024214
nm0232196,tt0024473
nm0637918,tt0024710
nm1263070,tt0024793
nm0053616,tt0024961
nm0572324,tt0024962
nm0356420,tt0025062
nm0378848,tt0025100
nm0228246,tt0025456
nm0013934,tt0025710
nm0001366,tt0025748
nm0197589,tt0025898
nm0102554,tt0025898
nm10277684,tt0025898
nm0140914,tt0026029
nm0001919,tt0026029
nm0491406,tt0026029
nm0006471,tt0026406
nm0339573,tt0026406
nm0783527,tt0026406
nm0002158,tt0026737
nm0732079,tt0026966
nm0340668,tt0026966
nm0031832,tt0027118
nm0361319,tt0027164
nm0350786,tt0027296
nm0762248,tt0075793
nm0360568,tt0075938
nm0183145,tt0075938
nm0868479,tt0075983
nm0073414,tt0076085
nm0210820,tt0076085
nm0948438,tt0076124
nm0654685,tt0076162
nm0494452,tt0076221
nm0140354,tt0076221
nm0218659,tt0076240
nm0242270,tt0076240
nm1416160,tt0076341
nm0000336,tt0076916
nm0468699,tt0077132
nm0442878,tt0077132
nm0274037,tt0077138
nm0346510,tt0077309
nm0395756,tt0077383
nm0704558,tt0077598
nm2504750,tt0077655
nm0000006,tt0077711
nm0880521,tt0077711
nm0952304,tt0077751
nm0455702,tt0078480
nm0688666,tt0078763
nm0432908,tt0078763
nm0275138,tt0078875
nm0000844,tt0079041
nm0873142,tt0079095
nm0424167,tt0079095
nm0150921,tt0079315
nm0945188,tt0079315
nm0619938,tt0079317
nm0829717,tt0079672
nm0876147,tt0079672
nm0369202,tt0079701
nm0481994,tt0079766
nm0244850,tt0079854
nm0420700,tt0079854
nm0435289,tt0079944
nm0278752,tt0080009
nm0078109,tt0080125
nm0763168,tt0080140
nm0662310,tt0080140
nm0914113,tt0080310
nm0041222,tt0080397
nm0001186,tt0080408
nm0275138,tt0080610
nm1888762,tt0080623
nm0000843,tt0080678
nm0156495,tt0080827
nm0000885,tt0080889
nm2838611,tt0080964
nm0550789,tt0081070
nm0000994,tt0081291
nm0000461,tt0081455
nm0111240,tt0081455
nm0597390,tt0082313
nm1329694,tt0082313
nm0993648,tt0082601
nm0897808,tt0082888
nm1163213,tt0082927
nm0160348,tt0185456
nm0274562,tt0186508
nm0176839,tt0186508
nm4243249,tt0186508
nm0094585,tt0188388
nm0494330,tt0188388
nm0197931,tt0189330
nm5517248,tt0447641
nm9465418,tt0447641
nm4737348,tt11380884
nm3017935,tt11392114
nm1651289,tt2258281
nm0653157,tt26270862
nm14475506,tt26315142
nm16491739,tt33253824
nm15886719,tt36456563
nm7968700,tt5258306
nm6225520,tt5778628
nm1650192,tt0027307
nm0300064,tt0027336
nm0654701,tt0027336
nm0154989,tt0027342
nm0141202,tt0027635
nm0407329,tt0027752
nm0753479,tt0027752
nm0317350,tt0027954
nm0309641,tt0027969
nm0074788,tt0027977
nm0721637,tt0027977
nm0178645,tt0027985
nm2612548,tt0028021
nm0038320,tt0028021
nm0361676,tt0028021
nm0793168,tt0028112
nm0393028,tt0028212
nm0863193,tt0028667
nm0455491,tt0028668
nm1722556,tt0029314
nm0001322,tt0029365
nm0911703,tt0029365
nm0264692,tt0029453
nm0595321,tt0029453
nm0522926,tt0029603
nm0076319,tt0029706
nm1101378,tt0029850
nm0000858,tt0029952
nm0154476,tt0030066
nm0088396,tt0030252
nm0915614,tt0030341
nm17549901,tt0030522
nm1748397,tt0030523
nm0000193,tt0098625
nm0001924,tt0098625
nm0289125,tt0098725
nm0235345,tt0098972
nm1525801,tt0099000
nm6579440,tt0099000
nm0285598,tt0099292
nm0916616,tt0099334
nm0001958,tt0099341
nm0197895,tt0099341
nm0499126,tt0099341
nm0498429,tt0099426
nm0482590,tt0099426
nm3140822,tt0099426
nm0673251,tt0099776
nm0009152,tt0099776
nm0000365,tt0099776
nm0008161,tt0099858
nm0879556,tt0100223
nm0596101,tt0100234
nm0013845,tt0100234
nm0014120,tt0100234
nm0525855,tt0100318
nm0001335,tt0100318
nm0243484,tt0100332
nm0939034,tt0101020
nm0056686,tt0101026
nm0002000,tt0101258
nm4865982,tt0101279
nm0359217,tt0101985
nm0000513,tt0102048
nm0216476,tt0102141
nm0784171,tt0102456
nm0920446,tt0102456
nm0091369,tt0102536
nm0160541,tt0102685
nm0718348,tt0103295
nm0076692,tt0103793
nm0238728,tt0103905
nm0787979,tt0104029
nm0115440,tt0104057
nm0954451,tt0104224
nm15076418,tt0104373
nm0004851,tt0104545
nm0302105,tt0104545
nm0000849,tt0104545
nm0003244,tt0104545
nm0498247,tt0105665
nm0671231,tt0105750
nm0904901,tt0105750
nm0338886,tt0106579
nm0133070,tt0233315
nm0716709,tt0293153
nm0337348,tt0296881
nm0652137,tt0304678
nm7194021,tt10365870
nm0184108,tt10370886
nm0623478,tt10849514
nm12175353,tt10849514
nm0476210,tt1248984
nm12689809,tt14906708
nm14587026,tt15555264
nm1623740,tt15555264
nm14587033,tt15555264
nm0559559,tt1935157
nm0683978,tt2276069
nm2086831,tt2276069
nm0039916,tt28608358
nm16600238,tt28608358
nm0000619,tt2972098
nm5871826,tt3091286
nm0001648,tt3544082
nm0320442,tt3581384
nm7267985,tt8185182
nm9943158,tt9853814
nm0775447,tt0056905
nm0762785,tt0056945
nm9825012,tt0057238
nm0224211,tt0057286
nm0946591,tt0057295
nm0175681,tt0058390
nm0866696,tt0058409
nm0697338,tt0058414
nm0037338,tt0058414
nm0289514,tt0058450
nm0210695,tt0053146
nm0019568,tt0053146
nm0768739,tt0053168
nm0185954,tt0053242
nm0131565,tt0053242
nm0034836,tt0053259
nm0547690,tt0053270
nm0206060,tt0053361
nm0783616,tt0053361
nm0753479,tt0053390
nm0000493,tt0053604
nm0507081,tt0053604
nm0527379,tt0053619
nm0000052,tt0053643
nm0149841,tt0053765
nm0691652,tt0053976
nm0732214,tt0054156
nm0666722,tt0054189
nm0659461,tt0054248
nm0794207,tt0054325
nm0008384,tt0054325
nm0442709,tt0054350
nm0098393,tt0054377
nm0074303,tt0054389
nm0590055,tt0054412
nm0135671,tt0054494
nm0585004,tt0054614
nm0329340,tt0054763
nm0439165,tt0054780
nm0810550,tt0054803
nm0440397,tt0054803
nm8096950,tt0054940
nm0785676,tt0055032
nm0513327,tt0055093
nm0457219,tt0055233
nm0454087,tt0055269
nm0704256,tt0055310
nm0450941,tt0055320
nm0476675,tt0055440
nm0116932,tt0055506
nm0200497,tt0055506
nm0178741,tt0055597
nm0304747,tt0055601
nm0001536,tt0055630
nm0945222,tt0055630
nm0622416,tt0055630
nm0867894,tt0055913
nm0496866,tt0055928
nm0457839,tt0055928
nm0047962,tt0056003
nm0410968,tt0056058
nm0464846,tt0056111
nm0442955,tt0056135
nm0619337,tt0056144
nm0633154,tt0056144
nm0181122,tt0056215
nm0327337,tt0056215
nm0478784,tt0056215
nm0619938,tt0056443
nm0793674,tt0056443
nm0688975,tt0056512
nm0088940,tt0056514
nm0714236,tt0056663
nm0227561,tt0056663
nm0782564,tt0056736
nm0495495,tt0056801
nm0243544,tt0057058
nm0637627,tt0057058
nm0367928,tt0057710
nm0837548,tt0057714
nm0441526,tt0057715
nm0097870,tt0057935
nm0474951,tt0058001
nm0215805,tt0058006
nm0002103,tt0058142
nm0818920,tt0058182
nm0107012,tt0058259
nm1348382,tt0058279
nm0108400,tt0058533
nm0075163,tt0058533
nm0637627,tt0058533
nm0102679,tt0058564
nm0594062,tt0058625
nm0412728,tt0058652
nm0034889,tt0058858
nm0831186,tt0059063
nm0048939,tt0059160
nm0575594,tt0059160
nm0454542,tt0059402
nm0107011,tt0059415
nm0780918,tt0059415
nm9827176,tt0059459
nm0436706,tt0059527
nm0867401,tt0059554
nm0866696,tt0059554
nm1181036,tt0059616
nm0685632,tt0059619
nm13402724,tt0059817
nm0473308,tt0059884
nm0699120,tt0059909
nm5256518,tt0059942
nm0090775,tt0060263
nm0033171,tt0060277
nm0443232,tt0060277
nm0136487,tt0060304
nm0846966,tt0060440
nm0490937,tt0060574
nm0442955,tt0060586
nm0243357,tt0060675
nm0540311,tt0060675
nm0955199,tt0060740
nm0105558,tt0060740
nm0284858,tt0060758
nm0495564,tt0060770
nm0228686,tt0060770
nm0070620,tt0060802
nm0946625,tt0165773
nm0514912,tt0165798
nm16657485,tt0165926
nm0708861,tt0171685
nm0612024,tt0171685
nm14554553,tt0255438
nm16437943,tt0255441
nm1199182,tt0259255
nm0623949,tt0261739
nm0253730,tt0261739
nm1053144,tt0262432
nm0006781,tt0265197
nm0473984,tt0407929
nm6729130,tt0407929
nm3220571,tt0977638
nm3227156,tt0977638
nm1944555,tt1337051
nm2853692,tt14641542
nm0609690,tt14781332
nm0738433,tt14781332
nm5757164,tt2332801
nm0098132,tt5507860
nm9010296,tt6903636
nm0000619,tt6910282
nm0080390,tt0054073
nm0312072,tt0057357
nm0457211,tt0057363
nm0603402,tt0057427
nm0106539,tt0057495
nm0560063,tt0057495
nm0454077,tt0057503
nm0411146,tt0057565
nm0457211,tt0060486
nm0002092,tt0038854
nm0014035,tt0038854
nm0000051,tt0038924
nm1959101,tt0039091
nm0000039,tt0039192
nm0000044,tt0039224
nm0849011,tt0039406
nm0755401,tt0039406
nm0424320,tt0039485
nm0404157,tt0039689
nm1675434,tt0039822
nm0000019,tt0040092
nm3514237,tt0040505
nm0280178,tt0040636
nm0458633,tt0040636
nm0627969,tt0040662
nm0557441,tt0040725
nm0793766,tt0040979
nm0878927,tt0041497
nm0755401,tt0041713
nm0673749,tt0041719
nm0143018,tt0041719
nm0190595,tt0041719
nm0126402,tt0041886
nm0455836,tt0042056
nm0342542,tt0072417
nm2914750,tt0072439
nm0056763,tt0072826
nm0530997,tt0072826
nm0208885,tt0072962
nm0153998,tt0072976
nm0003337,tt0072976
nm0396998,tt0072976
nm0562223,tt0072976
nm0003909,tt0073166
nm0634159,tt0073219
nm0154319,tt0073219
nm0100458,tt0073246
nm0303849,tt0073363
nm0424167,tt0073424
nm0565226,tt0073467
nm2467980,tt0073467
nm0389687,tt0073858
nm0508035,tt0073915
nm0756178,tt0073915
nm0786891,tt0074190
nm0651453,tt0074220
nm0702114,tt0074360
nm0246616,tt0074360
nm0589019,tt0074360
nm0829270,tt0074486
nm0424108,tt0074749
nm0404643,tt0074851
nm0576655,tt0075165
nm0043764,tt0075367
nm0364918,tt0075654
nm0550332,tt0095417
nm0864908,tt0095468
nm0417370,tt0095468
nm0040662,tt0095583
nm0757296,tt0095597
nm1912907,tt0095961
nm0286248,tt0096163
nm0392400,tt0096257
nm0724784,tt0096409
nm4277009,tt0096461
nm0387322,tt0096472
nm0952302,tt0096841
nm0783965,tt0096841
nm0005174,tt0097052
nm0229983,tt0097052
nm0777749,tt0097372
nm0788164,tt0097409
nm0096774,tt0097884
nm0548346,tt0097940
nm0759797,tt0098327
nm0711659,tt0098327
nm0449452,tt0098327
nm0014650,tt0143088
nm0220956,tt0143088
nm0217876,tt0150430
nm0900398,tt0150430
nm0636637,tt0151568
nm0331872,tt0151789
nm0370621,tt0154683
nm0410719,tt0308827
nm2720216,tt0391483
nm0495404,tt0469835
nm0475838,tt0781599
nm1001235,tt1173745
nm2751586,tt1196121
nm0448033,tt1196121
nm0918504,tt20212786
nm0812895,tt27502360
nm9400978,tt28618488
nm1157324,tt29271889
nm16302282,tt29279903
nm8530487,tt29279903
nm16376435,tt29279903
nm0482518,tt3690366
nm0151266,tt0050188
nm0631307,tt0050193
nm0721073,tt0050193
nm0003711,tt0050307
nm0254041,tt0050307
nm0624372,tt0050330
nm0657915,tt0050458
nm0473530,tt0050613
nm0773723,tt0050706
nm0318676,tt0050976
nm0837503,tt0051093
nm0793795,tt0051093
nm0603402,tt0051378
nm0078112,tt0051378
nm0908419,tt0051378
nm0001031,tt0051404
nm0544798,tt0051512
nm0192958,tt0051542
nm0678693,tt0051542
nm0357307,tt0051584
nm0019922,tt0051706
nm0178509,tt0051739
nm0348483,tt0051792
nm0848984,tt0051955
nm0245982,tt0051994
nm5477673,tt0052016
nm0953664,tt0052080
nm0668044,tt0052080
nm0162118,tt0052080
nm0623154,tt0052374
nm2589495,tt0052540
nm5576471,tt0052572
nm0043396,tt0052579
nm0239532,tt0052587
nm0702191,tt0052708
nm0620131,tt0052957
nm0386953,tt0052981
nm0759967,tt0053106
nm0851071,tt0053115
nm0847698,tt0053121
nm0001008,tt0087322
nm0068498,tt0087763
nm0167467,tt0087884
nm0229396,tt0087900
nm0001311,tt0088074
nm10156889,tt0088196
nm0559594,tt0088222
nm0154319,tt0088318
nm0590440,tt0088318
nm0628827,tt0089177
nm0874676,tt0089177
nm0760225,tt0089343
nm0497920,tt0089371
nm0398987,tt0089371
nm0001041,tt0089374
nm0490509,tt0089374
nm0685677,tt0089537
nm0586345,tt0089603
nm0014936,tt0089603
nm0837361,tt0089746
nm0952104,tt0089746
nm0943150,tt0089866
nm0491763,tt0089902
nm0634500,tt0089902
nm0001852,tt0090037
nm0240797,tt0090297
nm0675021,tt0090559
nm0000767,tt0090563
nm1067437,tt0090766
nm7505851,tt0090922
nm0000905,tt0090967
nm0863788,tt0090967
nm0939255,tt0091229
nm2682434,tt0091293
nm0716709,tt0091461
nm0001696,tt0091867
nm0001003,tt0091867
nm0415395,tt0091869
nm0197931,tt0091960
nm0015488,tt0091971
nm0674498,tt0091971
nm0945734,tt0092048
nm0946683,tt0092048
nm0793977,tt0092048
nm0329426,tt0092238
nm0368522,tt0092238
nm0141133,tt0092593
nm0377565,tt0092593
nm0154788,tt0092905
nm0000393,tt0093191
nm0830105,tt0093191
nm0939378,tt0093389
nm0001364,tt0093431
nm0573862,tt0093431
nm0768795,tt0093431
nm0497097,tt0093435
nm0156558,tt0093435
nm0594421,tt0093502
nm0605712,tt0093502
nm0654712,tt0093502
nm0000432,tt0093640
nm0000707,tt0093640
nm0504897,tt0093944
nm0943138,tt0093978
nm0398871,tt0093978
nm0094789,tt0094011
nm0906723,tt0094100
nm0643894,tt0094100
nm0634037,tt0094248
nm0781757,tt0094314
nm0001524,tt0094336
nm0641713,tt0094336
nm0477099,tt0094357
nm0516319,tt0094375
nm0548516,tt0094675
nm0644680,tt0094709
nm0066082,tt0094868
nm0461927,tt0244316
nm0938893,tt0338564
nm1058007,tt0456149
nm0756871,tt0456892
nm2556206,tt0460480
nm0000195,tt0838221
nm5028766,tt0847817
nm3092081,tt1000769
nm1008494,tt1093842
nm2895440,tt1157605
nm0005515,tt1157605
nm2206856,tt1157605
nm10452698,tt2190196
nm4942550,tt2560102
nm2562200,tt2560102
nm8091749,tt28349668
nm14783727,tt28349668
nm13279799,tt33381401
nm6959025,tt4214450
nm7582319,tt4935446
nm12964666,tt5375040
nm12964668,tt5375040
nm12964669,tt5375040
nm14022199,tt0093258
nm0055558,tt0093267
nm0000722,tt0093284
nm0529645,tt0093295
nm0030521,tt0093342
nm0001250,tt0093371
nm0612853,tt0042217
nm2733342,tt0042217
nm1711578,tt0042217
nm0222694,tt0042436
nm0588322,tt0042783
nm0441574,tt0042958
nm0784279,tt0042958
nm0793650,tt0042958
nm0043525,tt0043048
nm0513033,tt0043140
nm0043398,tt0043313
nm0202405,tt0043386
nm0054436,tt0043386
nm0746279,tt0043511
nm0674322,tt0043511
nm0289975,tt0043511
nm1885475,tt0043511
nm0623443,tt0043532
nm0289983,tt0043532
nm0233549,tt0043567
nm3755550,tt0043587
nm0467566,tt0043587
nm0001536,tt0043707
nm0136823,tt0043809
nm0245103,tt0043927
nm0792212,tt0044121
nm0441574,tt0044163
nm0628579,tt0044355
nm0357303,tt0044429
nm0912276,tt0044429
nm0312072,tt0044429
nm0623443,tt0044495
nm0383261,tt0044793
nm0756870,tt0044793
nm0851408,tt0044811
nm0001954,tt0044837
nm0664186,tt0045034
nm0105482,tt0045034
nm0152361,tt0045056
nm0250042,tt0045251
nm0672857,tt0045554
nm0848974,tt0045802
nm0678534,tt0045900
nm0622406,tt0045971
nm15366953,tt0045997
nm0001120,tt0046022
nm0598971,tt0046268
nm0221782,tt0046268
nm0148294,tt0046268
nm0763072,tt0046447
nm0623443,tt0046449
nm0289983,tt0046449
nm0654712,tt0046478
nm0434595,tt0046478
nm2870517,tt0046487
nm0000006,tt0046511
nm0148451,tt0046511
nm0367928,tt0046851
nm0837360,tt0046851
nm0620850,tt0046851
nm0797531,tt0046911
nm0644574,tt0047034
nm0370621,tt0047034
nm0207219,tt0047094
nm0127396,tt0047287
nm0008354,tt0047444
nm0645812,tt0047445
nm0000865,tt0047528
nm0147566,tt0047528
nm0339992,tt0047579
nm0299014,tt0047821
nm0543188,tt0047821
nm0079239,tt0047930
nm0359566,tt0048250
nm0000080,tt0048393
nm0848667,tt0048393
nm0041681,tt0048393
nm0222480,tt0048473
nm0595338,tt0048500
nm0875465,tt0048579
nm0757021,tt0048579
nm0000031,tt0048673
nm0848796,tt0048731
nm0847301,tt0048757
nm0001811,tt0048801
nm0654712,tt0048820
nm0590940,tt0048820
nm0015176,tt0048820
nm0463152,tt0048933
nm0049302,tt0048956
nm0441038,tt0049012
nm1797071,tt0049012
nm0538461,tt0049087
nm0538460,tt0049087
nm0078108,tt0049177
nm0864397,tt0049189
nm0609984,tt0049189
nm0104720,tt0049552
nm0021078,tt0049674
nm0104770,tt0049730
nm0620390,tt0049782
nm0620154,tt0049821
nm0216216,tt0049902
nm9884274,tt0049916
nm0477100,tt0118845
nm0619236,tt0120101
nm0741388,tt0120255
nm0635070,tt0120263
nm0634800,tt0120265
nm0514852,tt0120372
nm0266723,tt0120674
nm5166525,tt0121444
nm0867401,tt0122136
nm0438047,tt0122136
nm0148706,tt0122371
nm0293978,tt0122371
nm0014554,tt0174707
nm0476213,tt0174707
nm0701296,tt0175743
nm0620397,tt0178868
nm0845209,tt0216386
nm0274548,tt0216386
nm0294983,tt0217853
nm0244631,tt0218817
nm0465531,tt0227858
nm0398513,tt0227858
nm6966885,tt0312886
nm0863839,tt0312886
nm1164832,tt0318069
nm1167945,tt0318069
nm0011814,tt0318346
nm0477209,tt0415380
nm0765783,tt0415906
nm0377034,tt0415978
nm1680142,tt0415978
nm0039313,tt0424359
nm0654110,tt0963178
nm0915208,tt0963178
nm2516090,tt1015968
nm1898013,tt1032846
nm0222048,tt11233002
nm0308877,tt11233002
nm3087880,tt1241325
nm3218579,tt1241325
nm3339312,tt12564514
nm0832161,tt14064214
nm0476201,tt15399286
nm1823264,tt15399286
nm2510922,tt15399286
nm0684001,tt21042126
nm6261878,tt2268732
nm6261879,tt2268732
nm8152221,tt2762506
nm11600265,tt28419037
nm10432924,tt28419037
nm0556344,tt2963262
nm13248818,tt30319916
nm16631205,tt30320605
nm2539953,tt4621016
nm5105099,tt5278832
nm0485462,tt0060920
nm0101026,tt0060920
nm0390819,tt0060920
nm0149091,tt0060959
nm0439466,tt0061084
nm0874708,tt0061084
nm0848406,tt0061101
nm0637260,tt0061781
nm0511856,tt0061834
nm0634601,tt0061882
nm0625986,tt0061883
nm0750114,tt0062136
nm0416166,tt0062136
nm0692680,tt0062229
nm0354650,tt0062322
nm0795919,tt0062455
nm0107894,tt0062480
nm0003909,tt0062695
nm0681566,tt0062873
nm0174768,tt0062952
nm0511458,tt0062981
nm0334635,tt0063291
nm0209209,tt0063291
nm0427977,tt0063350
nm0185804,tt0063350
nm0466916,tt0063350
nm0625845,tt0063371
nm0320988,tt0063678
nm0131374,tt0063678
nm0709951,tt0063715
nm0030046,tt0063715
nm0753062,tt0063759
nm0579844,tt0063791
nm0556319,tt0063835
nm0468699,tt0063876
nm15961867,tt0063876
nm0252621,tt0064038
nm0001673,tt0083702
nm0001396,tt0083702
nm0000367,tt0083789
nm2772624,tt0083789
nm0014062,tt0083922
nm1079916,tt0084042
nm0754990,tt0084116
nm0328020,tt0084383
nm0483942,tt0084383
nm0079341,tt0084423
nm0642128,tt0084698
nm0818686,tt0084829
nm0144045,tt0084829
nm0746085,tt0084829
nm0173138,tt0084867
nm0052017,tt0085180
nm0000941,tt0085267
nm0242749,tt0085276
nm0473928,tt0085864
nm0697200,tt0086245
nm0704624,tt0086479
nm0435726,tt0086551
nm0644023,tt0086650
nm0171664,tt0086650
nm0339452,tt0086859
nm0007210,tt0086859
nm0594348,tt0086907
nm1099381,tt0086977
nm0000531,tt0086979
nm0112295,tt0086979
nm0001057,tt0110598
nm0503352,tt0111403
nm0261927,tt0111403
nm0301515,tt0111507
nm0668640,tt0111507
nm0419935,tt0111541
nm0634666,tt0111681
nm0200900,tt0111845
nm0690972,tt0111845
nm0722614,tt0112364
nm0001252,tt0112364
nm0296596,tt0112769
nm0930317,tt0112887
nm0597384,tt0113247
nm0545838,tt0113273
nm0424800,tt0114305
nm0112533,tt0115822
nm0613835,tt0115822
nm0598857,tt0115928
nm0000205,tt0116041
nm0293803,tt0116261
nm0936391,tt0116293
nm0904901,tt0116752
nm0741803,tt0116922
nm0596257,tt0117056
nm0001704,tt0117318
nm0895875,tt0117394
nm0811777,tt0117394
nm0545659,tt0118644
nm0434432,tt0269461
nm0221159,tt0269461
nm0685651,tt0269461
nm2352236,tt0273874
nm2355480,tt0273874
nm17345703,tt0274069
nm0001993,tt0274117
nm1258499,tt1008017
nm2897783,tt1008017
nm6567393,tt1065073
nm3999508,tt1527186
nm0000152,tt1764183
nm0038324,tt1909796
nm3697267,tt30439035
nm1615654,tt4714782
nm0064741,tt6423776
nm0846966,tt0063172
nm0441410,tt0063173
nm0386953,tt0063195
nm0461903,tt0063206
nm0476435,tt0063206
nm0879412,tt0014417
nm0074788,tt0014624
nm0516001,tt0014945
nm0017893,tt0015648
nm0110393,tt0015841
nm1033900,tt0015864
nm0042083,tt0017075
nm0571841,tt0017825
nm0402842,tt0017825
nm0005368,tt0064437
nm0778016,tt0064536
nm0636874,tt0064781
nm0880521,tt0064793
nm0299827,tt0064793
nm0952043,tt0064843
nm0465945,tt0064843
nm0263967,tt0065036
nm0518579,tt0065391
nm0769440,tt0065391
nm0180454,tt0065772
nm0524528,tt0065772
nm0847106,tt0065776
nm0724189,tt0065780
nm0682698,tt0065913
nm0814994,tt0065913
nm0313070,tt0066065
nm0918994,tt0066065
nm0496614,tt0066207
nm0720105,tt0066207
nm0117505,tt0066498
nm2235085,tt0066516
nm0927423,tt0066516
nm0018872,tt0066531
nm1817203,tt0066531
nm0855384,tt0066602
nm0441526,tt0066603
nm0847698,tt0066603
nm0948499,tt0066603
nm0855385,tt0066603
nm0442881,tt0066639
nm0777617,tt0066773
nm0000761,tt0066826
nm0529543,tt0066989
nm0548440,tt0066989
nm0543719,tt0066989
nm8624287,tt0067048
nm0718874,tt0067048
nm0382007,tt0067055
nm0454123,tt0067148
nm0546932,tt0067148
nm0002106,tt0067185
nm0160452,tt0067185
nm0800171,tt0067227
nm0668976,tt0067454
nm0831467,tt0067454
nm0524893,tt0067580
nm0475476,tt0067958
nm0587416,tt0067958
nm0347858,tt0067959
nm0448194,tt0067961
nm0297219,tt0067962
nm0894303,tt0068205
nm0422436,tt0068379
nm0441526,tt0068650
nm0423663,tt0068816
nm0866674,tt0068816
nm0382105,tt0069086
nm0232942,tt0069086
nm0928349,tt0069086
nm0799237,tt0069198
nm0094081,tt0069293
nm0598971,tt0069398
nm0653443,tt0069398
nm0460695,tt0069400
nm0000587,tt0069489
nm0858634,tt0069489
nm0000003,tt0069990
nm0907480,tt0069990
nm0455028,tt0069996
nm2319722,tt0069996
nm0898121,tt0070040
nm0443829,tt0070155
nm0593957,tt0070809
nm0615930,tt0070809
nm2725525,tt0070820
nm0116048,tt0070884
nm0001232,tt0070884
nm0000052,tt0070960
nm10802262,tt0071384
nm0681566,tt0071487
nm0077921,tt0071487
nm0291289,tt0071487
nm0616163,tt0071565
nm1595636,tt0071571
nm1179746,tt0071587
nm6795642,tt0071604
nm0423332,tt0071622
nm0034390,tt0071690
nm0386951,tt0071695
nm0605710,tt0071695
nm0800253,tt0071737
nm0772477,tt0071737
nm0952854,tt0071859
nm0166706,tt0071910
nm0106925,tt0135024
nm0462073,tt0135031
nm0604680,tt0138355
nm0046695,tt0138355
nm0912664,tt0138355
nm4739344,tt0139500
nm5249302,tt0191066
nm0832161,tt0192069
nm13253421,tt0194523
nm0973913,tt0283283
nm0000153,tt0284034
nm0719637,tt0285728
nm0100749,tt0285728
nm0441399,tt0374262
nm0000905,tt0379217
nm0006563,tt0379217
nm0354642,tt0381392
nm0750850,tt0383020
nm0477553,tt0385202
nm0768031,tt0385202
nm3193113,tt1322903
nm13577111,tt18317064
nm13577112,tt18317064
nm0000348,tt1985144
nm0910912,tt26441793
nm6974956,tt26441793
nm7682938,tt26442871
nm2276340,tt26448954
nm16040684,tt26448954
nm13225700,tt26448954
nm0070159,tt26452090
nm1335996,tt30810787
nm4225184,tt32086077
nm6535432,tt32086077
nm0900201,tt0064591
nm0022009,tt0031270
nm0800302,tt0031309
nm0719328,tt0031334
nm0300064,tt0031514
nm0096270,tt0031544
nm0054061,tt0031650
nm0680587,tt0031650
nm0001033,tt0031742
nm0580565,tt0031742
nm0573790,tt0031831
nm0339669,tt0031885
nm0187981,tt0032145
nm0590911,tt0032156
nm0642988,tt0032553
nm0439850,tt0032599
nm0954647,tt0032655
nm0905464,tt0033532
nm0692439,tt0033627
nm0288304,tt0034240
nm0029456,tt0034272
nm0541766,tt0034272
nm0690500,tt0035001
nm0889667,tt0035017
nm0006741,tt0035521
nm1671913,tt0036034
nm0571129,tt0036112
nm0391644,tt0036112
nm0872483,tt0036112
nm0000051,tt0036135
nm0359248,tt0036400
nm0677961,tt0036695
nm0375818,tt0036910
nm0407329,tt0036977
nm0407401,tt0036977
nm0002145,tt0037558
nm0091502,tt0037630
nm0515193,tt0037800
nm0284870,tt0038146
nm0314590,tt0038348
nm0001739,tt0038574
nm0027851,tt0038675
nm0256457,tt0038823
nm0699812,tt0124888
nm0490813,tt0124888
nm0056768,tt0125659
nm0149630,tt0126654
nm0011038,tt0126908
nm1171230,tt0127310
nm0686929,tt0129928
nm0301311,tt0130218
nm0202135,tt0130377
nm0594421,tt0131013
nm0793083,tt0131013
nm0015331,tt0131013
nm1982658,tt0134286
nm0462073,tt0134756
nm5664912,tt0134756
nm0637603,tt0134805
nm0754229,tt0196355
nm0905661,tt0196355
nm0330948,tt0196866
nm0047644,tt0200071
nm0586221,tt0200768
nm0949107,tt0201922
nm0441526,tt0202154
nm3732272,tt0202154
nm1231317,tt0202928
nm0946216,tt0203612
nm0847054,tt0203635
nm0945831,tt0203635
nm0945836,tt0203797
nm0713993,tt0204066
nm0874676,tt0369060
nm0823462,tt0373450
nm0847302,tt0426900
nm1702553,tt0426900
nm4194302,tt1403047
nm3587751,tt14407336
nm0000173,tt1837636
nm3250036,tt2219894
nm2654142,tt27958252
nm15082704,tt28490044
nm3326323,tt35022825
nm13259404,tt35022825
nm0185629,tt4466490
nm1141179,tt4466490
nm9233952,tt5222918
nm0890005,tt5222918
nm9233953,tt5222918
nm0937581,tt0006614
nm0147761,tt0008663
nm0874799,tt0008879
nm0738553,tt0008879
nm0695792,tt0011870
nm0047800,tt0012349
nm0014363,tt0012364
nm0870083,tt0013201
nm0893941,tt0107165
nm0309348,tt0107165
nm0609675,tt0107259
nm0419599,tt0107259
nm1435594,tt0107384
nm0476185,tt0107474
nm0958828,tt0107474
nm0837217,tt0107736
nm0066223,tt0108074
nm0001166,tt0108366
nm0406791,tt0108515
nm0790689,tt0108554
nm0490513,tt0108606
nm0791958,tt0109085
nm0178800,tt0109655
nm0284557,tt0109655
nm0858946,tt0110057
nm0266755,tt0156587
nm0435299,tt0158714
nm1837670,tt0158714
nm0235426,tt0209463
nm0005342,tt0211941
nm15710980,tt0212016
nm0291866,tt0212772
nm5599978,tt0328802
nm0415549,tt0329429
nm0794425,tt0330536
nm0000639,tt0808526
nm1893752,tt0809407
nm2947894,tt0809407
nm3117618,tt0984130
nm4733457,tt0984130
nm1746997,tt1181614
nm3158985,tt1181614
nm1067147,tt1287878
nm0290274,tt0018051
nm3633294,tt0018528
nm0042317,tt0018773
nm0283098,tt0018826
nm0299674,tt0018826
nm0847031,tt0019796
nm0096030,tt0020163
nm0251203,tt0020163
nm2599657,tt0020451
nm1143139,tt0020451
nm1282023,tt0021283
nm0875368,tt0021283
nm0146185,tt0021890
nm0774231,tt0022080
nm0130270,tt0022125
nm0756870,tt0022485
nm0014656,tt0022787
nm0216596,tt0022787
nm0294382,tt0022877
nm0166170,tt0023238
nm0191870,tt0023241
nm2169219,tt0023261
nm0849011,tt0023450
nm0405802,tt0023563
nm0849439,tt0023937
nm0226502,tt0023985
nm0031832,tt0024214
nm0245579,tt0024473
nm0030246,tt0024480
nm1767889,tt0024793
nm0888479,tt0024962
nm0621197,tt0025214
nm1650192,tt0025338
nm1655495,tt0025338
nm0078923,tt0025452
nm0560915,tt0025509
nm0622069,tt0025509
nm0115558,tt0025748
nm0598889,tt0025898
nm0405716,tt0025898
nm0875208,tt0025929
nm0543169,tt0026029
nm0954651,tt0026737
nm0837278,tt0027118
nm0000006,tt0027164
nm0526234,tt0027164
nm0000064,tt0027214
nm0579635,tt0075793
nm0194106,tt0075915
nm0510810,tt0075915
nm0087307,tt0075915
nm0385860,tt0075983
nm0423101,tt0076162
nm0594393,tt0076162
nm0079815,tt0076221
nm0337003,tt0076299
nm0846684,tt0076341
nm0949097,tt0077132
nm0650293,tt0077138
nm0623493,tt0077309
nm0430746,tt0077711
nm0559837,tt0077729
nm2009554,tt0077740
nm0675828,tt0077878
nm0637649,tt0078152
nm0639972,tt0078480
nm2932086,tt0078763
nm0239964,tt0078771
nm0237750,tt0078875
nm0001657,tt0078908
nm0408641,tt0079010
nm0407030,tt0079041
nm0001023,tt0079672
nm0425610,tt0079672
nm0099346,tt0079701
nm0813463,tt0079944
nm0433012,tt0079944
nm0860233,tt0080310
nm0750931,tt0080397
nm0230637,tt0080397
nm0239513,tt0080610
nm0559880,tt0080889
nm0456334,tt0081055
nm0573618,tt0081070
nm0520545,tt0081070
nm1264124,tt0081204
nm0544371,tt0081291
nm0793384,tt0081499
nm0891092,tt0081633
nm0542405,tt0082093
nm0804506,tt0082206
nm0268178,tt0082275
nm0047963,tt0082313
nm0006664,tt0082599
nm0443559,tt0082601
nm0457953,tt0082601
nm0764339,tt0082888
nm0432247,tt0082912
nm0076511,tt0082912
nm0268185,tt0082934
nm0436341,tt0083352
nm0015328,tt0181517
nm0814384,tt0181786
nm1214088,tt0186725
nm0794207,tt0360946
nm2673611,tt0447641
nm2555469,tt0970935
nm0616543,tt11380884
nm11298512,tt11392114
nm0714287,tt1470024
nm0000934,tt1649264
nm2082216,tt1714210
nm2460292,tt26315142
nm0429810,tt33253824
nm2278832,tt36456563
nm12460527,tt4420704
nm7412246,tt5258306
nm8198282,tt5786872
nm2102815,tt0027307
nm0350763,tt0027342
nm0218225,tt0027489
nm0241339,tt0027489
nm0885137,tt0027489
nm0810479,tt0027954
nm0640547,tt0028112
nm0487890,tt0028165
nm6407986,tt0028201
nm0002897,tt0028358
nm0034594,tt0028358
nm0132682,tt0028667
nm0619798,tt0028667
nm0754942,tt0028827
nm0166234,tt0029087
nm0829838,tt0029201
nm1150210,tt0029314
nm0837712,tt0029314
nm1722375,tt0029314
nm0269567,tt0029322
nm0002121,tt0029322
nm0643353,tt0029365
nm0352741,tt0029365
nm0031832,tt0029557
nm0431212,tt0029706
nm0723918,tt0029706
nm0726585,tt0029811
nm0496614,tt0029957
nm0915194,tt0029982
nm0163515,tt0029982
nm0001931,tt0030063
nm0854996,tt0030066
nm0122360,tt0030066
nm0087926,tt0030127
nm0060130,tt0030127
nm0097727,tt0030252
nm1748064,tt0030523
nm0384908,tt0030637
nm0340574,tt0030642
nm1078411,tt0030642
nm0871674,tt0030675
nm0106319,tt0098625
nm0837361,tt0098972
nm0001041,tt0099000
nm6579439,tt0099000
nm0612787,tt0099040
nm0002364,tt0099286
nm0258527,tt0099286
nm0154669,tt0099286
nm0945189,tt0099426
nm2682434,tt0099881
nm0754969,tt0100234
nm0267115,tt0100234
nm0000429,tt0100318
nm0582418,tt0100318
nm0207218,tt0100536
nm0498429,tt0100625
nm0000115,tt0100935
nm0293422,tt0100935
nm0000618,tt0100935
nm0401207,tt0100973
nm0950757,tt0100973
nm0628756,tt0101020
nm0000945,tt0101428
nm0219099,tt0101428
nm0227669,tt0101458
nm0239985,tt0101765
nm0196604,tt0101819
nm0377226,tt0101819
nm0125084,tt0102048
nm0431040,tt0102141
nm0691860,tt0102141
nm3140822,tt0102293
nm0150987,tt0102293
nm0786022,tt0102456
nm0846616,tt0102456
nm0249622,tt0102458
nm0309178,tt0102491
nm0853505,tt0102497
nm0002064,tt0102536
nm0504897,tt0102932
nm0000500,tt0102943
nm0494204,tt0103190
nm0490614,tt0103295
nm0067369,tt0104224
nm0554778,tt0104545
nm0868881,tt0104658
nm0566463,tt0104753
nm0669704,tt0104775
nm0847737,tt0105060
nm0000155,tt0105151
nm0001397,tt0105151
nm0611315,tt0105619
nm0945188,tt0105619
nm0155455,tt0105619
nm0939153,tt0105655
nm0000309,tt0105665
nm1546476,tt0105750
nm4482691,tt0105821
nm0690972,tt0105888
nm0531778,tt0106579
nm0592756,tt0229519
nm0225399,tt0233315
nm7802139,tt0234669
nm0551062,tt0293153
nm0677647,tt0293153
nm0874579,tt0296809
nm0330339,tt0296881
nm3107563,tt0478000
nm0410987,tt1248984
nm0467557,tt1248984
nm0370577,tt1935157
nm2316017,tt2347569
nm3485845,tt2347569
nm0222013,tt2347569
nm0290556,tt2972098
nm0000884,tt2972098
nm0796287,tt3544082
nm0072364,tt4082068
nm0471084,tt0056844
nm0812291,tt0056845
nm0868998,tt0056854
nm0173916,tt0056905
nm0560590,tt0056919
nm0297896,tt0057215
nm0927094,tt0057237
nm0847427,tt0057238
nm0016646,tt0057286
nm0194958,tt0057286
nm0846187,tt0057295
nm0287825,tt0058414
nm0000366,tt0058450
nm0046133,tt0058458
nm0176131,tt0053146
nm0489425,tt0053168
nm0753716,tt0053198
nm0587061,tt0053242
nm0420923,tt0053361
nm0778568,tt0053459
nm0003606,tt0053472
nm0231308,tt0053472
nm0390516,tt0053604
nm0603761,tt0053643
nm0084435,tt0053765
nm0433512,tt0053772
nm0803561,tt0053772
nm0000869,tt0053796
nm0557292,tt0053796
nm0849108,tt0053892
nm0383261,tt0053892
nm0261161,tt0054156
nm0836977,tt0054177
nm0151988,tt0054189
nm0448123,tt0054205
nm0668093,tt0054248
nm0283754,tt0054248
nm0697799,tt0054269
nm0476675,tt0054286
nm0038951,tt0054325
nm0168413,tt0054377
nm0543717,tt0054389
nm0065449,tt0054407
nm0586227,tt0054460
nm0297869,tt0054460
nm1555093,tt0054709
nm1331277,tt0054745
nm0026904,tt0054763
nm0422392,tt0054803
nm0060288,tt0055032
nm0875362,tt0055052
nm0066879,tt0055082
nm0386953,tt0055233
nm0586352,tt0055269
nm0124592,tt0055310
nm0142049,tt0055399
nm0000901,tt0055572
nm0696866,tt0055597
nm0255156,tt0055830
nm0211246,tt0055858
nm0945503,tt0056003
nm0634659,tt0056003
nm0412615,tt0056058
nm0156928,tt0056135
nm0755401,tt0056444
nm0538586,tt0056444
nm0004462,tt0056512
nm0800074,tt0056512
nm0357307,tt0056562
nm0898416,tt0056667
nm0881540,tt0056680
nm0052491,tt0056714
nm0824489,tt0056801
nm0000938,tt0057076
nm0001215,tt0057590
nm0297675,tt0057632
nm0542063,tt0057643
nm0386285,tt0057697
nm0457853,tt0057697
nm0343888,tt0058003
nm0751881,tt0058022
nm0249735,tt0058124
nm0539965,tt0058150
nm0423222,tt0058259
nm0913843,tt0058279
nm0443232,tt0058349
nm0590775,tt0058349
nm0125627,tt0058564
nm0306456,tt0058604
nm0476675,tt0058652
nm0442951,tt0058698
nm0224224,tt0058715
nm0012829,tt0058715
nm0678469,tt0058780
nm0116598,tt0058780
nm0199029,tt0058888
nm0078106,tt0058985
nm0904076,tt0059063
nm0711003,tt0059063
nm0033014,tt0059063
nm0793645,tt0059159
nm0898376,tt0059160
nm0496428,tt0059229
nm0318153,tt0059229
nm0052329,tt0059348
nm0398666,tt0059415
nm0154128,tt0059417
nm9827175,tt0059459
nm0480554,tt0059527
nm0837361,tt0059554
nm3272660,tt0059554
nm0881540,tt0059554
nm0007631,tt0059592
nm0041332,tt0059592
nm0140316,tt0059616
nm0415225,tt0059616
nm0319150,tt0059616
nm0000197,tt0059653
nm0593355,tt0059653
nm0352467,tt0059653
nm2325659,tt0059715
nm0863146,tt0059884
nm0345513,tt0059884
nm0144798,tt0059934
nm0581042,tt0060223
nm0634593,tt0060440
nm0864289,tt0060574
nm0357307,tt0060586
nm0047016,tt0060635
nm0474907,tt0060742
nm0495516,tt0060770
nm0472234,tt0060827
nm0283389,tt0161292
nm0412615,tt0164347
nm0837350,tt0164347
nm0398513,tt0164347
nm0619938,tt0164707
nm0621456,tt0164707
nm0297805,tt0164983
nm0594391,tt0164983
nm0879918,tt0164984
nm2398174,tt0164984
nm0410832,tt0165078
nm0410976,tt0165339
nm0000651,tt0166896
nm0451376,tt0167925
nm3530952,tt0257954
nm0910912,tt0258885
nm0359707,tt0262432
nm0000841,tt0265197
nm3095484,tt0977638
nm3095554,tt0977638
nm0897399,tt1129435
nm1855281,tt1337051
nm12074606,tt14641542
nm1892640,tt14781332
nm3739031,tt1558972
nm14643703,tt19652910
nm3079991,tt19652910
nm1125277,tt2332801
nm0319630,tt4288356
nm0476675,tt0054122
nm0015609,tt0054122
nm0926919,tt0054130
nm2269621,tt0054143
nm0441961,tt0054144
nm0256707,tt0054151
nm0150709,tt0057336
nm0899403,tt0057344
nm0563268,tt0057357
nm0008131,tt0057357
nm0043453,tt0057358
nm0457498,tt0057363
nm0412615,tt0057494
nm0730574,tt0057495
nm0793766,tt0057565
nm0853392,tt0057565
nm0731499,tt0057578
nm0324203,tt0057578
nm0442732,tt0060486
nm0530571,tt0060529
nm0264770,tt0060545
nm0536167,tt0038890
nm0577523,tt0038913
nm0195111,tt0038913
nm0567521,tt0038924
nm0645676,tt0039090
nm0481966,tt0039192
nm0356294,tt0039192
nm0082813,tt0039195
nm0473223,tt0039417
nm0351509,tt0039417
nm0386035,tt0039417
nm0793766,tt0039423
nm0174029,tt0039677
nm0269620,tt0039677
nm0620083,tt0039871
nm0398141,tt0040098
nm0001577,tt0040160
nm0006471,tt0040160
nm0829959,tt0040330
nm0064720,tt0040497
nm0594062,tt0040505
nm0875623,tt0040559
nm0298889,tt0040559
nm0366253,tt0040636
nm0060168,tt0040725
nm0115008,tt0040725
nm0002094,tt0040737
nm0885203,tt0040737
nm0867401,tt0040979
nm0623443,tt0041232
nm0289983,tt0041232
nm0545528,tt0041232
nm0177883,tt0041460
nm0453081,tt0041497
nm0634749,tt0041497
nm0619218,tt0041699
nm0122166,tt0041735
nm0377397,tt0041998
nm0881303,tt0042059
nm0457216,tt0072439
nm0948438,tt0072439
nm7356604,tt0072962
nm0293224,tt0073107
nm0786891,tt0073166
nm0449489,tt0073424
nm0771185,tt0073502
nm0357307,tt0073841
nm0785167,tt0074102
nm0066093,tt0074168
nm0439344,tt0074312
nm0617736,tt0074312
nm0378075,tt0074312
nm0265948,tt0074868
nm0041565,tt0074868
nm0545103,tt0074868
nm0000367,tt0074883
nm0798534,tt0075654
nm0004486,tt0075675
nm0205289,tt0095302
nm0051394,tt0095302
nm0155578,tt0095403
nm0048329,tt0095515
nm0357539,tt0095515
nm4225504,tt0095961
nm0490003,tt0096163
nm0816279,tt0096163
nm0728132,tt0096294
nm2209536,tt0096294
nm0075359,tt0096409
nm0856778,tt0097106
nm0947313,tt0097202
nm0015244,tt0097843
nm0591877,tt0097884
nm0013833,tt0098019
nm0943138,tt0098019
nm0739282,tt0098112
nm0231085,tt0098327
nm0001533,tt0098327
nm0760373,tt0098368
nm1930705,tt0143088
nm0605710,tt0143348
nm0423663,tt0143428
nm0866674,tt0143428
nm0793562,tt0144589
nm0264692,tt0150430
nm0453523,tt0150980
nm1136671,tt0150980
nm0650212,tt0154506
nm0928985,tt0251300
nm13667565,tt0253967
nm0536095,tt0254686
nm0295429,tt0254686
nm1071274,tt0254686
nm0644713,tt0309754
nm0504897,tt0311913
nm0910947,tt0311913
nm6312199,tt0391483
nm12593545,tt0462757
nm1953498,tt0464105
nm1957564,tt0464105
nm0007238,tt0469835
nm0645202,tt0781599
nm5675446,tt20205236
nm0197714,tt20212786
nm14848765,tt27502250
nm0045479,tt27502250
nm0147928,tt27502250
nm3226240,tt31809821
nm6699131,tt5795752
nm0087496,tt9617512
nm0205784,tt0050193
nm0875237,tt0050251
nm0620131,tt0050330
nm0457953,tt0050330
nm0934892,tt0050393
nm0616343,tt0050574
nm0572224,tt0050598
nm0060692,tt0050634
nm0451454,tt0050634
nm0091643,tt0050634
nm0547241,tt0050706
nm0953088,tt0050782
nm0560024,tt0050800
nm0808112,tt0051418
nm0456409,tt0051512
nm0033171,tt0051584
nm0867401,tt0051704
nm0060023,tt0051713
nm0753479,tt0051720
nm0879947,tt0051808
nm0793766,tt0051808
nm0753479,tt0051828
nm0644509,tt0051980
nm0643870,tt0051980
nm0862026,tt0052017
nm0874553,tt0052374
nm0596097,tt0052414
nm0866701,tt0052540
nm0889511,tt0052587
nm0477553,tt0052957
nm0856187,tt0052961
nm0441557,tt0053115
nm0879971,tt0053115
nm0000031,tt0087322
nm0524528,tt0087821
nm0248217,tt0087900
nm1064250,tt0087900
nm0050264,tt0088184
nm1290352,tt0088196
nm11814710,tt0088196
nm15434793,tt0088222
nm0001213,tt0088275
nm0056763,tt0088315
nm1133558,tt0088383
nm0000400,tt0088680
nm0000414,tt0088680
nm0015199,tt0089015
nm0256387,tt0089343
nm0401204,tt0089371
nm0436337,tt0089374
nm0000471,tt0089424
nm0091526,tt0089507
nm0123221,tt0089742
nm0001589,tt0089838
nm4104713,tt0089866
nm0000300,tt0089902
nm0004462,tt0089902
nm0617736,tt0089960
nm0000368,tt0090037
nm0005316,tt0090037
nm0203466,tt0090251
nm0729912,tt0090251
nm0214172,tt0090252
nm0532714,tt0090271
nm0068172,tt0090559
nm0103417,tt0090559
nm0074757,tt0090955
nm0156902,tt0090956
nm0470385,tt0091251
nm0592500,tt0091251
nm2496074,tt0091251
nm0520660,tt0091251
nm0000809,tt0091288
nm0576272,tt0091288
nm0560991,tt0091288
nm0497920,tt0091293
nm0188646,tt0091859
nm0081100,tt0091869
nm0710490,tt0092149
nm0670724,tt0092149
nm0758498,tt0092219
nm0653470,tt0092258
nm1476548,tt0092963
nm0092290,tt0093191
nm0932874,tt0093191
nm0748125,tt0093238
nm0001040,tt0093389
nm0161193,tt0093426
nm0957717,tt0093599
nm0000126,tt0093640
nm0003318,tt0093640
nm0641397,tt0093870
nm0001748,tt0093870
nm0471849,tt0094248
nm0341743,tt0094336
nm0219151,tt0094868
nm0827663,tt0094933
nm0460694,tt0094933
nm0065333,tt0236576
nm0608187,tt0240419
nm0106040,tt0240419
nm0079341,tt0243255
nm0025557,tt0456149
nm0004778,tt0838221
nm0005403,tt0838221
nm0938645,tt0838221
nm2403818,tt0847817
nm2614923,tt1000769
nm0622145,tt1020773
nm1854596,tt1157605
nm5285214,tt12786834
nm4885488,tt12786834
nm14755968,tt14550346
nm9177527,tt14550346
nm0968797,tt1847731
nm4447180,tt1847731
nm1253550,tt2190196
nm5436003,tt2560102
nm0972490,tt2764784
nm15034202,tt28349668
nm6530843,tt3763790
nm6530845,tt3763790
nm7567599,tt4935446
nm1176741,tt0093295
nm0000334,tt0093304
nm0653649,tt0093342
nm0094135,tt0042229
nm0076248,tt0042436
nm0392191,tt0042466
nm0116303,tt0042466
nm0314006,tt0042477
nm0501078,tt0042477
nm0941076,tt0042700
nm0052203,tt0042700
nm0128130,tt0042700
nm0847408,tt0042762
nm0866835,tt0042980
nm0397580,tt0043362
nm0876522,tt0043532
nm0784279,tt0043614
nm0757104,tt0043699
nm0594062,tt0043699
nm0645269,tt0043801
nm0848768,tt0044029
nm0552185,tt0044121
nm0753479,tt0044163
nm12818880,tt0044163
nm0875477,tt0044163
nm6821269,tt0044163
nm1000274,tt0044429
nm0132770,tt0044487
nm0876522,tt0044495
nm0643887,tt0044741
nm0000122,tt0044837
nm0115558,tt0044837
nm0864797,tt0044982
nm0300064,tt0045034
nm0424318,tt0045056
nm0164379,tt0045056
nm0877230,tt0045056
nm0194742,tt0045361
nm0232375,tt0045361
nm0273510,tt0045554
nm0407329,tt0045802
nm0051812,tt0045935
nm0793795,tt0045971
nm1263043,tt0045997
nm2510706,tt0045997
nm1263552,tt0045997
nm0430900,tt0046022
nm0247954,tt0046345
nm0753479,tt0046438
nm0434593,tt0046438
nm0728404,tt0046447
nm0698330,tt0046511
nm0034836,tt0046750
nm0300064,tt0046998
nm0261161,tt0046998
nm0442708,tt0047034
nm0757021,tt0047034
nm0717815,tt0047167
nm0847302,tt0047300
nm0381223,tt0047336
nm0297869,tt0047478
nm0783288,tt0047579
nm0156078,tt0047579
nm0457506,tt0047682
nm0901711,tt0047821
nm0726295,tt0047832
nm0380729,tt0047930
nm0875237,tt0048127
nm0596384,tt0048127
nm0002216,tt0048133
nm0784279,tt0048198
nm0424743,tt0048250
nm0414279,tt0048250
nm0373178,tt0048272
nm0616344,tt0048394
nm1364828,tt0048429
nm0028249,tt0048452
nm0270149,tt0048452
nm0417361,tt0048500
nm0409869,tt0048527
nm0847301,tt0048731
nm0645422,tt0048757
nm0793879,tt0048820
nm0837503,tt0048820
nm0793795,tt0048820
nm0632757,tt0049012
nm4852225,tt0049087
nm0231098,tt0049177
nm0245152,tt0049177
nm0241545,tt0049182
nm0475732,tt0049537
nm0000843,tt0049552
nm0875465,tt0049710
nm0357303,tt0049761
nm0462181,tt0049782
nm0837503,tt0049784
nm0002000,tt0118845
nm0903258,tt0119167
nm0000052,tt0119614
nm0008161,tt0119629
nm0428294,tt0119755
nm0451376,tt0120255
nm0216599,tt0120448
nm0806384,tt0120448
nm0150987,tt0120530
nm0768404,tt0120530
nm0519966,tt0120674
nm4953335,tt0121444
nm0631705,tt0173240
nm0437704,tt0174708
nm0623162,tt0174708
nm0275581,tt0175743
nm0535767,tt0176049
nm0580720,tt0216605
nm0315640,tt0216625
nm0204978,tt0223027
nm1220694,tt0322824
nm0304709,tt0415380
nm0605252,tt0415906
nm0945544,tt0417214
nm0946660,tt0417214
nm2061820,tt0421960
nm2244685,tt0422720
nm0026133,tt0424359
nm0175931,tt0993789
nm0326364,tt11233002
nm2419914,tt1570989
nm2209987,tt2006181
nm0641304,tt2268732
nm1745486,tt28419037
nm0032962,tt2963262
nm11572578,tt30319916
nm14837866,tt30319916
nm14837865,tt30319916
nm16631206,tt30320605
nm0605676,tt32828123
nm0016532,tt0060959
nm0439911,tt0061084
nm0119891,tt0061196
nm0330801,tt0061196
nm0656180,tt0061395
nm0612840,tt0061395
nm0542146,tt0061613
nm0406700,tt0061847
nm0945299,tt0061847
nm0794425,tt0061882
nm2586485,tt0061882
nm0476179,tt0061971
nm0605281,tt0061971
nm0357240,tt0061971
nm0297741,tt0061971
nm0149351,tt0061996
nm0076976,tt0062262
nm0322912,tt0062285
nm0361724,tt0062411
nm0767567,tt0062455
nm0014800,tt0062480
nm0004413,tt0062492
nm0411146,tt0062518
nm0396096,tt0062518
nm0529543,tt0062695
nm0786891,tt0062695
nm0252499,tt0062916
nm0043088,tt0062952
nm0268071,tt0063291
nm0915593,tt0063350
nm0159600,tt0063633
nm0579844,tt0063633
nm0233713,tt0063646
nm1449279,tt0063646
nm1449891,tt0063646
nm0926723,tt0063678
nm0190222,tt0063678
nm0433150,tt0063715
nm0927711,tt0063759
nm0667897,tt0063791
nm0014148,tt0064038
nm0252756,tt0064038
nm0000532,tt0083722
nm0265670,tt0083722
nm0735010,tt0083859
nm0760890,tt0083859
nm0760198,tt0083859
nm0021655,tt0083922
nm0008161,tt0084042
nm0798866,tt0084116
nm1291630,tt0084248
nm0162223,tt0084383
nm0000172,tt0084423
nm0577705,tt0084538
nm0104558,tt0084786
nm0490489,tt0084807
nm10136246,tt0084807
nm0012602,tt0084808
nm0603402,tt0084829
nm0201638,tt0084843
nm0836681,tt0084843
nm0738325,tt0084843
nm0438585,tt0085276
nm0790474,tt0085279
nm2119978,tt0085533
nm0757293,tt0086242
nm0857515,tt0086650
nm0001829,tt0086859
nm0000445,tt0086979
nm0420266,tt0087188
nm0494078,tt0111495
nm0553067,tt0111681
nm0690974,tt0111845
nm0505764,tt0112364
nm0000052,tt0112654
nm0310865,tt0112654
nm0144045,tt0112769
nm0700681,tt0112887
nm0734067,tt0113145
nm0006692,tt0114305
nm0723623,tt0115822
nm0569790,tt0116041
nm1830140,tt0116070
nm0001763,tt0116261
nm0225963,tt0116293
nm0755548,tt0116643
nm0758825,tt0116752
nm0000597,tt0116922
nm0001482,tt0117318
nm0152187,tt0117318
nm0283029,tt0117394
nm0753737,tt0117398
nm1040302,tt0117398
nm0750718,tt0117589
nm11675500,tt0118125
nm0099398,tt0118644
nm0509820,tt0269104
nm0759898,tt0269461
nm2804459,tt0269587
nm0674702,tt0274117
nm0015961,tt0274117
nm0521041,tt0274117
nm0899830,tt0398883
nm0901667,tt0398883
nm0088935,tt1008017
nm0001745,tt1527186
nm0144377,tt1764183
nm0593724,tt22098228
nm0708903,tt27729122
nm0482652,tt30439035
nm0245164,tt6423776
nm0457601,tt0063169
nm0793867,tt0063195
nm0167087,tt0014417
nm0125432,tt0014945
nm0412045,tt0015361
nm1259072,tt0015768
nm0676969,tt0015768
nm0502631,tt0015863
nm0071602,tt0016395
nm0380965,tt0016395
nm0000036,tt0016630
nm0444602,tt0017075
nm0336618,tt0017075
nm0104079,tt0017825
nm0023862,tt0064373
nm0865561,tt0064373
nm0745663,tt0064390
nm0516215,tt0064437
nm0239915,tt0064437
nm0161157,tt0064451
nm0608098,tt0064482
nm0881203,tt0064536
nm0006092,tt0064674
nm0935141,tt0064694
nm0752323,tt0064781
nm0116305,tt0064793
nm0926723,tt0064828
nm0598971,tt0065234
nm0246817,tt0065241
nm0643308,tt0065241
nm0373345,tt0065261
nm0208547,tt0065261
nm0313461,tt0065391
nm0513795,tt0065600
nm0250551,tt0065600
nm0051502,tt0065649
nm0220102,tt0065695
nm0545054,tt0065695
nm0266028,tt0065772
nm0852909,tt0065780
nm0006781,tt0065808
nm0022115,tt0065913
nm0000366,tt0066207
nm0785771,tt0066207
nm0769972,tt0066516
nm0162223,tt0066531
nm3935874,tt0066639
nm0105973,tt0066773
nm0715693,tt0066826
nm0386113,tt0066826
nm0000016,tt0066989
nm0774262,tt0067227
nm0239634,tt0067439
nm0516634,tt0067454
nm0598381,tt0067641
nm0440438,tt0067649
nm0887706,tt0067810
nm0736312,tt0067959
nm0407813,tt0067959
nm0795914,tt0067961
nm0144589,tt0067962
nm0274796,tt0068205
nm0694934,tt0068207
nm0814994,tt0068207
nm0632757,tt0068650
nm0755960,tt0068650
nm0913796,tt0068815
nm0457223,tt0068816
nm0357307,tt0068817
nm0264235,tt0069086
nm0028042,tt0069214
nm15695009,tt0069214
nm0433525,tt0069293
nm0300350,tt0069398
nm0477785,tt0069687
nm15506600,tt0069687
nm0047056,tt0069687
nm0738354,tt0069996
nm0480942,tt0070359
nm0495950,tt0070359
nm0918315,tt0070359
nm0682034,tt0070359
nm0001164,tt0070698
nm0400464,tt0070698
nm0876997,tt0070820
nm0105891,tt0070832
nm10533721,tt0070884
nm0559836,tt0071141
nm0083801,tt0071219
nm6210352,tt0071411
nm0771260,tt0071458
nm6795649,tt0071604
nm0634159,tt0071622
nm0846841,tt0071622
nm0616163,tt0071695
nm0100490,tt0071733
nm1051156,tt0071833
nm0007023,tt0072030
nm0749401,tt0072030
nm0634159,tt0072053
nm0154319,tt0072053
nm0411631,tt0072157
nm3311861,tt0072157
nm0881518,tt0072195
nm1096331,tt0134993
nm0810229,tt0135163
nm0074555,tt0136099
nm0962130,tt0138355
nm0221107,tt0191053
nm5249442,tt0191066
nm0327104,tt0191664
nm13253444,tt0194523
nm13253441,tt0194523
nm0590939,tt0274686
nm4105230,tt0278782
nm0721469,tt0284034
nm0847487,tt0374262
nm3582643,tt0379269
nm2234185,tt1189367
nm1509478,tt1189367
nm2420346,tt1322903
nm9311743,tt13231544
nm0431647,tt15146486
nm0812303,tt15146486
nm4794061,tt18317064
nm7420521,tt18317064
nm0001463,tt1985144
nm0862514,tt26441793
nm9187850,tt26441793
nm14598154,tt26448981
nm8091742,tt26448981
nm10386337,tt30810787
nm1559268,tt32085997
nm0234711,tt3723828
nm0536737,tt3723828
nm0567710,tt3723828
nm13574428,tt7241484
nm15332567,tt7254920
nm0827354,tt0064546
nm0447208,tt0064591
nm0057929,tt0064625
nm0094340,tt0064625
nm0431212,tt0031309
nm0037124,tt0031309
nm0420011,tt0031334
nm0724732,tt0031575
nm0623290,tt0031650
nm0161414,tt0031971
nm0847028,tt0032156
nm0622450,tt0032728
nm0702798,tt0033532
nm0643353,tt0033858
nm0646829,tt0033858
nm0659427,tt0034240
nm0178066,tt0034272
nm0162242,tt0034493
nm0754955,tt0034591
nm0849439,tt0034591
nm0278740,tt0034734
nm0913094,tt0034881
nm0928697,tt0034891
nm0126049,tt0034928
nm0558455,tt0034928
nm0732877,tt0035001
nm0545352,tt0035001
nm0051086,tt0035017
nm0821041,tt0035446
nm0357111,tt0035446
nm0479742,tt0035521
nm0086560,tt0035567
nm0753716,tt0035737
nm0289932,tt0035753
nm3882781,tt0036034
nm0522577,tt0036135
nm0740463,tt0036506
nm0461747,tt0036506
nm0106267,tt0036566
nm0409960,tt0036947
nm0059200,tt0037558
nm0623684,tt0037638
nm0128130,tt0037800
nm0673749,tt0038146
nm0719692,tt0038250
nm0457954,tt0038268
nm0001289,tt0038390
nm0743835,tt0038480
nm0025910,tt0038675
nm0367380,tt0123335
nm0623434,tt0126661
nm0787183,tt0126721
nm2749745,tt0126721
nm17356650,tt0126721
nm0375793,tt0126721
nm1172448,tt0130377
nm0009834,tt0131013
nm0857087,tt0131149
nm0034836,tt0134771
nm0619218,tt0134805
nm0840702,tt0197521
nm0768032,tt0200309
nm0406737,tt0200559
nm0441351,tt0200768
nm0620154,tt0201922
nm0400447,tt0202507
nm12389532,tt0202928
nm0457483,tt0203040
nm0359219,tt0203608
nm0455816,tt0203608
nm1386403,tt0203612
nm0879729,tt0203635
nm0156928,tt0203751
nm16162181,tt0207050
nm0338493,tt0207645
nm0388908,tt0207645
nm1494889,tt0373175
nm0000375,tt0427550
nm0865891,tt0765469
nm0097718,tt4466490
nm0829576,tt4468634
nm0364813,tt4468634
nm0537899,tt0006614
nm0597995,tt0007340
nm0397907,tt0013075
nm0006166,tt0106696
nm0001808,tt0107152
nm0000666,tt0107152
nm0434593,tt0107474
nm0510857,tt0108074
nm0272173,tt0108328
nm0226873,tt0108366
nm0881817,tt0109020
nm0759705,tt0109020
nm0686911,tt0109085
nm0411377,tt0109586
nm0139924,tt0109655
nm0219026,tt0109685
nm0910845,tt0109685
nm0682907,tt0109843
nm0213581,tt0154767
nm0236254,tt0155028
nm0409244,tt0156587
nm1141596,tt0156587
nm0116337,tt0157122
nm1468943,tt0158714
nm0297922,tt0160440
nm1760645,tt0160440
nm0250757,tt0160535
nm0763631,tt0210075
nm0090481,tt0210075
nm0348927,tt0210075
nm15100667,tt0212016
nm15100668,tt0212016
nm0771350,tt0212016
nm0382975,tt0212772
nm0434563,tt0212772
nm0033136,tt0330536
nm0330339,tt0436811
nm3570765,tt0929425
nm0734498,tt0986233
nm3011338,tt1232826
nm4525883,tt1287878
nm10423537,tt16022080
nm0000186,tt1691152
nm5589118,tt2035630
nm0516001,tt0018051
nm0449908,tt0018528
nm0204639,tt0018773
nm0488216,tt0018826
nm0940437,tt0019412
nm0849011,tt0019796
nm0819265,tt0020163
nm0728509,tt0020269
nm5196724,tt0020980
nm0407855,tt0021409
nm1033907,tt0021749
nm0407376,tt0022048
nm0927145,tt0022100
nm0484737,tt0022100
nm0519765,tt0022100
nm0447349,tt0022100
nm1226419,tt0022105
nm0385443,tt0022105
nm0545384,tt0022599
nm0121904,tt0022599
nm0197589,tt0022718
nm0300388,tt0022787
nm0889024,tt0022787
nm0074470,tt0022787
nm0218225,tt0022877
nm0885137,tt0022877
nm1236746,tt0022941
nm0233390,tt0023241
nm0296351,tt0023345
nm0632764,tt0023634
nm0776914,tt0023649
nm0105331,tt0023649
nm0837424,tt0023937
nm0647378,tt0024480
nm0029223,tt0024480
nm0544539,tt0024710
nm0415199,tt0024710
nm0310287,tt0024710
nm0463637,tt0024793
nm0756870,tt0024793
nm0948989,tt0024793
nm0202120,tt0024844
nm0516001,tt0024961
nm0733460,tt0024962
nm0306978,tt0024962
nm0313033,tt0025062
nm0068038,tt0025094
nm0733810,tt0025100
nm0948989,tt0025214
nm0241348,tt0025509
nm0785771,tt0025509
nm0001931,tt0025681
nm0281955,tt0025748
nm0232196,tt0026406
nm0662335,tt0026406
nm0154989,tt0026564
nm0309878,tt0026564
nm0757104,tt0027118
nm0088382,tt0027164
nm0285922,tt0027214
nm0002094,tt0075793
nm0246587,tt0075915
nm0042104,tt0075933
nm0094796,tt0075933
nm0000047,tt0076085
nm0000052,tt0076085
nm0593803,tt0076221
nm0482367,tt0076299
nm0494407,tt0076855
nm0867401,tt0077132
nm0765823,tt0077132
nm0638784,tt0077711
nm0090707,tt0077729
nm4427660,tt0077775
nm0504559,tt0078021
nm0827137,tt0078259
nm0036107,tt0078481
nm0953130,tt0078763
nm0415283,tt0078771
nm0002058,tt0078908
nm0065798,tt0078908
nm0223962,tt0079010
nm0849108,tt0079041
nm0818204,tt0079083
nm0442316,tt0079083
nm3086858,tt0079315
nm1316610,tt0079315
nm0925970,tt0079596
nm0205289,tt0079766
nm0049644,tt0079854
nm0415209,tt0079854
nm0001765,tt0080140
nm0452352,tt0080310
nm0618449,tt0080397
nm11407027,tt0080623
nm0428086,tt0080678
nm0864786,tt0080827
nm0504999,tt0080827
nm0150796,tt0080964
nm0239307,tt0081055
nm0034079,tt0081176
nm0798887,tt0081455
nm0271792,tt0081499
nm0581782,tt0082053
nm2015425,tt0082093
nm0725302,tt0082176
nm0265948,tt0082259
nm2997567,tt0082275
nm0386294,tt0082601
nm0006737,tt0082671
nm0339737,tt0082783
nm0771532,tt0082927
nm1351019,tt0083352
nm0462292,tt0083539
nm1666894,tt0185456
nm0040245,tt0186730
nm0162947,tt0186730
nm0946660,tt0360946
nm5517335,tt0447641
nm0497578,tt11380884
nm1019360,tt11392114
nm0072893,tt1225902
nm0362053,tt1714210
nm4944398,tt2258281
nm4393657,tt2291230
nm1227232,tt2452254
nm0364028,tt26270862
nm0005446,tt30886849
nm0203869,tt33253824
nm0305558,tt36456563
nm9663159,tt36456563
nm9370005,tt4420704
nm0005244,tt6850578
nm0668551,tt6850578
nm0294382,tt0027489
nm0324559,tt0027635
nm0343991,tt0027635
nm0370574,tt0027752
nm0789970,tt0027954
nm0305087,tt0027977
nm0945222,tt0028021
nm0847504,tt0028021
nm0431922,tt0028112
nm0515194,tt0028167
nm0518239,tt0028167
nm0119988,tt0028212
nm0724732,tt0028358
nm0398250,tt0029322
nm0856102,tt0029603
nm0741147,tt0029706
nm0062428,tt0029706
nm0645613,tt0029850
nm0557127,tt0029850
nm0397397,tt0029952
nm0116558,tt0029957
nm0839152,tt0030637
nm0217876,tt0030642
nm0564044,tt0098625
nm0001728,tt0098625
nm0000604,tt0098625
nm0501501,tt0098725
nm0437482,tt0098972
nm1346442,tt0098972
nm0001844,tt0099286
nm0536536,tt0099334
nm0322486,tt0099776
nm0813589,tt0099858
nm0120494,tt0100107
nm0001177,tt0100142
nm0402141,tt0100142
nm0108400,tt0100536
nm0508249,tt0101026
nm0001999,tt0101273
nm0315917,tt0101279
nm10015897,tt0101279
nm0328888,tt0101428
nm0000554,tt0101458
nm0431732,tt0101985
nm0336470,tt0102048
nm0002004,tt0102456
nm0819810,tt0102491
nm0255997,tt0102497
nm0000090,tt0102536
nm0490614,tt0102932
nm3033230,tt0102932
nm0099826,tt0103190
nm0901401,tt0104008
nm0298897,tt0104008
nm0220938,tt0104008
nm0207392,tt0104029
nm0462050,tt0104352
nm0131159,tt0104373
nm0228026,tt0104373
nm0765951,tt0104545
nm0086809,tt0104753
nm16971330,tt0104775
nm0061639,tt0105114
nm0001917,tt0105114
nm0411292,tt0105114
nm0000749,tt0105665
nm0000796,tt0105665
nm0690974,tt0105888
nm0496173,tt0106579
nm0594421,tt0106651
nm0477553,tt0229519
nm0620077,tt0229519
nm0833351,tt0233315
nm4183731,tt0234932
nm0871105,tt0293153
nm0785842,tt0295671
nm0116670,tt0295671
nm0393389,tt0295671
nm0210701,tt0296809
nm1058400,tt0296881
nm0000700,tt10370886
nm2126265,tt1103275
nm6422163,tt14906708
nm14587028,tt15555264
nm0031832,tt1935157
nm0407548,tt1935157
nm0794207,tt1935157
nm1175113,tt2276069
nm1092022,tt2347569
nm9016332,tt28608358
nm2484601,tt3091286
nm4442364,tt4082068
nm0090477,tt5305230
nm0973913,tt8185182
nm9355945,tt9595506
nm8598028,tt9853814
nm0579844,tt0056844
nm0159600,tt0056844
nm0580440,tt0056845
nm0074547,tt0056854
nm0015556,tt0056854
nm0960073,tt0056854
nm0468378,tt0056945
nm0442709,tt0057238
nm0080149,tt0057277
nm0765271,tt0057277
nm0052329,tt0057277
nm0200599,tt0058390
nm0290234,tt0058390
nm0256053,tt0058458
nm0753479,tt0053134
nm0041756,tt0053198
nm0410968,tt0053259
nm0726777,tt0053459
nm0126864,tt0053472
nm0875362,tt0053579
nm0594381,tt0053579
nm0406740,tt0053842
nm0407401,tt0053842
nm0864798,tt0053892
nm0662223,tt0053917
nm0188529,tt0054156
nm0064722,tt0054177
nm0064676,tt0054177
nm0448080,tt0054205
nm0913796,tt0054286
nm0051502,tt0054366
nm0078514,tt0054407
nm0001536,tt0054460
nm0165915,tt0054494
nm0685049,tt0054494
nm0000277,tt0054614
nm0892304,tt0054614
nm0115399,tt0054614
nm0651506,tt0054709
nm0532714,tt0054780
nm0149454,tt0054780
nm0060692,tt0054803
nm0721981,tt0054861
nm0881752,tt0055032
nm0876567,tt0055082
nm0000733,tt0055093
nm9822850,tt0055320
nm9822848,tt0055320
nm0031967,tt0055508
nm0087491,tt0055572
nm0161427,tt0055597
nm0721073,tt0055601
nm0378864,tt0055601
nm0875362,tt0055630
nm0569380,tt0055830
nm0868497,tt0055913
nm0847301,tt0056003
nm0955529,tt0056111
nm0590753,tt0056111
nm0767832,tt0056111
nm0517951,tt0056215
nm0867391,tt0056327
nm0201155,tt0056512
nm0282530,tt0056636
nm0197930,tt0056636
nm0226391,tt0056636
nm0062883,tt0056667
nm0000493,tt0056667
nm0882354,tt0056680
nm1371186,tt0056680
nm0853736,tt0056736
nm0212470,tt0057076
nm0595602,tt0057590
nm0794425,tt0057697
nm0469027,tt0057697
nm0461983,tt0057697
nm0370644,tt0057710
nm0948949,tt0057714
nm0875503,tt0057829
nm0083905,tt0058001
nm0726841,tt0058001
nm0463132,tt0058001
nm0196992,tt0058124
nm0294892,tt0058124
nm0386113,tt0058124
nm0654070,tt0058138
nm0404827,tt0058138
nm0874553,tt0058259
nm0000047,tt0058335
nm0000052,tt0058335
nm0181461,tt0058335
nm0559820,tt0058335
nm0476179,tt0058349
nm0357240,tt0058349
nm0297741,tt0058349
nm0762248,tt0058564
nm0180959,tt0058604
nm0848533,tt0058652
nm0626221,tt0058946
nm0157067,tt0059012
nm0637662,tt0059177
nm0387973,tt0059303
nm0476185,tt0059303
nm0793643,tt0059346
nm0469424,tt0059527
nm0042695,tt0059592
nm13402726,tt0059817
nm0094083,tt0059884
nm0822337,tt0059884
nm0620259,tt0059919
nm4492208,tt0060082
nm0712173,tt0060107
nm0844765,tt0060223
nm0478657,tt0060263
nm0368049,tt0060277
nm0000419,tt0060304
nm0311788,tt0060304
nm0419984,tt0060304
nm0670964,tt0060305
nm0411697,tt0060440
nm0358002,tt0060440
nm1073348,tt0060586
nm0927711,tt0060740
nm0266164,tt0060740
nm0871625,tt0060770
nm0793639,tt0164983
nm0821320,tt0165773
nm0001845,tt0165798
nm0798328,tt0165798
nm0331054,tt0165798
nm0050210,tt0167925
nm16437952,tt0255441
nm16437953,tt0255441
nm0959916,tt0258013
nm0083234,tt0258013
nm2385917,tt0258885
nm1588614,tt0406280
nm1588870,tt0406280
nm0031719,tt0407929
nm0622407,tt1087578
nm3085912,tt1087578
nm1128515,tt1129435
nm3434665,tt1337051
nm1209115,tt14039582
nm2167342,tt14641542
nm13718292,tt19623228
nm14797882,tt24082622
nm3850259,tt5323760
nm4381675,tt5507860
nm0084983,tt6910282
nm0913796,tt0054122
nm0538586,tt0054143
nm1795843,tt0054143
nm0654712,tt0054144
nm0252843,tt0057357
nm0252823,tt0057357
nm0247955,tt0057358
nm0443985,tt0057427
nm0462367,tt0057468
nm0538567,tt0057503
nm0045996,tt0057578
nm0386284,tt0060464
nm0834043,tt0060543
nm0632757,tt0060560
nm0897385,tt0038853
nm0133008,tt0038913
nm0210567,tt0038913
nm0794224,tt0039074
nm0462679,tt0039090
nm0299093,tt0039192
nm0505249,tt0039224
nm6520910,tt0039406
nm0906745,tt0039423
nm0944087,tt0039485
nm0180900,tt0039631
nm0216319,tt0039677
nm0218787,tt0040098
nm0907170,tt0040155
nm0001452,tt0040160
nm0096737,tt0040330
nm0407411,tt0040413
nm0433650,tt0040418
nm0883517,tt0040418
nm0356317,tt0040418
nm0175815,tt0040636
nm0208125,tt0040636
nm0827261,tt0040662
nm0290013,tt0040737
nm0755401,tt0040782
nm0898416,tt0040917
nm0620083,tt0040979
nm0866681,tt0040980
nm0628579,tt0041460
nm0442848,tt0041699
nm6852883,tt0041713
nm0203606,tt0041735
nm0540311,tt0041998
nm0407329,tt0042059
nm0946160,tt0072443
nm0829155,tt0072709
nm0001202,tt0072976
nm0006781,tt0072976
nm0386343,tt0073076
nm0563100,tt0073076
nm0397495,tt0073107
nm0269197,tt0073219
nm0245974,tt0073219
nm0591930,tt0073424
nm0392760,tt0073424
nm0364172,tt0073502
nm0001638,tt0073858
nm0294972,tt0073948
nm0252756,tt0074168
nm0243921,tt0074190
nm0669813,tt0074220
nm0818204,tt0074312
nm0001036,tt0074360
nm0022765,tt0074360
nm0333327,tt0074901
nm0636357,tt0075098
nm0485068,tt0075098
nm0141380,tt0075165
nm0516350,tt0075165
nm0331724,tt0075404
nm3123207,tt0075654
nm0262402,tt0075675
nm0066133,tt0095468
nm0054007,tt0095468
nm0048817,tt0095515
nm0951181,tt0095597
nm0334438,tt0095951
nm0553013,tt0095951
nm0000198,tt0096294
nm0000928,tt0096294
nm0557956,tt0096409
nm0498064,tt0096472
nm0031468,tt0096841
nm11740729,tt0097603
nm0239513,tt0097884
nm0387787,tt0097940
nm0387783,tt0097940
nm0387779,tt0097940
nm0655452,tt0098532
nm0718637,tt0098532
nm0766225,tt0143012
nm0202135,tt0143012
nm0256873,tt0143348
nm0837350,tt0143428
nm0704509,tt0144020
nm0475878,tt0144589
nm0441168,tt0144589
nm0001758,tt0151568
nm0654774,tt0151789
nm0103456,tt0154506
nm0937835,tt0251300
nm0320760,tt0254686
nm3273598,tt0308827
nm0847562,tt0309754
nm0354653,tt0309754
nm1110861,tt0309754
nm0880299,tt0309754
nm3565551,tt0311384
nm15718988,tt0311384
nm1518227,tt0391483
nm3086405,tt0468526
nm1153046,tt0781599
nm1306697,tt1173745
nm13371140,tt13648216
nm0473034,tt20212786
nm3879931,tt27502250
nm7334874,tt27502360
nm0706556,tt28618488
nm16503172,tt28618488
nm3310637,tt29271889
nm5445305,tt5795752
nm8206309,tt5795752
nm0919912,tt8371772
nm0000963,tt0050193
nm0467566,tt0050251
nm0949574,tt0050307
nm0581277,tt0050307
nm0156928,tt0050330
nm0716242,tt0050393
nm0561628,tt0050393
nm0544906,tt0050393
nm0847301,tt0050421
nm0648773,tt0050421
nm0092813,tt0050458
nm0832375,tt0050574
nm0739190,tt0050574
nm0000052,tt0050782
nm0301685,tt0050782
nm5570398,tt0050800
nm0484736,tt0050976
nm0862026,tt0051365
nm0619250,tt0051390
nm0212470,tt0051542
nm0818025,tt0051542
nm0765269,tt0051792
nm0474935,tt0051792
nm0001536,tt0051955
nm0953680,tt0052374
nm0357020,tt0052587
nm0679500,tt0052654
nm0562831,tt0052708
nm0450900,tt0052805
nm0728938,tt0052961
nm0034836,tt0052966
nm3882781,tt0052966
nm0945855,tt0053115
nm0875369,tt0053121
nm0447408,tt0087763
nm4000889,tt0087763
nm0269809,tt0087789
nm0451376,tt0087789
nm0334931,tt0087821
nm0883698,tt0087884
nm0002057,tt0088184
nm0071501,tt0088315
nm0449667,tt0088315
nm0245094,tt0088318
nm0565164,tt0088322
nm0749826,tt0088322
nm0404017,tt0088383
nm0813589,tt0088383
nm0821650,tt0089015
nm0398904,tt0089177
nm0000348,tt0089343
nm0157785,tt0089371
nm0537345,tt0089424
nm0846185,tt0089603
nm0645202,tt0089746
nm0341743,tt0089838
nm0396284,tt0089866
nm0674184,tt0089960
nm0000931,tt0090037
nm0706619,tt0090037
nm0003408,tt0090182
nm0240209,tt0090271
nm0610729,tt0090271
nm0714871,tt0090967
nm0385846,tt0091136
nm0357307,tt0091136
nm0157971,tt0091229
nm0874684,tt0091229
nm0598971,tt0091288
nm0950707,tt0091293
nm0490497,tt0091293
nm0220015,tt0091480
nm0205423,tt0091538
nm0436522,tt0091960
nm0945131,tt0092048
nm0568375,tt0092238
nm0155599,tt0092252
nm0347485,tt0092258
nm0653466,tt0092258
nm0874684,tt0092263
nm0494030,tt0092264
nm0026089,tt0092603
nm0788835,tt0092905
nm0765313,tt0093006
nm0534566,tt0093238
nm0757098,tt0093389
nm0628827,tt0093422
nm1670179,tt0093422
nm0715693,tt0093431
nm0441375,tt0093502
nm0194491,tt0093599
nm0719037,tt0093843
nm0000262,tt0093870
nm0675066,tt0093870
nm0005204,tt0093870
nm0628806,tt0093944
nm0021821,tt0094248
nm0655590,tt0094314
nm0000334,tt0094357
nm0628806,tt0094357
nm0801852,tt0094375
nm0352099,tt0094675
nm0167388,tt0094868
nm0434223,tt0094933
nm0666256,tt0094933
nm1017607,tt0236576
nm1784919,tt0244316
nm0441351,tt0456892
nm0344734,tt0460829
nm0775447,tt0838221
nm2364397,tt0847817
nm1913091,tt1000769
nm3208044,tt1000769
nm3373945,tt1000769
nm1468516,tt1020773
nm1569565,tt1093842
nm3347664,tt1157605
nm4392658,tt1847731
nm0696614,tt2764784
nm12964667,tt5375040
nm8157833,tt9455468
nm8700897,tt9455468
nm6845744,tt9455468
nm0401192,tt0093258
nm0055573,tt0093284
nm0000945,tt0093295
nm0815713,tt0093295
nm0218843,tt0093371
nm0357303,tt0042217
nm0313549,tt0042665
nm0002897,tt0042700
nm0055394,tt0042700
nm0847301,tt0042762
nm0641870,tt0042783
nm0393352,tt0042876
nm0820105,tt0042898
nm0592109,tt0042906
nm0043875,tt0042980
nm0690333,tt0042980
nm0448765,tt0043140
nm0594348,tt0043159
nm0316282,tt0043511
nm0758151,tt0043601
nm0361697,tt0043614
nm0793766,tt0043614
nm0383261,tt0043614
nm0847301,tt0043699
nm0441173,tt0043707
nm0462679,tt0043707
nm0837503,tt0043801
nm0611475,tt0043972
nm0753479,tt0044029
nm1172718,tt0044029
nm0027676,tt0044060
nm0555655,tt0044072
nm0629711,tt0044121
nm0291829,tt0044121
nm0001514,tt0044355
nm0306786,tt0044355
nm0744601,tt0044429
nm0738305,tt0044602
nm0027676,tt0044811
nm0753479,tt0044982
nm0875477,tt0044982
nm0441961,tt0044986
nm0881303,tt0045802
nm0202138,tt0045802
nm0511409,tt0045900
nm0477553,tt0045935
nm1263587,tt0045997
nm0837350,tt0046127
nm0027683,tt0046345
nm0294882,tt0046345
nm0614035,tt0046447
nm0313838,tt0046449
nm0612219,tt0046511
nm0793879,tt0046851
nm0664185,tt0046998
nm0088942,tt0047094
nm0866627,tt0047094
nm0344958,tt0047167
nm0847301,tt0047300
nm0594055,tt0047445
nm0885098,tt0047469
nm0001536,tt0047478
nm0619147,tt0047682
nm0275213,tt0047821
nm0245979,tt0047832
nm0380881,tt0047832
nm0209905,tt0047876
nm0793674,tt0048127
nm0793766,tt0048198
nm0337754,tt0048250
nm0658073,tt0048272
nm1374420,tt0048429
nm0837503,tt0048429
nm0559521,tt0048429
nm0471604,tt0048452
nm0658133,tt0048527
nm0942039,tt0048527
nm0474649,tt0048641
nm0818215,tt0048673
nm0441961,tt0048757
nm0712731,tt0048801
nm0793879,tt0048933
nm0011967,tt0048956
nm0052332,tt0048956
nm1434574,tt0048956
nm0891631,tt0049042
nm4852188,tt0049087
nm0344898,tt0049177
nm0069296,tt0049552
nm0765825,tt0049710
nm0851309,tt0049821
nm0199399,tt0049856
nm13362478,tt0049916
nm0504897,tt0118845
nm0004895,tt0118866
nm0618057,tt0119167
nm0000140,tt0119174
nm0232194,tt0119174
nm0035277,tt0119375
nm1560585,tt0119755
nm0557859,tt0119809
nm0005370,tt0119809
nm0452386,tt0120255
nm15318630,tt0120265
nm0944578,tt0120530
nm0067989,tt0120530
nm0298698,tt0120530
nm0540885,tt0120674
nm0043389,tt0120674
nm0766225,tt0122136
nm0473068,tt0122770
nm0694772,tt0173240
nm0475910,tt0174707
nm0297553,tt0176049
nm0355547,tt0177539
nm0609662,tt0216605
nm0627245,tt0216625
nm0947487,tt0216625
nm0147487,tt0217853
nm13301238,tt0221719
nm0910912,tt0318025
nm0953040,tt0318069
nm4491727,tt0318069
nm1180719,tt0319836
nm2067911,tt0421960
nm2068451,tt0421960
nm2061956,tt0421960
nm0898377,tt0963178
nm0557859,tt0993789
nm0222922,tt0993789
nm0002020,tt11233002
nm11116107,tt11233002
nm3216029,tt1241325
nm3105679,tt1241325
nm6261881,tt2268732
nm3580842,tt2762506
nm6523480,tt32828123
nm5584702,tt5278832
nm1293137,tt5278832
nm0355621,tt0060879
nm0409959,tt0061065
nm0848993,tt0061065
nm0991940,tt0061084
nm0913911,tt0061101
nm0869451,tt0061132
nm0795919,tt0061162
nm0236254,tt0061196
nm0148858,tt0061395
nm0000872,tt0061495
nm0689248,tt0061495
nm0001168,tt0061589
nm0065191,tt0061613
nm1147811,tt0061613
nm0214729,tt0061620
nm0421386,tt0061620
nm0001926,tt0061658
nm0830860,tt0061781
nm0652988,tt0061847
nm0904584,tt0061883
nm0613645,tt0061883
nm0443232,tt0061971
nm0636146,tt0061996
nm0839848,tt0061996
nm0152879,tt0062113
nm0915680,tt0062411
nm0807035,tt0062456
nm0262402,tt0062480
nm0012134,tt0062492
nm0357276,tt0062518
nm0840646,tt0062518
nm0366061,tt0062695
nm0491701,tt0062893
nm0678009,tt0062893
nm0228088,tt0063268
nm0530232,tt0063291
nm0579954,tt0063527
nm0046528,tt0063555
nm0001884,tt0063611
nm0846749,tt0063651
nm0915115,tt0063665
nm0199880,tt0063665
nm0041888,tt0063791
nm0411750,tt0063834
nm1216782,tt0063834
nm0559581,tt0063834
nm0464587,tt0063835
nm0945433,tt0063835
nm0406563,tt0064038
nm1000789,tt0064038
nm0717915,tt0083702
nm0667182,tt0083722
nm0000860,tt0083869
nm1145452,tt0084042
nm1273011,tt0084130
nm0690592,tt0084383
nm0652677,tt0084388
nm0309435,tt0084488
nm0091369,tt0084488
nm0442316,tt0084565
nm12557710,tt0084628
nm0894674,tt0084786
nm0360272,tt0084786
nm0577150,tt0084807
nm9261012,tt0084807
nm0728428,tt0085180
nm0328676,tt0085279
nm0155371,tt0085533
nm0275093,tt0086087
nm0467653,tt0086242
nm0490734,tt0086551
nm4476358,tt0086631
nm3142212,tt0086631
nm0000249,tt0086859
nm0435726,tt0086889
nm0054270,tt0086961
nm0122336,tt0086977
nm0922272,tt0087188
nm0402730,tt0110598
nm0430847,tt0110882
nm0538802,tt0110882
nm0836136,tt0111507
nm0539300,tt0112364
nm0437580,tt0112913
nm0070306,tt0113273
nm0001231,tt0115632
nm0023832,tt0115928
nm0687914,tt0115928
nm0475411,tt0116752
nm0535509,tt0116922
nm1563361,tt0116962
nm0495985,tt0117296
nm0001758,tt0117589
nm0077397,tt0117589
nm0312687,tt0118644
nm1399642,tt0118694
nm1828965,tt0269104
nm1851850,tt0269104
nm0771701,tt0269461
nm0142972,tt0348529
nm1105785,tt0398883
nm0000099,tt1065073
nm6567391,tt1065073
nm11746265,tt10767168
nm5650584,tt1909796
nm0221611,tt27729122
nm1410815,tt27729122
nm15615056,tt30439035
nm1290352,tt3505094
nm3589263,tt7298400
nm0411697,tt0063172
nm0361669,tt0063173
nm0620117,tt0063186
nm0814464,tt0063195
nm0913796,tt0063198
nm0847157,tt0063206
nm0526410,tt0014109
nm0516001,tt0014611
nm0318981,tt0014611
nm0341134,tt0014945
nm0057889,tt0014945
nm0327150,tt0015361
nm0031446,tt0015361
nm0732876,tt0015634
nm0707814,tt0015841
nm0363545,tt0015841
nm0064554,tt0015841
nm0841501,tt0015864
nm0906618,tt0015864
nm0001195,tt0016395
nm0507849,tt0016395
nm0567756,tt0016630
nm0492891,tt0016630
nm0147070,tt0017925
nm0271799,tt0064451
nm0438067,tt0064451
nm0238379,tt0064674
nm3046769,tt0064781
nm0901854,tt0064781
nm0186567,tt0064816
nm0513346,tt0064828
nm0532714,tt0064843
nm0271629,tt0064921
nm0015115,tt0064975
nm0613354,tt0065241
nm0361570,tt0065241
nm0147061,tt0065391
nm0534238,tt0065591
nm0837361,tt0065649
nm0590929,tt0065649
nm4095580,tt0065772
nm0473530,tt0065776
nm0875237,tt0065776
nm0865561,tt0065776
nm0007023,tt0065913
nm0465948,tt0066516
nm0051508,tt0066602
nm0361660,tt0066639
nm0279007,tt0066773
nm0469831,tt0066773
nm0356445,tt0066826
nm0550204,tt0066989
nm0174978,tt0067055
nm0159258,tt0067185
nm0879006,tt0067185
nm0523056,tt0067454
nm2022292,tt0067641
nm0867401,tt0067755
nm0232685,tt0067959
nm0771260,tt0067962
nm0900393,tt0068207
nm1071329,tt0068379
nm0441410,tt0068815
nm0441351,tt0068817
nm0368049,tt0068817
nm0476213,tt0068817
nm0610185,tt0069214
nm0847779,tt0069214
nm1732286,tt0069214
nm0004244,tt0069400
nm2142328,tt0069400
nm0098215,tt0069400
nm0453871,tt0069400
nm0843306,tt0069467
nm0318676,tt0069467
nm0471079,tt0069687
nm0091202,tt0069687
nm0717031,tt0069990
nm0188545,tt0070007
nm0579500,tt0070007
nm0653005,tt0070122
nm1040967,tt0070122
nm0933769,tt0070698
nm0629199,tt0070820
nm0579844,tt0070832
nm0409049,tt0071129
nm0035861,tt0071282
nm0234749,tt0071381
nm10802257,tt0071384
nm0024907,tt0071544
nm0031881,tt0071565
nm0846961,tt0071565
nm0000882,tt0071587
nm0476213,tt0071695
nm0354914,tt0071797
nm0723649,tt0071797
nm0254701,tt0071797
nm0240728,tt0071833
nm0001648,tt0071910
nm0198072,tt0134993
nm0831471,tt0135024
nm0677669,tt0135024
nm0937835,tt0138355
nm0045937,tt0190590
nm0244707,tt0191053
nm5249456,tt0191066
nm0377012,tt0194523
nm0266824,tt0280380
nm0710292,tt0280380
nm1249596,tt0280380
nm4020145,tt0283283
nm0598801,tt0381392
nm0125608,tt0383020
nm1202379,tt0383020
nm3779025,tt13231544
nm1729048,tt13231544
nm3319116,tt13231544
nm7904438,tt18317064
nm8807046,tt19841734
nm2560618,tt26442871
nm2161889,tt26448954
nm14598151,tt26448981
nm2836936,tt30810792
nm8889671,tt30810792
nm1218907,tt31055572
nm10289903,tt32086004
nm12197636,tt32086077
nm15332568,tt7254920
nm0738782,tt0064546
nm0907411,tt0064546
nm0163546,tt0064591
nm0215907,tt0064620
nm0679199,tt0064620
nm0715127,tt0064620
nm0530458,tt0031270
nm0074470,tt0031514
nm0015014,tt0031544
nm0653642,tt0031593
nm0101350,tt0031593
nm0642679,tt0031742
nm0924181,tt0031742
nm0387753,tt0031968
nm0052203,tt0032179
nm0515986,tt0032179
nm0608373,tt0032553
nm0909436,tt0032655
nm0000955,tt0032728
nm0036427,tt0033532
nm1511537,tt0033627
nm0861345,tt0033868
nm0491179,tt0034093
nm0000059,tt0034272
nm0370574,tt0034298
nm0740696,tt0034478
nm0122941,tt0034587
nm0000043,tt0034881
nm0666201,tt0034881
nm0721014,tt0035017
nm0001479,tt0035446
nm0077598,tt0035521
nm0000075,tt0035567
nm0914808,tt0035567
nm0479387,tt0035737
nm0213581,tt0035823
nm0000039,tt0036112
nm0085021,tt0036914
nm0944939,tt0036947
nm0840553,tt0036947
nm0615333,tt0037035
nm0753479,tt0037227
nm0762966,tt0037227
nm0259841,tt0037367
nm0746249,tt0037630
nm0105482,tt0037674
nm0488535,tt0038146
nm0218056,tt0038146
nm0715068,tt0038289
nm0001322,tt0038363
nm0191870,tt0038363
nm0774529,tt0038363
nm0000046,tt0038390
nm0507441,tt0038480
nm0627801,tt0038480
nm0420923,tt0038577
nm0632764,tt0038810
nm0437520,tt0123334
nm0441526,tt0123335
nm0875207,tt0123335
nm0441399,tt0123335
nm0460129,tt0124888
nm0252621,tt0126661
nm1283412,tt0126661
nm0015310,tt0127310
nm0410965,tt0130377
nm9840263,tt0130377
nm0645327,tt0131335
nm0945500,tt0133089
nm0000686,tt0133122
nm0462073,tt0134749
nm5665039,tt0134756
nm0945222,tt0134771
nm0408026,tt0134805
nm0165897,tt0196528
nm0945469,tt0197521
nm0503689,tt0197569
nm0740090,tt0200071
nm0441526,tt0200309
nm0766225,tt0200769
nm0535330,tt0202507
nm1015565,tt0202507
nm0605717,tt0202604
nm0043398,tt0203040
nm0008383,tt0203040
nm0412600,tt0203605
nm0644521,tt0203608
nm5375511,tt0203635
nm0620131,tt0203751
nm0412640,tt0203797
nm0457526,tt0203797
nm0000941,tt0207050
nm16162109,tt0207050
nm1495633,tt0373175
nm0757104,tt0427424
nm0235969,tt0427550
nm0305558,tt0765469
nm0298089,tt1837636
nm5133960,tt2219894
nm7398523,tt28490044
nm15225400,tt28490044
nm1423926,tt28490044
nm0757098,tt28490873
nm3268160,tt28801705
nm7058266,tt4466490
nm0432216,tt0006614
nm0258611,tt0008663
nm0403851,tt0008663
nm0253307,tt0008663
nm0258611,tt0008879
nm0588033,tt0012349
nm0090776,tt0106696
nm0102518,tt0107260
nm0201151,tt0107260
nm1435309,tt0107384
nm0407030,tt0107474
nm0865776,tt0107474
nm0000667,tt0107653
nm8110447,tt0107736
nm0156484,tt0108074
nm0752834,tt0108328
nm0101621,tt0108366
nm0000300,tt0108394
nm0490521,tt0108606
nm0510857,tt0109424
nm0001528,tt0109759
nm0002004,tt0109843
nm0136853,tt0154767
nm0023715,tt0155278
nm0435282,tt0155667
nm4580178,tt0155667
nm0197233,tt0157122
nm0015128,tt0158714
nm0157384,tt0158714
nm0297817,tt0160440
nm1508894,tt0160535
nm0767974,tt0160535
nm0491777,tt0209933
nm0183675,tt0209933
nm0235242,tt0210075
nm0001482,tt0211941
nm1107894,tt0329429
nm0893449,tt0329429
nm4308851,tt0984130
nm2755651,tt0990404
nm2546012,tt1181614
nm3010965,tt1232826
nm3752295,tt1287878
nm3888576,tt1287878
nm17459875,tt21394182
nm4752229,tt26440619
nm0169565,tt8943224
nm0912478,tt0018054
nm0151606,tt0018528
nm0188357,tt0018773
nm0614730,tt0018773
nm0195956,tt0019254
nm1251202,tt0019412
nm0840704,tt0019796
nm0066716,tt0020269
nm0435713,tt0020269
nm0151356,tt0020572
nm0103113,tt0020814
nm0077785,tt0020814
nm1708078,tt0020980
nm0301224,tt0021739
nm0170492,tt0021844
nm0894693,tt0021844
nm0579663,tt0021890
nm0202136,tt0022048
nm0670643,tt0022080
nm0921532,tt0022100
nm0003586,tt0022100
nm0202136,tt0022105
nm0948373,tt0022105
nm0462069,tt0022105
nm0137474,tt0022150
nm0407329,tt0022485
nm0736777,tt0022578
nm0510134,tt0022578
nm0230068,tt0023180
nm0153556,tt0023241
nm0847470,tt0023450
nm0921532,tt0023563
nm0313899,tt0023563
nm0003586,tt0023563
nm0031832,tt0023634
nm3638210,tt0023649
nm0847447,tt0024120
nm0434552,tt0024120
nm0847609,tt0024214
nm0001452,tt0024473
nm0210469,tt0024480
nm0306978,tt0024757
nm0193932,tt0024757
nm0671738,tt0024961
nm0103242,tt0024961
nm0428175,tt0024962
nm0533131,tt0025094
nm0572220,tt0025094
nm0411417,tt0025338
nm0903687,tt0025452
nm0165061,tt0025452
nm0265168,tt0025456
nm0021502,tt0025710
nm0557339,tt0025748
nm0484303,tt0026564
nm0168205,tt0026966
nm0869393,tt0026966
nm0909436,tt0027062
nm0259206,tt0027062
nm0645409,tt0027118
nm0803705,tt0027164
nm0542063,tt0075793
nm0379888,tt0075915
nm0109847,tt0075983
nm0260171,tt0075983
nm0621235,tt0076124
nm0096501,tt0076155
nm0202575,tt0076240
nm3210254,tt0076263
nm0395800,tt0077383
nm0565989,tt0077598
nm0084917,tt0077711
nm2013193,tt0077740
nm1662525,tt0077740
nm0268854,tt0077751
nm0267403,tt0077878
nm0557159,tt0078152
nm0396422,tt0078259
nm0726600,tt0078480
nm0475160,tt0078875
nm0385577,tt0078908
nm0264303,tt0079182
nm0477107,tt0079472
nm0161213,tt0079472
nm0448265,tt0079596
nm0010544,tt0079701
nm0001376,tt0079854
nm0161398,tt0080009
nm0351936,tt0080125
nm0772767,tt0080397
nm0307316,tt0080408
nm0369202,tt0080610
nm0161213,tt0080827
nm11246377,tt0081204
nm10986914,tt0081204
nm0700971,tt0081441
nm0338005,tt0081441
nm0199325,tt0081455
nm0601603,tt0081455
nm0425593,tt0081506
nm0244707,tt0082053
nm0241045,tt0082053
nm0292803,tt0082117
nm0116040,tt0082176
nm0261967,tt0082313
nm0260330,tt0082888
nm0509811,tt0082888
nm0196236,tt0082912
nm0167509,tt0082927
nm0388682,tt0082933
nm0240268,tt0082933
nm0752636,tt0082934
nm0157857,tt0083352
nm1136413,tt0083539
nm8252618,tt0185456
nm0867391,tt0186725
nm0102419,tt0188388
nm0410987,tt0360946
nm0605662,tt0366668
nm2563293,tt0970935
nm7117662,tt11380884
nm1058007,tt1470024
nm4797936,tt1470024
nm3077622,tt2258281
nm5249154,tt2291230
nm0000300,tt2452254
nm0821113,tt2452254
nm5253311,tt26270862
nm14475505,tt26315142
nm1289405,tt29002950
nm14915699,tt29002950
nm0996108,tt33253824
nm0432511,tt33253824
nm17527557,tt33253824
nm3359494,tt36456563
nm8551430,tt5778628
nm0103840,tt6850578
nm0706926,tt0027489
nm0104930,tt0027635
nm0385443,tt0027752
nm0000006,tt0027796
nm0862727,tt0027796
nm0252475,tt0027796
nm0394244,tt0027954
nm0929640,tt0027954
nm0516001,tt0027969
nm0822034,tt0027969
nm0645825,tt0028021
nm0793337,tt0028021
nm0647752,tt0028112
nm0167343,tt0028201
nm0245184,tt0028201
nm0579494,tt0028201
nm0397397,tt0028667
nm0656321,tt0028667
nm0420011,tt0028827
nm0405035,tt0028827
nm0698139,tt0029002
nm0204639,tt0029002
nm0801567,tt0029081
nm0950019,tt0029201
nm0724732,tt0029201
nm0406715,tt0029314
nm0096302,tt0029365
nm0739182,tt0029603
nm0017310,tt0029706
nm0519274,tt0029811
nm0200229,tt0029850
nm0030246,tt0030252
nm0001916,tt0030252
nm0803561,tt0030337
nm0510134,tt0030341
nm1748454,tt0030523
nm0871674,tt0030637
nm0532296,tt0030637
nm0055505,tt0030675
nm1208182,tt0098972
nm0504899,tt0099000
nm0636065,tt0099286
nm0477088,tt0099286
nm0060651,tt0099341
nm0156484,tt0099426
nm0157759,tt0099881
nm0497782,tt0099881
nm0001758,tt0100024
nm0103696,tt0100024
nm0861664,tt0100024
nm0093684,tt0100107
nm0496439,tt0100142
nm0013842,tt0100234
nm0632466,tt0100332
nm1998919,tt0100332
nm0420065,tt0101765
nm0054270,tt0101765
nm0475269,tt0101819
nm0632804,tt0101962
nm0933189,tt0101962
nm0946026,tt0101985
nm0910860,tt0101985
nm0042997,tt0102141
nm0266652,tt0102293
nm0960013,tt0102293
nm0000243,tt0102456
nm0207218,tt0102536
nm0480882,tt0102687
nm0005588,tt0102687
nm13422021,tt0103070
nm13422025,tt0103070
nm0239980,tt0103190
nm0001472,tt0103295
nm0535079,tt0103905
nm0888684,tt0103905
nm0904996,tt0104008
nm0111610,tt0104029
nm0736705,tt0104057
nm0401935,tt0104057
nm0652716,tt0104352
nm0408067,tt0104352
nm0080020,tt0104658
nm0516327,tt0104684
nm0412212,tt0104753
nm0058011,tt0105619
nm0510857,tt0105655
nm0936403,tt0105665
nm0613917,tt0105750
nm0481789,tt0105750
nm0068886,tt0106504
nm0463321,tt0106504
nm0474730,tt0106651
nm0837525,tt0229519
nm0389922,tt0229519
nm7802138,tt0234669
nm0012734,tt0293153
nm0829155,tt0293153
nm0719956,tt0295671
nm0148179,tt0295671
nm0759992,tt0296809
nm3107985,tt0478000
nm2032777,tt0478000
nm10708744,tt10365870
nm1958233,tt1084950
nm2736268,tt1103275
nm0632967,tt1248984
nm0031832,tt1248984
nm0923417,tt2276069
nm5530440,tt27590147
nm7316149,tt4082068
nm0092008,tt0056844
nm0166706,tt0056905
nm0303593,tt0056905
nm0116311,tt0057261
nm0282055,tt0057261
nm0272746,tt0057286
nm0869927,tt0058390
nm0559607,tt0058409
nm0364918,tt0058414
nm0559559,tt0058430
nm0584879,tt0058450
nm0220852,tt0058458
nm0578039,tt0053146
nm0403325,tt0053270
nm0790064,tt0053604
nm0294892,tt0053772
nm0246920,tt0053772
nm0515193,tt0053796
nm0687506,tt0053796
nm0001215,tt0054269
nm0457498,tt0054366
nm0698207,tt0054763
nm3056152,tt0054861
nm0060289,tt0055032
nm0362096,tt0055093
nm0753479,tt0055233
nm8292402,tt0055399
nm0866701,tt0055440
nm5570266,tt0055508
nm0439344,tt0055572
nm0218633,tt0055572
nm0129710,tt0055830
nm0239813,tt0055852
nm0054670,tt0055858
nm0125627,tt0055913
nm0913843,tt0056135
nm0847698,tt0056135
nm0945836,tt0056144
nm0084419,tt0056210
nm0047643,tt0056210
nm0594348,tt0056327
nm0645422,tt0056444
nm0620206,tt0056444
nm0702446,tt0056514
nm0848533,tt0056562
nm0619218,tt0056562
nm0300064,tt0056636
nm0479351,tt0056663
nm0667573,tt0056663
nm0945414,tt0056680
nm0133106,tt0056732
nm0000784,tt0057076
nm0298576,tt0057710
nm0297881,tt0057714
nm0476435,tt0057829
nm0611538,tt0057935
nm0611561,tt0057935
nm0315929,tt0057935
nm12134643,tt0057960
nm0881098,tt0057960
nm0147793,tt0057960
nm0611096,tt0058001
nm0831543,tt0058001
nm0835586,tt0058138
nm0311409,tt0058138
nm0642724,tt0058142
nm0432729,tt0058182
nm0148706,tt0058259
nm0015047,tt0058279
nm0081820,tt0058564
nm0657509,tt0058564
nm0411694,tt0058625
nm0242290,tt0058698
nm0511458,tt0058780
nm0001536,tt0058888
nm0754272,tt0058946
nm0671559,tt0059012
nm0944902,tt0059159
nm0299174,tt0059205
nm0095950,tt0059229
nm0031878,tt0059303
nm0757414,tt0059415
nm0524201,tt0059456
nm0472166,tt0059527
nm0391411,tt0059527
nm0288439,tt0059616
nm0313838,tt0059619
nm0069165,tt0059619
nm0077827,tt0059619
nm0820096,tt0059653
nm0368969,tt0059715
nm0000543,tt0059909
nm0615031,tt0059909
nm0834626,tt0059909
nm0871240,tt0059909
nm0132100,tt0059909
nm0434553,tt0059919
nm0945435,tt0059919
nm0025523,tt0059934
nm0412600,tt0059942
nm0202135,tt0059942
nm0297805,tt0059942
nm0724189,tt0060231
nm0945469,tt0060440
nm0039557,tt0060574
nm0441399,tt0060586
nm0361570,tt0060597
nm0613354,tt0060597
nm0959152,tt0060597
nm0417395,tt0060597
nm0040933,tt0060675
nm0512528,tt0060740
nm0097900,tt0060742
nm0679991,tt0060758
nm0623948,tt0060802
nm0421579,tt0161292
nm0452315,tt0164347
nm0794425,tt0164707
nm0949097,tt0164982
nm0855398,tt0165078
nm0193843,tt0165926
nm0281200,tt0166896
nm0001461,tt0167925
nm16437941,tt0255441
nm1199489,tt0259255
nm0351566,tt0261739
nm0778016,tt0265197
nm0861184,tt0405861
nm0359275,tt0407929
nm0004133,tt0411270
nm4482691,tt0977638
nm1645591,tt1087578
nm7043624,tt10888456
nm8560408,tt10888456
nm0218843,tt1129435
nm4392528,tt14039582
nm13161402,tt14039582
nm14379070,tt14641542
nm4470486,tt1558972
nm3741812,tt1558972
nm14643700,tt19652910
nm2455900,tt2332801
nm1197250,tt29893103
nm7945602,tt4288356
nm4569986,tt5323760
nm3525868,tt5323760
nm0098292,tt5323760
nm0712952,tt0054073
nm4321194,tt0054107
nm0287394,tt0054130
nm0457204,tt0054151
nm0620407,tt0054151
nm0477742,tt0057336
nm0862026,tt0057358
nm0875503,tt0057363
nm0732877,tt0057427
nm0856764,tt0057427
nm0754671,tt0057468
nm0001536,tt0057565
nm0112548,tt0060529
nm0511366,tt0060529
nm0124482,tt0038853
nm0548355,tt0038853
nm0270767,tt0038890
nm0509776,tt0038924
nm0866681,tt0039074
nm0297922,tt0039090
nm0383261,tt0039091
nm0926083,tt0039195
nm0001536,tt0039423
nm0640614,tt0039677
nm0730153,tt0039822
nm0678534,tt0039834
nm0484736,tt0040330
nm0761320,tt0040330
nm0001739,tt0040416
nm0803398,tt0040737
nm0837360,tt0040782
nm0885299,tt0040917
nm0847408,tt0040980
nm0630123,tt0041232
nm0344898,tt0041719
nm0941548,tt0041719
nm0266621,tt0041931
nm0027646,tt0041998
nm0613561,tt0042056
nm0000393,tt0072417
nm0144048,tt0072417
nm0200246,tt0072443
nm0218475,tt0072443
nm0444198,tt0073107
nm0836717,tt0073152
nm0386821,tt0073166
nm1320135,tt0073166
nm0301556,tt0073219
nm0430991,tt0073246
nm0386284,tt0073373
nm0879736,tt0073373
nm0348280,tt0073540
nm0733470,tt0073540
nm2714327,tt0073654
nm0759721,tt0073915
nm0876997,tt0073915
nm1814885,tt0074102
nm0868479,tt0074360
nm0157242,tt0074360
nm0060931,tt0074486
nm0456968,tt0074515
nm0731409,tt0074749
nm0603402,tt0074916
nm0147061,tt0075165
nm0207108,tt0075367
nm5775239,tt0075367
nm0689933,tt0075404
nm3122493,tt0075654
nm0001080,tt0075744
nm0025018,tt0095310
nm0060477,tt0095310
nm0482647,tt0095403
nm0281359,tt0095515
nm0484929,tt0095583
nm0557953,tt0095597
nm0001364,tt0095951
nm0573862,tt0095951
nm1030445,tt0095961
nm0364595,tt0096257
nm0000622,tt0096294
nm0001376,tt0096336
nm0288597,tt0096336
nm0691350,tt0096841
nm0945507,tt0096852
nm0948723,tt0097052
nm0541746,tt0097099
nm0175616,tt0097372
nm0346613,tt0097409
nm0611315,tt0098019
nm0914017,tt0098112
nm0172590,tt0098368
nm0394693,tt0143012
nm0586524,tt0144589
nm0370664,tt0144589
nm16805387,tt0151789
nm0605786,tt0154420
nm0339275,tt0154506
nm0023715,tt0154683
nm0248319,tt0251300
nm1533438,tt0253967
nm15718987,tt0311384
nm0955505,tt0311913
nm0151005,tt0311913
nm4515897,tt1376717
nm0451574,tt27502360
nm14911876,tt27502360
nm16376436,tt29279903
nm6691309,tt5795752
nm1065381,tt5795752
nm0052442,tt8804284
nm0231728,tt0050193
nm0245982,tt0050393
nm0849062,tt0050421
nm0654747,tt0050421
nm0007023,tt0050574
nm0439202,tt0050585
nm0073672,tt0050585
nm0041602,tt0050598
nm0426799,tt0050598
nm0156928,tt0050613
nm0004244,tt0050706
nm0691555,tt0050976
nm0000761,tt0050986
nm0085038,tt0050986
nm0839212,tt0050986
nm0668053,tt0051365
nm0014826,tt0051378
nm0334928,tt0051378
nm0083254,tt0051706
nm0857658,tt0051739
nm0481576,tt0051792
nm0001536,tt0051808
nm0462073,tt0051828
nm0438502,tt0051879
nm0411770,tt0051980
nm0228871,tt0051994
nm0139214,tt0052216
nm1340428,tt0052540
nm0297869,tt0052579
nm0291821,tt0052587
nm0548637,tt0052600
nm0619938,tt0052957
nm0303413,tt0052961
nm0383261,tt0052966
nm0000277,tt0052997
nm0034836,tt0053114
nm0590902,tt0053115
nm0298576,tt0053121
nm0837525,tt0053121
nm0000001,tt0087322
nm0075825,tt0087322
nm0438043,tt0087571
nm0862950,tt0087789
nm0000389,tt0087995
nm0278223,tt0087995
nm0823144,tt0088184
nm0044535,tt0088318
nm0957668,tt0088383
nm8541051,tt0088383
nm0124890,tt0089015
nm0482580,tt0089371
nm0150796,tt0089371
nm0000329,tt0089374
nm0084349,tt0089424
nm0565279,tt0089537
nm3151432,tt0089537
nm0350531,tt0089742
nm0665473,tt0089838
nm2007323,tt0089866
nm0001348,tt0090182
nm0875919,tt0090251
nm0917694,tt0090252
nm0081206,tt0090271
nm0744436,tt0090297
nm1174965,tt0090559
nm0195968,tt0090766
nm3162825,tt0090766
nm0157797,tt0090922
nm0046770,tt0090967
nm0441353,tt0091136
nm0481694,tt0091229
nm0220015,tt0091288
nm0563432,tt0091288
nm0161213,tt0091293
nm0598971,tt0091480
nm0320762,tt0091480
nm0045865,tt0091480
nm0000323,tt0091538
nm0907510,tt0091867
nm0322139,tt0091869
nm0217282,tt0091971
nm0513299,tt0092219
nm0102078,tt0092219
nm0653454,tt0092258
nm0000247,tt0092263
nm0046850,tt0092557
nm1432530,tt0092557
nm0542009,tt0092593
nm0468490,tt0093191
nm0839003,tt0093435
nm0241484,tt0093505
nm0874607,tt0093733
nm0944018,tt0093843
nm0000236,tt0093843
nm0066223,tt0093944
nm0748683,tt0094048
nm1282320,tt0094248
nm0001290,tt0094336
nm0912046,tt0094336
nm0628827,tt0094375
nm0217148,tt0094709
nm0815926,tt0094709
nm0000391,tt0236576
nm1017959,tt0236576
nm0211144,tt0243255
nm2379190,tt0460480
nm0951471,tt0460829
nm0286022,tt0460829
nm2957475,tt1000769
nm0140643,tt1020773
nm0829165,tt1093842
nm2645786,tt1093842
nm1322140,tt1157605
nm8645588,tt12786834
nm0338316,tt16294920
nm5836720,tt2190367
nm1410360,tt2560102
nm6022039,tt2560102
nm0345695,tt33381401
nm7582323,tt4935446
nm0910709,tt0093258
nm0653080,tt0093267
nm0529543,tt0093295
nm0156890,tt0093304
nm0690972,tt0093342
nm0849930,tt0093342
nm0609617,tt0093342
nm0229090,tt0093342
nm0396584,tt0093371
nm0790096,tt0042217
nm0012204,tt0042369
nm0552777,tt0042436
nm1106808,tt0042477
nm2518733,tt0042477
nm0849011,tt0042651
nm0652961,tt0042651
nm0394696,tt0042762
nm0626350,tt0042980
nm0856673,tt0043115
nm0837503,tt0043313
nm0448765,tt0043362
nm0046670,tt0043532
nm0318676,tt0043567
nm0849011,tt0043587
nm0592756,tt0043587
nm0945836,tt0043614
nm0359248,tt0043801
nm0334515,tt0043809
nm0326524,tt0043809
nm0103854,tt0043809
nm0410968,tt0044029
nm0578412,tt0044072
nm0180452,tt0044121
nm0006471,tt0044355
nm0932529,tt0044355
nm0278500,tt0044487
nm0383091,tt0044741
nm0539942,tt0044744
nm0595105,tt0044982
nm0849011,tt0044986
nm0592756,tt0044986
nm0678693,tt0045056
nm0875309,tt0045112
nm0143686,tt0045274
nm0594381,tt0045802
nm0252475,tt0045848
nm0625624,tt0045900
nm9549880,tt0045997
nm0379368,tt0045997
nm0441574,tt0046127
nm0108946,tt0046345
nm0594381,tt0046438
nm0780012,tt0046449
nm0879945,tt0046468
nm0586733,tt0046468
nm0477553,tt0046478
nm0296996,tt0046487
nm0137287,tt0046487
nm0170198,tt0046521
nm0738856,tt0046521
nm0895766,tt0046521
nm0150115,tt0046911
nm0299943,tt0046998
nm0247954,tt0047167
nm0410997,tt0047281
nm0440472,tt0047281
nm0851520,tt0047300
nm0549650,tt0047469
nm0147853,tt0047876
nm0220852,tt0048133
nm0879918,tt0048198
nm0467311,tt0048250
nm0732750,tt0048250
nm0138712,tt0048250
nm0196992,tt0048272
nm0071422,tt0048272
nm0702729,tt0048308
nm0098393,tt0048394
nm0869224,tt0048394
nm0849062,tt0048429
nm0748558,tt0048452
nm0518591,tt0048500
nm0001076,tt0048527
nm0026994,tt0048527
nm0645422,tt0048579
nm0084761,tt0048641
nm0017628,tt0048673
nm0799464,tt0048673
nm0847197,tt0048731
nm0046359,tt0048801
nm0477553,tt0048820
nm0945522,tt0048820
nm0590775,tt0048933
nm0051837,tt0048956
nm1675124,tt0049012
nm0002072,tt0049177
nm0723823,tt0049177
nm0386542,tt0049182
nm0434706,tt0049537
nm0026371,tt0049552
nm0000059,tt0049674
nm0000955,tt0049730
nm0847197,tt0049784
nm0457204,tt0049784
nm0945522,tt0049784
nm0410968,tt0049821
nm0714878,tt0049856
nm0002897,tt0049856
nm0504641,tt0049902
nm13359286,tt0049916
nm0595105,tt0049976
nm0457211,tt0049976
nm0824117,tt0118818
nm0072949,tt0118818
nm0750468,tt0118866
nm0246822,tt0119614
nm0798611,tt0119614
nm0874086,tt0119809
nm0891424,tt0119844
nm0864808,tt0120101
nm0847022,tt0120101
nm0489281,tt0120263
nm1403973,tt0120265
nm0092229,tt0120448
nm0628827,tt0120530
nm0001903,tt0120674
nm0181963,tt0120674
nm3488813,tt0121444
nm0434250,tt0122111
nm0864739,tt0122371
nm0532714,tt0122770
nm0691350,tt0173240
nm0959184,tt0173279
nm0468525,tt0175743
nm0880742,tt0219058
nm0052216,tt0223027
nm15608935,tt0312886
nm0955504,tt0318025
nm1304089,tt0318025
nm1194086,tt0319836
nm1236801,tt0322824
nm1288295,tt0322824
nm1344021,tt0322824
nm1319395,tt0415380
nm0855395,tt0415906
nm0000379,tt0422720
nm0176869,tt0422720
nm0273797,tt0422720
nm0000366,tt0993789
nm3129445,tt1015968
nm2671929,tt1032846
nm3217996,tt1241325
nm3087959,tt1241325
nm2770993,tt1241325
nm0525773,tt12564514
nm2501633,tt1570989
nm15400547,tt21042126
nm6261880,tt2268732
nm10076475,tt2762506
nm15795277,tt30319916
nm0695835,tt5278832
nm0156928,tt0061065
nm0442709,tt0061101
nm0205793,tt0061132
nm0947627,tt0061162
nm0381113,tt0061495
nm0070644,tt0061613
nm0780091,tt0061613
nm0125298,tt0061658
nm0711003,tt0061912
nm0136487,tt0061996
nm0401099,tt0061996
nm0464587,tt0062009
nm0867401,tt0062009
nm0848785,tt0062009
nm0438047,tt0062009
nm3727649,tt0062042
nm0431129,tt0062229
nm0643105,tt0062262
nm0252768,tt0062262
nm0814480,tt0062411
nm0148050,tt0062663
nm1158477,tt0062663
nm0070987,tt0062663
nm0241038,tt0062695
nm0039967,tt0062916
nm0001025,tt0062952
nm0512537,tt0062981
nm0618463,tt0063268
nm0590500,tt0063342
nm0592861,tt0063342
nm0017934,tt0063555
nm0901065,tt0063633
nm0302080,tt0063651
nm0862026,tt0063759
nm0913796,tt0063876
nm0001012,tt0083702
nm0349749,tt0083789
nm0209968,tt0083859
nm0102566,tt0084116
nm0750874,tt0084116
nm1272486,tt0084130
nm0000640,tt0084130
nm0948112,tt0084248
nm0155314,tt0084248
nm7678296,tt0084269
nm0957717,tt0084388
nm0668271,tt0084538
nm0626259,tt0084565
nm0175555,tt0084654
nm0135131,tt0084786
nm1272367,tt0084807
nm0001409,tt0084808
nm0021390,tt0084808
nm0646037,tt0084829
nm0000152,tt0085276
nm11287162,tt0085533
nm4364080,tt0086242
nm0793932,tt0086242
nm0810364,tt0086245
nm0338609,tt0086245
nm0641899,tt0086245
nm0809353,tt0086245
nm0408998,tt0086265
nm0121755,tt0086265
nm0000272,tt0086551
nm0094789,tt0086650
nm0001036,tt0086889
nm0657145,tt0086961
nm0705956,tt0086961
nm0473076,tt0086961
nm6840657,tt0086977
nm0537706,tt0087188
nm0784884,tt0110882
nm0201462,tt0111403
nm0001393,tt0111495
nm0054270,tt0111507
nm0049084,tt0112445
nm0758406,tt0112654
nm0220015,tt0113145
nm0941315,tt0114305
nm0011747,tt0114305
nm0000733,tt0114794
nm0000198,tt0115632
nm0478713,tt0115632
nm1058147,tt0116070
nm0842770,tt0116293
nm0219499,tt0116643
nm0014484,tt0116643
nm0723865,tt0116650
nm0019986,tt0116752
nm0928795,tt0116922
nm0719224,tt0117296
nm0210029,tt0117296
nm0364126,tt0117318
nm0160787,tt0117398
nm0042475,tt0117589
nm0067955,tt0118644
nm1852046,tt0269104
nm0241386,tt0273874
nm0133033,tt1008017
nm1294664,tt1065073
nm10895154,tt10767168
nm1897427,tt10767168
nm0001250,tt1527186
nm0000662,tt1527186
nm1508974,tt1909796
nm0441364,tt0063169
nm0473530,tt0063172
nm0875237,tt0063172
nm0865561,tt0063172
nm0477772,tt0063186
nm0848791,tt0063186
nm1375414,tt0063195
nm0361319,tt0014109
nm0205192,tt0014429
nm0153713,tt0014429
nm0556769,tt0014611
nm0461438,tt0014624
nm0460314,tt0015361
nm0881555,tt0015361
nm0732079,tt0015634
nm0410216,tt0017825
nm0232592,tt0017925
nm0623189,tt0017925
nm0619906,tt0064373
nm0564091,tt0064437
nm0359161,tt0064451
nm0006781,tt0064536
nm0151303,tt0064694
nm0001884,tt0064793
nm0904705,tt0064843
nm0383093,tt0064975
nm0582213,tt0065036
nm0594864,tt0065036
nm0075092,tt0065261
nm0006737,tt0065391
nm0418440,tt0065600
nm0277070,tt0065600
nm0476435,tt0065649
nm0385843,tt0065649
nm0415283,tt0065651
nm0099429,tt0065651
nm0108400,tt0065772
nm0297741,tt0065776
nm0756859,tt0065776
nm0757021,tt0065776
nm1149183,tt0066516
nm0151866,tt0066602
nm0357297,tt0066602
nm0529645,tt0066989
nm0284858,tt0067048
nm6642711,tt0067048
nm8624288,tt0067048
nm0940631,tt0067055
nm0244279,tt0067055
nm0945562,tt0067148
nm0838795,tt0067185
nm0771260,tt0067227
nm0518009,tt0067439
nm0842622,tt0067454
nm0557552,tt0067649
nm13247211,tt0067649
nm0193363,tt0067958
nm0991691,tt0068371
nm0620172,tt0068371
nm0024644,tt0068379
nm1071226,tt0068379
nm0366876,tt0068379
nm0297852,tt0068815
nm0044043,tt0068816
nm0342458,tt0069293
nm0457972,tt0069293
nm0680584,tt0069489
nm2302999,tt0069996
nm0328151,tt0070040
nm0407420,tt0070122
nm0357272,tt0070528
nm1231317,tt0070884
nm0368394,tt0070959
nm0677148,tt0070959
nm0558871,tt0070960
nm0637649,tt0071129
nm0104392,tt0071129
nm10802258,tt0071384
nm0613364,tt0071411
nm6210354,tt0071411
nm0039967,tt0071487
nm0003909,tt0071487
nm0197379,tt0071565
nm0220997,tt0071587
nm0766692,tt0071587
nm8844277,tt0071604
nm0948438,tt0071609
nm0385019,tt0071622
nm0167467,tt0071733
nm0317340,tt0071733
nm0406213,tt0071733
nm0439507,tt0071797
nm10744200,tt0071859
nm14886113,tt0071859
nm0011732,tt0071910
nm0547339,tt0072053
nm0010514,tt0072053
nm0064650,tt0072053
nm2203760,tt0072195
nm0496440,tt0072195
nm0108129,tt0072195
nm0480816,tt0134993
nm0486497,tt0134993
nm1446238,tt0135031
nm0750975,tt0135163
nm0736599,tt0136099
nm0373887,tt0136099
nm4740591,tt0139500
nm0619337,tt0191664
nm0259230,tt0192194
nm1870000,tt0278782
nm0548346,tt0280380
nm0304709,tt0283283
nm3571298,tt0379269
nm3571449,tt0379269
nm3571189,tt0379269
nm0454248,tt0385202
nm2404515,tt0869977
nm1343394,tt1189367
nm2634424,tt15146486
nm3207271,tt18317064
nm4489414,tt1985144
nm7009572,tt30810792
nm7160993,tt32086004
nm0422936,tt3723828
nm0164999,tt0064591
nm0001800,tt0064625
nm0249811,tt0064640
nm0000910,tt0030888
nm0025940,tt0031270
nm0001916,tt0031514
nm0246348,tt0031544
nm0000964,tt0031593
nm0608373,tt0031593
nm0065717,tt0031593
nm0581416,tt0031831
nm0239513,tt0031885
nm0562309,tt0031885
nm0359297,tt0032156
nm1758584,tt0032156
nm0838066,tt0032179
nm0003339,tt0032484
nm0001695,tt0032484
nm0199787,tt0032553
nm0313582,tt0033627
nm0517919,tt0033868
nm0006807,tt0034093
nm0000043,tt0034240
nm0387561,tt0034272
nm0847302,tt0034298
nm0306675,tt0034493
nm1555202,tt0034591
nm0001333,tt0034881
nm0590055,tt0034891
nm0076350,tt0035001
nm0548355,tt0035001
nm0732877,tt0035823
nm0001289,tt0036135
nm0837360,tt0036400
nm0842302,tt0036695
nm0000059,tt0036910
nm0143207,tt0036910
nm0628579,tt0037367
nm0056761,tt0037674
nm0719749,tt0037674
nm0583871,tt0037824
nm0546224,tt0038146
nm0143959,tt0038146
nm0297843,tt0038268
nm0041509,tt0038348
nm0522577,tt0038390
nm0102132,tt0038480
nm0454885,tt0038480
nm0192958,tt0038574
nm8369600,tt0038675
nm0601224,tt0038823
nm0282688,tt0038824
nm0714485,tt0038824
nm0441526,tt0123334
nm0617827,tt0123334
nm0441547,tt0123335
nm0218942,tt0123948
nm12654399,tt0123948
nm0861189,tt0125554
nm0595878,tt0126661
nm2503267,tt0131149
nm0753480,tt0133089
nm0001711,tt0133122
nm0593930,tt0134286
nm0851071,tt0134286
nm5737849,tt0134286
nm5664930,tt0134756
nm1824272,tt0134756
nm0442708,tt0197521
nm0757021,tt0197521
nm0052491,tt0200309
nm0837548,tt0200309
nm0462007,tt0200559
nm0793567,tt0200559
nm0848993,tt0200768
nm0594640,tt0202154
nm0559687,tt0202604
nm0173536,tt0202928
nm1689237,tt0202928
nm0620850,tt0203040
nm0412615,tt0203605
nm0847691,tt0203605
nm0038951,tt0203605
nm0849433,tt0203608
nm0766225,tt0203612
nm0847698,tt0203751
nm4672752,tt0204066
nm0442940,tt0204716
nm0648493,tt0204716
nm0871105,tt0207145
nm0381530,tt0207645
nm0284566,tt0369060
nm5961236,tt14407336
nm1932800,tt1568924
nm0290556,tt1837636
nm12318602,tt28490044
nm5496234,tt28490044
nm9687540,tt35022825
nm1569349,tt4466490
nm0899409,tt5222918
nm0001984,tt9031484
nm0418882,tt9031484
nm0314700,tt0006614
nm0823284,tt0011870
nm0841061,tt0012364
nm0361591,tt0107259
nm1087177,tt0107260
nm0559581,tt0107474
nm0190208,tt0107653
nm0504897,tt0108074
nm0504899,tt0108074
nm0948154,tt0108074
nm0242211,tt0108394
nm0095587,tt0108515
nm0437580,tt0108606
nm0586632,tt0109020
nm0071501,tt0109020
nm0295429,tt0109020
nm0405551,tt0109020
nm0284593,tt0109655
nm0776584,tt0109843
nm0808066,tt0110057
nm0476952,tt0155028
nm0038354,tt0155278
nm0620859,tt0160535
nm0758317,tt0209463
nm2315359,tt0808526
nm0001354,tt0808526
nm3806398,tt0808526
nm2410626,tt0809407
nm0573054,tt0986233
nm1168757,tt0990404
nm4184816,tt1181614
nm4609589,tt1181614
nm0263740,tt1181614
nm0090268,tt1508675
nm2938759,tt26440619
nm9121760,tt8943224
nm0947068,tt0018051
nm0537343,tt0018523
nm0077799,tt0018528
nm0347605,tt0018826
nm0266029,tt0019254
nm0712416,tt0019254
nm0104585,tt0019412
nm0448661,tt0020876
nm0178645,tt0020876
nm0605308,tt0020980
nm0849011,tt0021283
nm0002143,tt0021890
nm0838843,tt0021890
nm0757104,tt0022048
nm0647378,tt0022150
nm0800302,tt0022718
nm0044139,tt0022787
nm0179690,tt0022787
nm0340063,tt0023180
nm0528559,tt0023345
nm0233307,tt0023345
nm0441390,tt0023937
nm0852420,tt0023985
nm0849011,tt0024120
nm0948989,tt0024214
nm0643353,tt0024757
nm0906714,tt0024793
nm0663077,tt0024844
nm0318888,tt0024844
nm0226769,tt0024844
nm0181541,tt0025062
nm0385443,tt0025338
nm0950811,tt0025338
nm0906775,tt0025452
nm0294382,tt0025452
nm0254997,tt0025681
nm0768360,tt0025710
nm0573790,tt0026029
nm0120490,tt0026406
nm0030246,tt0027296
nm0000076,tt0075860
nm0227039,tt0075860
nm0579289,tt0075915
nm1211251,tt0075938
nm0260178,tt0075983
nm0006893,tt0076085
nm0452817,tt0076124
nm0095060,tt0076155
nm0296753,tt0076240
nm0122336,tt0076263
nm4113590,tt0076263
nm0023828,tt0076299
nm0482368,tt0076299
nm0001901,tt0076452
nm0605432,tt0077138
nm0109259,tt0077138
nm0843913,tt0077383
nm0361913,tt0077598
nm0361916,tt0077598
nm1507745,tt0077655
nm0085038,tt0077711
nm0147061,tt0077729
nm0671515,tt0077729
nm0466581,tt0077740
nm0906234,tt0077751
nm0051810,tt0077775
nm0652777,tt0077878
nm0033776,tt0077964
nm0573834,tt0077964
nm0416523,tt0077964
nm0001972,tt0078480
nm0001036,tt0078481
nm0002094,tt0078481
nm0890248,tt0078771
nm0581832,tt0078771
nm0000728,tt0078875
nm0280346,tt0078908
nm0899868,tt0079010
nm0437034,tt0079041
nm0465531,tt0079041
nm0594391,tt0079182
nm0862875,tt0079315
nm0155631,tt0079315
nm0950707,tt0079472
nm0400998,tt0079596
nm0694608,tt0079672
nm0038650,tt0079766
nm0557292,tt0080408
nm0688497,tt0080610
nm0255573,tt0080678
nm0066223,tt0080964
nm2634640,tt0080964
nm0001376,tt0081076
nm0545383,tt0081076
nm0550276,tt0081114
nm0108281,tt0081114
nm0001884,tt0081182
nm0330150,tt0081291
nm0835329,tt0081441
nm0423663,tt0081506
nm0866674,tt0081506
nm0001589,tt0081633
nm0710884,tt0081633
nm0303437,tt0082093
nm0150709,tt0082206
nm0058246,tt0082259
nm0088776,tt0082275
nm0798812,tt0082370
nm0841373,tt0082599
nm0162223,tt0082888
nm0276910,tt0082912
nm0644685,tt0082927
nm0006939,tt0083611
nm0173548,tt0083611
nm0837534,tt0360946
nm0847094,tt0360946
nm0408343,tt0366668
nm1840162,tt0447641
nm11187908,tt11380884
nm1347075,tt1470024
nm0221611,tt1649264
nm4295582,tt1714210
nm0698461,tt1864554
nm5249238,tt2291230
nm0785842,tt2358891
nm0893872,tt2358891
nm0337215,tt2358891
nm0754031,tt26270862
nm3725393,tt29002950
nm1101712,tt5258306
nm8198281,tt5786872
nm0430991,tt6850578
nm0392447,tt0027336
nm0812453,tt0027336
nm0575759,tt0027342
nm0499151,tt0027478
nm0529695,tt0027478
nm0847851,tt0027478
nm0793879,tt0027672
nm0579663,tt0027969
nm0761866,tt0027977
nm0448722,tt0027985
nm0001766,tt0028112
nm0362567,tt0028358
nm11266752,tt0028827
nm0000795,tt0029002
nm0140504,tt0029002
nm0000017,tt0029087
nm0232196,tt0029087
nm0442875,tt0029314
nm0001479,tt0029322
nm0300064,tt0029453
nm0335738,tt0029453
nm0756870,tt0029557
nm0948989,tt0029557
nm0087018,tt0029706
nm0356004,tt0029952
nm0303351,tt0029957
nm0573790,tt0030063
nm0000006,tt0030066
nm0147785,tt0030337
nm17553372,tt0030522
nm1747492,tt0030523
nm0128130,tt0030637
nm0183586,tt0030675
nm0150994,tt0099000
nm0933715,tt0099040
nm0607238,tt0099040
nm0615332,tt0099040
nm0696650,tt0099292
nm0491028,tt0099341
nm0504897,tt0099426
nm0957193,tt0099776
nm0149631,tt0099858
nm0161213,tt0099881
nm0000667,tt0100024
nm0624801,tt0100024
nm0929934,tt0100107
nm0538532,tt0100234
nm0000546,tt0100318
nm0000474,tt0100318
nm0943138,tt0100625
nm0002000,tt0101020
nm0785565,tt0101026
nm0658041,tt0101026
nm0739617,tt0101026
nm0741388,tt0101273
nm0662730,tt0101273
nm0212541,tt0101279
nm0231652,tt0101458
nm0650849,tt0101458
nm0001393,tt0101765
nm0587791,tt0101819
nm0276031,tt0101962
nm0345466,tt0102048
nm0266658,tt0102293
nm0155264,tt0102293
nm0268884,tt0102458
nm0334419,tt0102491
nm9681397,tt0102594
nm0508327,tt0102932
nm0387916,tt0102943
nm0226191,tt0102943
nm13422028,tt0103070
nm0510857,tt0103295
nm0370069,tt0103882
nm0672295,tt0103882
nm0886125,tt0104008
nm0008322,tt0104057
nm0026308,tt0104057
nm0078823,tt0104352
nm14306751,tt0104775
nm0157971,tt0105619
nm0041935,tt0105665
nm0529543,tt0105750
nm0886142,tt0105750
nm0843762,tt0106504
nm0586733,tt0106651
nm1174634,tt0106651
nm11128834,tt0232951
nm0001594,tt0304678
nm0911206,tt0304678
nm0639780,tt10370886
nm0001618,tt1103275
nm0297817,tt1248984
nm3165278,tt14906708
nm2632125,tt2276069
nm11512845,tt27590147
nm16600240,tt28608358
nm5871820,tt3091286
nm3144639,tt3091286
nm2325018,tt8185182
nm7267977,tt8185182
nm10396584,tt9595506
nm0921276,tt0056844
nm0685609,tt0056945
nm0075163,tt0057207
nm0617587,tt0057207
nm0879945,tt0057215
nm0154127,tt0057277
nm4970577,tt0057277
nm0476200,tt0057295
nm0463590,tt0058379
nm0853392,tt0058379
nm0252111,tt0058390
nm0340706,tt0058390
nm0284967,tt0053198
nm0512058,tt0053242
nm0755401,tt0053259
nm0457953,tt0053259
nm0189313,tt0053270
nm0837503,tt0053390
nm0234749,tt0053472
nm0034234,tt0053643
nm0159533,tt0053765
nm0207219,tt0053796
nm0276043,tt0053796
nm0913796,tt0053842
nm0945503,tt0053892
nm0511458,tt0053976
nm0723032,tt0054156
nm0432208,tt0054205
nm0564323,tt0054205
nm8909639,tt0054205
nm0606512,tt0054269
nm0386765,tt0054325
nm1073348,tt0054350
nm0441375,tt0054366
nm0000805,tt0054377
nm0176039,tt0054407
nm0041828,tt0054407
nm0909727,tt0054412
nm0413561,tt0054412
nm0549150,tt0054494
nm0181122,tt0054599
nm0039967,tt0054599
nm0327337,tt0054599
nm0135310,tt0054599
nm0869895,tt0054614
nm0398703,tt0054665
nm0867391,tt0054709
nm0520931,tt0054745
nm0297690,tt0054845
nm0441410,tt0054845
nm0098274,tt0054940
nm0620131,tt0055052
nm0793618,tt0055052
nm0619821,tt0055233
nm0129317,tt0055399
nm0875366,tt0055440
nm1102685,tt0055440
nm0093021,tt0055506
nm0192388,tt0055506
nm0611566,tt0055508
nm0957050,tt0055601
nm0162012,tt0055858
nm0585600,tt0055858
nm0837361,tt0056003
nm0540909,tt0056111
nm0023715,tt0056144
nm0040962,tt0056210
nm0594381,tt0056444
nm0477772,tt0056562
nm0036548,tt0056636
nm0388902,tt0056663
nm0772479,tt0056663
nm0704719,tt0056736
nm0301841,tt0056801
nm0331770,tt0057076
nm0321294,tt0057171
nm0188311,tt0057171
nm0349490,tt0057611
nm0586352,tt0057632
nm0023339,tt0057643
nm0620438,tt0057710
nm0315878,tt0057935
nm0740854,tt0058006
nm0442664,tt0058124
nm0434140,tt0058259
nm0009368,tt0058259
nm0411146,tt0058279
nm0463590,tt0058544
nm0793766,tt0058544
nm0438047,tt0058625
nm0031795,tt0058652
nm0906686,tt0058698
nm0726323,tt0058985
nm0766225,tt0059159
nm0622041,tt0059177
nm0171772,tt0059177
nm0594682,tt0059205
nm0897808,tt0059229
nm0217369,tt0059229
nm0451569,tt0059415
nm0097900,tt0059417
nm0328583,tt0059456
nm0350978,tt0059459
nm9827173,tt0059459
nm9827174,tt0059459
nm0669546,tt0059581
nm0244813,tt0059592
nm0381134,tt0059616
nm0753686,tt0059616
nm0873343,tt0059619
nm0633997,tt0059715
nm0654726,tt0059715
nm2720956,tt0059817
nm0107849,tt0059934
nm0370610,tt0059942
nm0256873,tt0059942
nm0926723,tt0060138
nm0460074,tt0060138
nm0915115,tt0060231
nm0100172,tt0060304
nm0156706,tt0060304
nm0893341,tt0060305
nm0291289,tt0060305
nm0782480,tt0060574
nm0824489,tt0060574
nm0157300,tt0060635
nm0586568,tt0161292
nm0027810,tt0161292
nm1152718,tt0163324
nm0645402,tt0164347
nm0847628,tt0164347
nm0622409,tt0164707
nm0593045,tt0164983
nm0812206,tt0164983
nm0847033,tt0164984
nm0442940,tt0165339
nm0144187,tt0165773
nm0927357,tt0166896
nm0909668,tt0166896
nm0247035,tt0171685
nm0708892,tt0171685
nm14554559,tt0255438
nm16437947,tt0255441
nm0370577,tt0259248
nm1200422,tt0259255
nm0206203,tt0259255
nm0258899,tt0261739
nm0005162,tt0405861
nm0001798,tt0405861
nm0034390,tt0411270
nm0945063,tt0411270
nm3228019,tt0977638
nm0855398,tt1087578
nm3240092,tt1129435
nm0783077,tt1337051
nm12719478,tt14039582
nm14379071,tt14641542
nm3727469,tt1558972
nm1315040,tt19623228
nm14797883,tt24082622
nm7176470,tt24121692
nm8927476,tt24121692
nm11952928,tt24121692
nm7945603,tt4288356
nm0031758,tt5507860
nm0455688,tt6910282
nm1097940,tt0054107
nm0756790,tt0057336
nm0202120,tt0057336
nm0205815,tt0057344
nm0957668,tt0057357
nm0027741,tt0057358
nm0282530,tt0057427
nm0509776,tt0057468
nm0441526,tt0057503
nm0875207,tt0057503
nm0468699,tt0060486
nm0015556,tt0060529
nm0880244,tt0060543
nm0594391,tt0060560
nm0219062,tt0039195
nm0001948,tt0039224
nm0707048,tt0039224
nm0467557,tt0039406
nm0378705,tt0039417
nm0807580,tt0039485
nm0159258,tt0039677
nm0367156,tt0039677
nm0000018,tt0039689
nm0108946,tt0039834
nm0449844,tt0040098
nm0532277,tt0040098
nm0178509,tt0040155
nm0916253,tt0040160
nm0196992,tt0040330
nm0491406,tt0040416
nm0625624,tt0040418
nm0718820,tt0040497
nm0216656,tt0040497
nm0051085,tt0040497
nm0031812,tt0040505
nm0082825,tt0040559
nm0874298,tt0040662
nm0906932,tt0040725
nm0375818,tt0040725
nm0008384,tt0040782
nm0463152,tt0040979
nm0031878,tt0040980
nm0111297,tt0041497
nm0393352,tt0041699
nm0088436,tt0041719
nm0197611,tt0041735
nm0262726,tt0041735
nm0605270,tt0042056
nm0847698,tt0042059
nm0746767,tt0072417
nm0850490,tt0072443
nm7356603,tt0072962
nm0140649,tt0073166
nm0786891,tt0073198
nm0213964,tt0073198
nm0466581,tt0073363
nm0406599,tt0073373
nm0291599,tt0073502
nm0489504,tt0073858
nm0299439,tt0073858
nm0141380,tt0074312
nm0940971,tt0074749
nm0747779,tt0074749
nm0000309,tt0074851
nm0437332,tt0074851
nm0544240,tt0074868
nm0846396,tt0074883
nm0001128,tt0074916
nm0222358,tt0075098
nm0006742,tt0075165
nm0818204,tt0075165
nm0325556,tt0075404
nm0813463,tt0075404
nm0159201,tt0095403
nm0594421,tt0095597
nm0410937,tt0095597
nm0384169,tt0095951
nm1801436,tt0095961
nm0032491,tt0096163
nm0625415,tt0096257
nm0866851,tt0096294
nm0167388,tt0096336
nm0225963,tt0096409
nm0506870,tt0097099
nm0793008,tt0097202
nm0154164,tt0097409
nm0593953,tt0097409
nm0619197,tt0097444
nm0001290,tt0097531
nm11222359,tt0097603
nm0838928,tt0097728
nm0885417,tt0097728
nm0473802,tt0097940
nm0398801,tt0098019
nm0944143,tt0098112
nm0295429,tt0098327
nm0653669,tt0098532
nm0846848,tt0098532
nm0816428,tt0143088
nm0047972,tt0144020
nm0718295,tt0144020
nm0000980,tt0151568
nm1660012,tt0151789
nm0245988,tt0154420
nm0280132,tt0249241
nm0008433,tt0251300
nm0410902,tt0308827
nm0619938,tt0309754
nm1143736,tt0311384
nm15718990,tt0311384
nm1517133,tt0391483
nm0518687,tt0468526
nm0581282,tt0469835
nm2245192,tt1173745
nm0527278,tt1173745
nm0476210,tt2017464
nm15821001,tt27502360
nm14873428,tt27502360
nm14958371,tt28618488
nm0648628,tt29271889
nm2432070,tt29271889
nm12662218,tt29279903
nm1673982,tt31809821
nm16604320,tt31809821
nm10493322,tt9617512
nm0793766,tt0050251
nm0544798,tt0050251
nm0000031,tt0050307
nm0431445,tt0050307
nm0662417,tt0050393
nm0320746,tt0050458
nm0018872,tt0050574
nm0417361,tt0050585
nm0221491,tt0050598
nm0011625,tt0050598
nm0114436,tt0050598
nm0475528,tt0050634
nm0376724,tt0050800
nm0753479,tt0051093
nm0252345,tt0051365
nm0294892,tt0051365
nm0740067,tt0051378
nm0149631,tt0051390
nm0702191,tt0051404
nm0000489,tt0051542
nm0457498,tt0051584
nm0913843,tt0051704
nm0441399,tt0051704
nm0837360,tt0051704
nm0041395,tt0051706
nm0413561,tt0051713
nm0476675,tt0051720
nm0909727,tt0051739
nm0875237,tt0051808
nm0848796,tt0051828
nm1097940,tt0051828
nm0477171,tt0052080
nm0759395,tt0052216
nm0001012,tt0052216
nm0865779,tt0052374
nm0148713,tt0052374
nm0621235,tt0052414
nm0154164,tt0052572
nm0001782,tt0052961
nm0442955,tt0052966
nm0847197,tt0052981
nm0370144,tt0052997
nm0881708,tt0053106
nm0619938,tt0053114
nm0594348,tt0053114
nm0033171,tt0053115
nm0001379,tt0087322
nm0051856,tt0087328
nm0835697,tt0087414
nm0676561,tt0087414
nm0391883,tt0087763
nm0883007,tt0087821
nm0724784,tt0087995
nm0001139,tt0088184
nm0473802,tt0088222
nm0645143,tt0088222
nm0000762,tt0088322
nm0432827,tt0088322
nm0511964,tt0089015
nm0298689,tt0089177
nm0000997,tt0089343
nm0834130,tt0089537
nm0509258,tt0089606
nm0138092,tt0089606
nm0398379,tt0090037
nm0282127,tt0090251
nm0716686,tt0090252
nm0610726,tt0090271
nm0279244,tt0090271
nm11827798,tt0090559
nm0001095,tt0090563
nm0025994,tt0090766
nm1480144,tt0090766
nm0249735,tt0090955
nm0297083,tt0090955
nm0594381,tt0091136
nm0401208,tt0091229
nm0628756,tt0091229
nm0490708,tt0091251
nm0304051,tt0091480
nm0110171,tt0091859
nm0837784,tt0091869
nm0392460,tt0091869
nm0050983,tt0092219
nm0052138,tt0092238
nm2069901,tt0092252
nm0304708,tt0092264
nm1081501,tt0092264
nm2218728,tt0092557
nm0476572,tt0092557
nm0639054,tt0092593
nm0270147,tt0092603
nm0900541,tt0092905
nm0001806,tt0093029
nm0124191,tt0093238
nm0000334,tt0093435
nm0155314,tt0093435
nm0757296,tt0093502
nm0213604,tt0093505
nm0001599,tt0093640
nm0119939,tt0093668
nm0805100,tt0093668
nm0866537,tt0093733
nm0883505,tt0093733
nm1108929,tt0093733
nm0233306,tt0093870
nm0499257,tt0094011
nm0657932,tt0094011
nm0411150,tt0094100
nm0232504,tt0094375
nm0194759,tt0094709
nm0476213,tt0094858
nm0096559,tt0240419
nm0096202,tt0240419
nm0490489,tt0338564
nm0000718,tt0460829
nm0524257,tt0460829
nm0942604,tt0839739
nm2956717,tt1000769
nm15262779,tt14550346
nm2636310,tt16279390
nm13120462,tt16951384
nm5395541,tt2190367
nm3354336,tt2190367
nm0101248,tt2560102
nm0535421,tt2764784
nm12593545,tt29344605
nm17826789,tt33381401
nm0748207,tt0093267
nm0998138,tt0042217
nm0450434,tt0042229
nm0157893,tt0042369
nm1172718,tt0042651
nm0263481,tt0042700
nm0756870,tt0042762
nm0654712,tt0042958
nm0645041,tt0043048
nm0803705,tt0043048
nm0432465,tt0043115
nm0717592,tt0043115
nm0000006,tt0043511
nm0434593,tt0043587
nm0000009,tt0043601
nm0444584,tt0043601
nm0156928,tt0043707
nm0361697,tt0043801
nm0462013,tt0043801
nm0726295,tt0043809
nm0106770,tt0043972
nm0648056,tt0044060
nm0110917,tt0044072
nm0864851,tt0044121
nm0272979,tt0044386
nm0483653,tt0044487
nm0647218,tt0044495
nm0380304,tt0044602
nm0945253,tt0044741
nm0613561,tt0044793
nm0463152,tt0044982
nm0434593,tt0044986
nm0620083,tt0044986
nm0849011,tt0045112
nm0491135,tt0045251
nm0132059,tt0045274
nm0013696,tt0045554
nm0015609,tt0045802
nm0784119,tt0045935
nm0879971,tt0045935
nm0000964,tt0046022
nm0044139,tt0046022
nm0847197,tt0046127
nm0167243,tt0046268
nm0620206,tt0046438
nm0274102,tt0046447
nm0762785,tt0046447
nm0620083,tt0046468
nm0768031,tt0046750
nm0024577,tt0046998
nm4044893,tt0047281
nm0463535,tt0047281
nm0013696,tt0047287
nm0383261,tt0047300
nm0645422,tt0047444
nm0654712,tt0047444
nm0532296,tt0047579
nm0864797,tt0047682
nm0002024,tt0047876
nm0206996,tt0047876
nm0326052,tt0047930
nm0463590,tt0048127
nm0793766,tt0048127
nm0002047,tt0048250
nm0484736,tt0048272
nm0906932,tt0048308
nm0239513,tt0048308
nm0784718,tt0048394
nm0881540,tt0048429
nm0368274,tt0048452
nm0052334,tt0048473
nm0201871,tt0048473
nm0467876,tt0048500
nm0072250,tt0048500
nm0441574,tt0048731
nm0620083,tt0048757
nm0847993,tt0048801
nm0442809,tt0048933
nm0052334,tt0048956
nm0162791,tt0049189
nm0945222,tt0049537
nm0157119,tt0049782
nm0561755,tt0049856
nm0116756,tt0049916
nm0151654,tt0118845
nm0001435,tt0118866
nm0220886,tt0118866
nm0558801,tt0119375
nm0609832,tt0119629
nm0489857,tt0119809
nm0785260,tt0119844
nm4463319,tt0120265
nm0476311,tt0120372
nm1202379,tt0120372
nm0841085,tt0120372
nm0125608,tt0120372
nm0047592,tt0120448
nm0904159,tt0122111
nm0301726,tt0122770
nm0814162,tt0122770
nm0467865,tt0122770
nm0778027,tt0173279
nm0508925,tt0173279
nm0476213,tt0174708
nm1687731,tt0177539
nm0051499,tt0178868
nm0762248,tt0216386
nm0718704,tt0216386
nm0097174,tt0216605
nm1554940,tt0216625
nm0745780,tt0218817
nm4997436,tt0221719
nm0848796,tt0226737
nm0473984,tt0227858
nm0846998,tt0227858
nm1235551,tt0318025
nm12267769,tt0318069
nm1973723,tt0319836
nm0156567,tt0415380
nm0837540,tt0415906
nm1508231,tt0415978
nm1708054,tt0423176
nm1476297,tt0424359
nm2486268,tt0993789
nm3129283,tt1015968
nm0671303,tt12564514
nm0819810,tt14064214
nm0821239,tt14064214
nm0835445,tt14064214
nm12961995,tt14064214
nm0475900,tt2006181
nm14090039,tt28419037
nm1970665,tt32828123
nm0547067,tt4621016
nm3617350,tt5278832
nm0908371,tt6725014
nm0195547,tt0060879
nm0148581,tt0060959
nm0901854,tt0060959
nm0438047,tt0061065
nm3030623,tt0061101
nm0863146,tt0061162
nm0345513,tt0061162
nm0575951,tt0061196
nm0490334,tt0061395
nm0627260,tt0061589
nm0696771,tt0061589
nm0172423,tt0061658
nm0664596,tt0061781
nm0619938,tt0061847
nm0475830,tt0061856
nm0405695,tt0061996
nm0869601,tt0062009
nm0004244,tt0062136
nm0269376,tt0062229
nm0383765,tt0062285
nm0945169,tt0062322
nm0326663,tt0062455
nm0946179,tt0062480
nm0537551,tt0062492
nm0441526,tt0062518
nm0001687,tt0062952
nm0510305,tt0062981
nm0609635,tt0063278
nm0890459,tt0063278
nm0639227,tt0063291
nm0328402,tt0063291
nm0844765,tt0063651
nm0000654,tt0063678
nm0205793,tt0063678
nm0018874,tt0063715
nm0694906,tt0063791
nm0465235,tt0063834
nm0224710,tt0083722
nm0401291,tt0083789
nm0609832,tt0084042
nm0449554,tt0084269
nm0108400,tt0084423
nm0275138,tt0084423
nm0527099,tt0084488
nm1470282,tt0084488
nm0702541,tt0084565
nm0599430,tt0084740
nm0530886,tt0084807
nm0945299,tt0084829
nm0761212,tt0084843
nm0017377,tt0084867
nm0136100,tt0084867
nm0846084,tt0085180
nm0426539,tt0085267
nm0693212,tt0085267
nm0855335,tt0085276
nm0175262,tt0085279
nm0000608,tt0085891
nm0757098,tt0085933
nm0339621,tt0086087
nm0948434,tt0086242
nm0182991,tt0086265
nm0723827,tt0086551
nm0144911,tt0086551
nm0252770,tt0110545
nm0498275,tt0110598
nm0418917,tt0110598
nm0000528,tt0111403
nm0270073,tt0111495
nm0430587,tt0111681
nm0480432,tt0111845
nm0090033,tt0112364
nm0595869,tt0112445
nm0046869,tt0112445
nm0094789,tt0112769
nm0580985,tt0112769
nm0001166,tt0112887
nm0629006,tt0112887
nm0150887,tt0112913
nm0906682,tt0113247
nm0865333,tt0113273
nm0479807,tt0113273
nm0264554,tt0114794
nm0542690,tt0114794
nm0584879,tt0114794
nm0494204,tt0115822
nm0758406,tt0115928
nm0553269,tt0116261
nm0868779,tt0116650
nm0000218,tt0117040
nm17098309,tt0117056
nm0000417,tt0117318
nm0687321,tt0118147
nm1851917,tt0269104
nm7086544,tt0269587
nm17345702,tt0274069
nm0332709,tt0274117
nm0598007,tt0348529
nm1495333,tt0348529
nm6567392,tt1065073
nm0000215,tt1764183
nm1779870,tt1764183
nm0000619,tt1764183
nm14690782,tt22098228
nm1638321,tt35649428
nm12650044,tt6777170
nm0766225,tt0063169
nm0014416,tt0063172
nm0847114,tt0063186
nm0814480,tt0063195
nm0010395,tt0063198
nm0437520,tt0063206
nm0001256,tt0014109
nm0561637,tt0014417
nm0925118,tt0014611
nm0946278,tt0015361
nm0425645,tt0015634
nm0506298,tt0015648
nm0630864,tt0015768
nm0444753,tt0015841
nm0615306,tt0015864
nm1027683,tt0015864
nm0242283,tt0017075
nm0306786,tt0017075
nm0916828,tt0017825
nm0731699,tt0017825
nm0419978,tt0017825
nm0537873,tt0064390
nm0236875,tt0064674
nm0254177,tt0064689
nm0637314,tt0064781
nm0772700,tt0064781
nm0000761,tt0064793
nm0137324,tt0064793
nm0167509,tt0064828
nm0162948,tt0064828
nm0205793,tt0064828
nm0421989,tt0064843
nm0565004,tt0064921
nm0412615,tt0064975
nm0847691,tt0064975
nm0940359,tt0065591
nm0467374,tt0065600
nm0082380,tt0065695
nm0699990,tt0065695
nm0738789,tt0065772
nm0679199,tt0065913
nm0786891,tt0066207
nm0651916,tt0066466
nm0471790,tt0066498
nm0460254,tt0066516
nm0812843,tt0066531
nm0312040,tt0066531
nm0577112,tt0066773
nm0344774,tt0066826
nm0500020,tt0067055
nm0857789,tt0067439
nm0001145,tt0067454
nm0953822,tt0067464
nm0819998,tt0067464
nm0538683,tt0067755
nm0441410,tt0067755
nm0557159,tt0067778
nm0274732,tt0067778
nm0887707,tt0067810
nm0515201,tt0068205
nm0411054,tt0068371
nm0847394,tt0068371
nm0045603,tt0068379
nm0500896,tt0069086
nm0457219,tt0069222
nm17747815,tt0069222
nm0683089,tt0069398
nm0000005,tt0069467
nm0740067,tt0069990
nm0518880,tt0069996
nm1040907,tt0070122
nm0055079,tt0070155
nm1092533,tt0070544
nm0202629,tt0070698
nm0765272,tt0070809
nm0417407,tt0070832
nm0577840,tt0070960
nm0265948,tt0070960
nm0953025,tt0071129
nm0744242,tt0071129
nm0005014,tt0071219
nm0011595,tt0071282
nm10802261,tt0071384
nm0386284,tt0071565
nm0559655,tt0071565
nm0202331,tt0071571
nm0441410,tt0071609
nm5972411,tt0071609
nm1734895,tt0071635
nm0001901,tt0071690
nm0723064,tt0071733
nm0494562,tt0071737
nm1050615,tt0071833
nm1090719,tt0071833
nm0200899,tt0071859
nm0850425,tt0071859
nm0081915,tt0071910
nm0273709,tt0072030
nm0949097,tt0072157
nm0217684,tt0072195
nm0768031,tt0135031
nm0287019,tt0135163
nm0927582,tt0136099
nm0882788,tt0136099
nm1967370,tt0139500
nm0176061,tt0191053
nm0078109,tt0191053
nm0441547,tt0191664
nm0835445,tt0192069
nm0819810,tt0192069
nm0821239,tt0192069
nm0521843,tt0192069
nm0945222,tt0274686
nm4105220,tt0278782
nm0795517,tt0283283
nm0151065,tt0283283
nm0842435,tt0285728
nm0874676,tt0374339
nm3571120,tt0379269
nm0865734,tt0381392
nm0594381,tt0385202
nm3156095,tt1701976
nm1456114,tt18317064
nm0342393,tt19841734
nm13607342,tt19841734
nm14598153,tt26448981
nm14598156,tt26448981
nm0451371,tt26452090
nm0397034,tt30810792
nm0442844,tt31055572
nm16165834,tt32085997
nm1603574,tt32086004
nm0833074,tt3723828
nm13571781,tt7241484
nm0437985,tt0064546
nm0173827,tt0030888
nm0851408,tt0031270
nm0062709,tt0031334
nm0753566,tt0031544
nm0611692,tt0031575
nm0998535,tt0031650
nm0668473,tt0031650
nm0060912,tt0031742
nm0664186,tt0031885
nm0490704,tt0031968
nm0001017,tt0031971
nm0392529,tt0031971
nm0733460,tt0032145
nm0541766,tt0032145
nm0648868,tt0032156
nm0350324,tt0032484
nm0768178,tt0032728
nm0433188,tt0033152
nm0002034,tt0033532
nm0001366,tt0033627
nm0032341,tt0033627
nm0442875,tt0033654
nm0021329,tt0033858
nm0218131,tt0034240
nm0709905,tt0034587
nm0242848,tt0034587
nm0632764,tt0034591
nm0070361,tt0034881
nm0295546,tt0034891
nm0213619,tt0034928
nm0782564,tt0035039
nm0654239,tt0035567
nm0291987,tt0035737
nm0543924,tt0035753
nm0488535,tt0035753
nm0906932,tt0036112
nm0516994,tt0036135
nm0645676,tt0036400
nm0726777,tt0036566
nm0799257,tt0036695
nm0696866,tt0036695
nm0334234,tt0036910
nm0955195,tt0036914
nm0851188,tt0037035
nm0063053,tt0037035
nm0657404,tt0037674
nm2748312,tt0037800
nm0197611,tt0038250
nm0905697,tt0038574
nm0055394,tt0038574
nm0132607,tt0038577
nm0860834,tt0038577
nm0424228,tt0038577
nm0530458,tt0038675
nm0353717,tt0123948
nm0369741,tt0124888
nm0357491,tt0126654
nm0265813,tt0126661
nm1028044,tt0126721
nm0070801,tt0126908
nm0209619,tt0129928
nm0173436,tt0129928
nm0634914,tt0130218
nm0793569,tt0130377
nm0927407,tt0131149
nm0455837,tt0133089
nm5737848,tt0134286
nm0457204,tt0134756
nm0762942,tt0134771
nm0008134,tt0196355
nm0677524,tt0197569
nm0332709,tt0200071
nm0052491,tt0200559
nm0437520,tt0200559
nm0299345,tt0201922
nm5489147,tt0202434
nm1177397,tt0202604
nm1978224,tt0202928
nm0464913,tt0203605
nm0409466,tt0203608
nm1627808,tt0203612
nm0951102,tt0203797
nm0702446,tt0207145
nm0000174,tt1095217
nm14326524,tt1403047
nm8538455,tt1568924
nm7398530,tt28490044
nm0000232,tt9031484
nm0365428,tt0006614
nm0533712,tt0007340
nm0341512,tt0007340
nm0265890,tt0008663
nm0480448,tt0011870
nm0042317,tt0012349
nm0088471,tt0012349
nm0043509,tt0012364
nm0112234,tt0013201
nm0690702,tt0013257
nm0720632,tt0013257
nm0001358,tt0106918
nm0029278,tt0107165
nm0746083,tt0107259
nm0190211,tt0107259
nm0433520,tt0107384
nm0533700,tt0107653
nm0757304,tt0107736
nm0318680,tt0108366
nm0142598,tt0108515
nm0254024,tt0108515
nm0157971,tt0108606
nm16047057,tt0109586
nm0150908,tt0109655
nm0510769,tt0109685
nm0155365,tt0109685
nm0000477,tt0109759
nm0027113,tt0109843
nm0758986,tt0154767
nm0323659,tt0155028
nm0457613,tt0155278
nm0407508,tt0155278
nm0636363,tt0155667
nm1723009,tt0158714
nm0409312,tt0160535
nm0255436,tt0209463
nm0792209,tt0211941
nm0837797,tt0329429
nm0297908,tt0330536
nm0847464,tt0330536
nm0408238,tt0929425
nm3013062,tt0929425
nm1953498,tt0990404
nm3010533,tt1232826
nm0992648,tt1508675
nm0774776,tt16022080
nm10026997,tt16022080
nm9846780,tt1691152
nm1886524,tt2035630
nm5695710,tt2035630
nm5695722,tt2035630
nm1181180,tt8943224
nm3360917,tt8943224
nm0707814,tt0018051
nm0624735,tt0018054
nm0305087,tt0018773
nm0314777,tt0020163
nm0314960,tt0020163
nm0949927,tt0020572
nm0574743,tt0020876
nm0442886,tt0020980
nm0753479,tt0021283
nm0647378,tt0021409
nm0003424,tt0021749
nm0537070,tt0021844
nm0021342,tt0022150
nm0944941,tt0022485
nm0230068,tt0022578
nm0584703,tt0022599
nm1013337,tt0022718
nm0087018,tt0022787
nm0153457,tt0022877
nm0933415,tt0022941
nm0591540,tt0023261
nm0310287,tt0023345
nm0299346,tt0023937
nm1586462,tt0023937
nm0620859,tt0024120
nm2142123,tt0024214
nm0320572,tt0024480
nm0407855,tt0024480
nm0800302,tt0024844
nm0787714,tt0025094
nm0594062,tt0025214
nm0747710,tt0025456
nm0568182,tt0025456
nm0312812,tt0025509
nm0540352,tt0025681
nm0872483,tt0025710
nm0607854,tt0025710
nm0217612,tt0025898
nm0468209,tt0025898
nm0756870,tt0026549
nm0948989,tt0026549
nm0415231,tt0027296
nm0264762,tt0075793
nm0594885,tt0075933
nm0136254,tt0075938
nm0216382,tt0075938
nm0559384,tt0076162
nm0179154,tt0076221
nm1416896,tt0076341
nm0109257,tt0077138
nm0490576,tt0077655
nm0818204,tt0077729
nm0442316,tt0077729
nm0058537,tt0077729
nm0252583,tt0077751
nm0590350,tt0077964
nm0073495,tt0078152
nm0001186,tt0078480
nm0685494,tt0078771
nm0377519,tt0078771
nm0257151,tt0078875
nm0798887,tt0078908
nm0945650,tt0079041
nm0319786,tt0079083
nm0794199,tt0079182
nm0266652,tt0079472
nm0001687,tt0079672
nm0929679,tt0079766
nm0000176,tt0080009
nm0318919,tt0080408
nm0051179,tt0080610
nm0000457,tt0080678
nm0000527,tt0080889
nm0007042,tt0080889
nm0051482,tt0081055
nm0372164,tt0081070
nm0098981,tt0081076
nm0818874,tt0081114
nm0304318,tt0081441
nm0428851,tt0081441
nm0430493,tt0082093
nm0568800,tt0082117
nm0937327,tt0082176
nm0305488,tt0082370
nm0794040,tt0082601
nm0141380,tt0082933
nm0493391,tt0082933
nm0438071,tt0083352
nm0000882,tt0083611
nm0629138,tt0181786
nm0083399,tt0185456
nm1839777,tt0186508
nm0868881,tt0186730
nm0508513,tt0292066
nm15334680,tt0447641
nm8940844,tt11392114
nm1574827,tt1470024
nm2086563,tt1470024
nm0000626,tt1649264
nm5249174,tt2291230
nm0898408,tt2358891
nm0935190,tt2452254
nm10220242,tt4420704
nm7968631,tt5258306
nm0217612,tt0027489
nm0306978,tt0027635
nm0420011,tt0027635
nm0793337,tt0027672
nm15156177,tt0027672
nm0468989,tt0027752
nm0640614,tt0028112
nm0152361,tt0028358
nm0210116,tt0028358
nm0001537,tt0028668
nm0191544,tt0029087
nm0197950,tt0029453
nm0475732,tt0029557
nm0219666,tt0029952
nm0165165,tt0029957
nm0387753,tt0030082
nm0871674,tt0030082
nm0838066,tt0030082
nm0560944,tt0030127
nm1075457,tt0030642
nm0456124,tt0098625
nm6579433,tt0099000
nm0110507,tt0099334
nm0000945,tt0099341
nm0945191,tt0099426
nm0783181,tt0099858
nm0943138,tt0099881
nm0000980,tt0100024
nm0538683,tt0100318
nm0001942,tt0100318
nm0495568,tt0100332
nm0220976,tt0100536
nm0000368,tt0100935
nm0482580,tt0100973
nm0490614,tt0100973
nm0576625,tt0101258
nm0765313,tt0101273
nm0760373,tt0101273
nm0619953,tt0101962
nm0001505,tt0102048
nm0809117,tt0102048
nm0193799,tt0102048
nm0549508,tt0102141
nm0477231,tt0102293
nm0001614,tt0102685
nm0387914,tt0102943
nm0150844,tt0103044
nm0875275,tt0103044
nm0910729,tt0103044
nm13422058,tt0103070
nm0959113,tt0103190
nm0945188,tt0103295
nm0660561,tt0103905
nm0081661,tt0104008
nm0527002,tt0104029
nm0000579,tt0104029
nm0410609,tt0104029
nm0477333,tt0104224
nm0477071,tt0104684
nm0654311,tt0104753
nm0065423,tt0104808
nm0554929,tt0105114
nm0350884,tt0105114
nm0911542,tt0105151
nm3065008,tt0105655
nm0482599,tt0105655
nm0087496,tt0105821
nm15228572,tt0105888
nm15228573,tt0105888
nm15228577,tt0105888
nm0451376,tt0106504
nm0034984,tt0106651
nm0462049,tt0234669
nm0154210,tt0293153
nm0909012,tt0296809
nm0377026,tt0296881
nm1056444,tt0296881
nm6136291,tt10365870
nm1679669,tt1084950
nm0878500,tt10849514
nm7048542,tt10849514
nm0654110,tt12958702
nm1828069,tt2276069
nm0195071,tt2347569
nm11740098,tt28608358
nm0004886,tt2972098
nm0000434,tt2972098
nm3355471,tt3544082
nm2924454,tt8185182
nm9751201,tt8185182
