actor_nconst,actor_name
nm0174943,'Big Patcheen' Conneely of the West
nm9681402,100 Square Miles
nm0553436,A Martinez
nm1159058,A. Glauberman
nm0213946,A.B. DeComathiere
nm0559920,A.E. Matthews
nm0164633,A.J. Clarke
nm1263043,A.N. Alcaff
nm1259072,Aage Hoffman
nm3107985,Aaron Glickman
nm0477209,Aaron Kwok
nm1823264,Aaron Moorhead
nm0452102,Abbas Kiarostami
nm0623414,Abbas Nazeri
nm0511085,Abbey Lincoln
nm1001357,Abdalla Mahmoud
nm0315760,Abdel Ahmed Ghili
nm0619250,Abdel Ghani El Nagdi
nm0090772,Abdel Hamid Bodaoha
nm0444287,Abdel Kedadouche
nm1135986,Abdel Rahman El Khamissi
nm0015658,Abdel Salam El-Nabulsi
nm1283412,Abdelghani Kamar
nm1588614,Abderrahman Paco
nm9233952,Abdi Jama
nm4515880,Abdiaziz Hilowle
nm15318629,Abdolhosein Bagheri
nm9549880,Abdul Hadi
nm1974944,Abdul Karim
nm0015687,Abdulaziz Khalil
nm0069951,Abdullah Ben Mohamet
nm2898575,Abdulmunem Ismail
nm0912276,Abdulwareth Asar
nm1077284,Abdurashid Makhsudov
nm0082069,Abebe Bikila
nm0284272,Abel Folk
nm0415231,Abel Jacquin
nm0080337,Abhi Bhattacharya
nm0154107,Abhijit Chatterjee
nm0757068,Abi Sakamoto
nm0492765,Abigail Clayton
nm0436522,Abla Kamel
nm0013842,Abolfazl Ahankhah
nm0131159,Abou Camara
nm0510498,Abraham Lincoln Lim
nm0777127,Abraham Schwartz
nm2076997,Aca Tadic
nm0223962,Accursio Di Leo
nm0166316,Acquilla Clemons
nm0561857,Ada May
nm0672692,Ada Peragostini
nm0001914,Adam Ant
nm3485845,Adam Driver
nm0395259,Adam Horovitz
nm0516677,Adam Lock
nm0524970,Adam Ludwig
nm0558221,Adam Matejka
nm0668044,Adam Pawlikowski
nm13298016,Adegboyega Adedoyin
nm0499534,Adela Legrá
nm0199813,Adelaide Danieli
nm0458633,Adelaide Klein
nm0077855,Adele Bertei
nm0131374,Adele Cambria
nm0036120,Adelheid Arndt
nm1483518,Adeline Aucoc
nm0527542,Adelle Lutz
nm0196195,Adhemar Ferreira da Silva
nm2304709,Adi Carauleanu
nm0557561,Adiatou Massudi
nm1944555,Adina Dulcu
nm0026308,Adisa Anderson
nm0440839,Adly Kasseb
nm0386944,Adolf Hitler
nm0148041,Adolfo Celi
nm0515697,Adolfo Llauradó
nm0096005,Adolphe Borchard
nm0579663,Adolphe Menjou
nm0659553,Adoor Pankajam
nm0396998,Adrian Hoven
nm3959021,Adrian Moore
nm2086563,Adrian Vancica
nm1282320,Adriana Abujamra
nm0039967,Adriana Asti
nm0199770,Adriana Danieli
nm0803398,Adriana Sivieri
nm0032524,Adriano Aprà
nm0231728,Adriano Domínguez
nm14379070,Adriano Favre
nm0316271,Adriano Giannini
nm0727311,Adriano Rimoldi
nm0004778,Adrien Brody
nm0094948,Adrienne Bonnet
nm8392078,Adrienne Brown-Norman
nm0180920,Adrienne Corri
nm0785792,Adrienne Servantie
nm1194748,Adèle Haenel
nm0012603,Aeng-ran Eom
nm0027965,Afrodita Andone
nm0049086,Afshin Khorshid Bakhtiari
nm0496173,Agathe Leclerc
nm0622145,Agathe Natanson
nm5600016,Agelem Habibi
nm4491727,Agha Jan Rafii
nm0490704,Agnes Lauchlan
nm0252499,Agneta Ekmanner
nm0699447,Agneta Prytz
nm4450566,Agnete Enga
nm1705568,Agnès Aubé
nm0538728,Agnès Makowiak
nm0742971,Agnès Rosier
nm0815926,Agnès Sourdillon
nm0889513,Agnès Varda
nm0759465,Agostino Salvietti
nm14738365,Agustín Barbosa
nm0328020,Agustín González
nm9484150,Agustín González
nm0013833,Ah-Lei Gua
nm3478993,Ah-Tsai
nm1403973,Ahmad Ansari
nm0066093,Ahmad Bedair
nm15305018,Ahmad Jorghanian
nm0563268,Ahmad Mazhar
nm1953498,Ahmad Razvi
nm0596101,Ahmad Reza Moayed Mohseni
nm0905661,Ahmad Wafiq
nm1000274,Ahmed Abdel Wareth
nm1133558,Ahmed Abdelaziz
nm0690972,Ahmed Ahmedpoor
nm1147811,Ahmed Belhachmi
nm0288204,Ahmed Fouad Selim
nm0576507,Ahmed Mehrez
nm0709154,Ahmed Ramzy
nm0757459,Ahmed Salama
nm0952304,Ahmed Zaki
nm13161402,Ahn Hwitae
nm0014215,Ahn Nae-sang
nm0014227,Ahn Sung-ki
nm14587026,Ahyeon Keum
nm0438043,Ai Kanzaki
nm0559384,Ai Matsubara
nm0007631,Aicha Abadir
nm0500443,Aida Leiner
nm0595869,Aida Mohammadkhani
nm0862919,Aidan Tierney
nm2957475,Aiden Noesi
nm0590775,Aiko Mimasu
nm0110157,Aileen Britton
nm0248319,Aimee Eccles
nm0851408,Aino Taube
nm12964666,Aisha Bukar
nm0030521,Ait Ansari
nm0845209,Aitana Sánchez-Gijón
nm1688927,Aizô Tamashima
nm3149728,Ajene D. Washington
nm0051830,Ajit Banerjee
nm0549457,Akaji Maro
nm0953040,Akbar Zanjanpour
nm0457483,Akemi Kita
nm0621191,Akemi Nara
nm0624372,Akemi Negishi
nm0605663,Aki Morishima
nm0015310,Aki Takejô
nm2760504,Aki Toyosaki
nm0386284,Akihiko Hirata
nm0441173,Akihiko Katayama
nm0951102,Akihiko Yusa
nm0866674,Akihiro Tomikawa
nm0461983,Akiji Kobayashi
nm0443570,Akiko Kazami
nm0468699,Akiko Koyama
nm1171230,Akiko Matsumoto
nm1023095,Akiko Nomura
nm0848768,Akiko Tamura
nm0906686,Akiko Wakabayashi
nm0945604,Akiko Yamashita
nm0848667,Akim Tamiroff
nm4492208,Akio Fujii
nm0367917,Akio Hasegawa
nm0411417,Akio Isono
nm0462181,Akio Kobori
nm0476200,Akio Kusama
nm1364048,Akio Miyabe
nm1446238,Akio Satake
nm0848964,Akio Tanaka
nm0386765,Akira Hisamatsu
nm0410968,Akira Ishihama
nm0461985,Akira Kobayashi
nm0473530,Akira Kubo
nm0619403,Akira Nagoya
nm0620112,Akira Nakamura
nm0654747,Akira Oze
nm0793639,Akira Shimizu
nm0794040,Akira Shioji
nm0847361,Akira Takarada
nm0849423,Akira Tani
nm0855417,Akira Terao
nm0945562,Akira Yamanouchi
nm0645269,Akira Ôizumi
nm0477767,Akitake Kôno
nm1329694,Ako
nm0015488,Ako
nm2582947,Ako Tomizawa
nm0231213,Akonio Dolo
nm12058862,Al Cantello
nm13862094,Al Demba
nm0305087,Al Ernest Garcia
nm0747779,Al Ruban
nm0022857,Alaettin Altiok
nm0037723,Alain Artur
nm0073495,Alain Berenboom
nm0126720,Alain Bécourt
nm0192490,Alain Cuny
nm0001128,Alain Delon
nm0340380,Alain Grestau
nm1040302,Alain Holtgen
nm0417512,Alain Janey
nm0431083,Alain Jouffroy
nm0499255,Alain Legendre
nm0727319,Alain Rimoux
nm0814719,Alain Soral
nm0815713,Alain Souchon
nm0008433,Alan Abel
nm0045996,Alan Badel
nm0000869,Alan Bates
nm0063765,Alan Bean
nm0101621,Alan Boyce
nm0222752,Alan Devlin
nm0003062,Alan Dinehart
nm1833009,Alan Dunikowsky
nm0354225,Alan Haines
nm0394086,Alan Hopgood
nm0550701,Alan Marshal
nm0610253,Alan Mowbray
nm0696771,Alan Price
nm0778804,Alan Randolph Scott
nm0715284,Alan Reed
nm0778792,Alan Scott
nm0790474,Alan Shearman
nm2168659,Alan Wells
nm0949241,Alan Young
nm0005513,Alanna Ubach
nm0648628,Alannah Ong
nm0799237,Alastair Sim
nm0036757,Alba Arnova
nm0538166,Alba Maiolini
nm1456114,Alban Ukaj
nm0041226,Albert Au
nm0041828,Albert Augier
nm0042317,Albert Austin
nm0060168,Albert Bassermann
nm0105331,Albert Bras
nm0237260,Albert Dray
nm0245103,Albert Duvaleix
nm0001215,Albert Finney
nm0325141,Albert Goldberg
nm0343606,Albert Grossman
nm0374557,Albert Heinze
nm0381223,Albert Herz
nm0406029,Albert Høeberg
nm0509776,Albert Lieven
nm10659317,Albert Lubrano
nm0563099,Albert Maysles
nm0699522,Albert Préjean
nm0753716,Albert Rémy
nm0896267,Albert Vidal
nm0914491,Alberta Watson
nm2379190,Alberto 'Lento' Barros
nm0016285,Alberto Albani Barbieri
nm0022115,Alberto Alonso
nm10135815,Alberto Amador
nm0167070,Alberto Closas
nm0175556,Alberto Conocchia
nm0206996,Alberto De Amicis
nm0267838,Alberto Farnese
nm0513346,Alberto Lionello
nm0591888,Alberto Miquel
nm0603179,Alberto Moravia
nm0604460,Alberto Morgan
nm0739190,Alberto Romea
nm0814773,Alberto Sordi
nm0940327,Albie Woodington
nm0065333,Albrecht Becker
nm0264762,Aldo Fabrizi
nm0321294,Aldo Giuffrè
nm0343888,Aldo Grotti
nm0630123,Aldo Nicodemi
nm0700112,Aldo Puglisi
nm0712731,Aldo Ray
nm0798570,Aldo Silvani
nm12175354,Aleandro Florio
nm0290066,Alec B. Francis
nm0185769,Alec Craig
nm0000027,Alec Guinness
nm0522474,Alec Lovejoy
nm0566680,Alec McCowen
nm8206309,Alejandra Adarve
nm11746265,Alejandra Colom
nm0043389,Alejandro Awada
nm1220694,Alejandro Ferretis
nm2597353,Alejandro Polanco
nm0054270,Aleksander Bardini
nm0066133,Aleksander Bednarz
nm0467428,Aleksander Kostic
nm0031446,Aleksandr Antonov
nm0073415,Aleksandr Berda
nm0435289,Aleksandr Kaydanovskiy
nm0476822,Aleksandr Kuznetsov
nm0506298,Aleksandr Levshin
nm0583871,Aleksandr Mgebrov
nm0658995,Aleksandr Pan
nm0670824,Aleksandr Pelevin
nm17391026,Aleksandr Semin
nm0796085,Aleksandr Shvorin
nm0200229,Aleksandra Danilova
nm0841085,Aleksandra Svenskaya
nm0807032,Aleksei Smirnov
nm0060692,Aleksey Batalov
nm0322275,Aleksey Glazyrin
nm0470385,Aleksey Kravchenko
nm1169445,Aleksey Shevchenkov
nm0910162,Alena Hesová
nm0471084,Alena Kreuzmannová
nm2233643,Alena Stojáková
nm0615905,Alessandra Mussolini
nm0659097,Alessandra Panaro
nm0309348,Alessandro Gassmann
nm0021357,Alex Allin
nm14893914,Alex Chadwick
nm0220976,Alex Descas
nm0369918,Alex Haw
nm1493163,Alex Karpovsky
nm0440090,Alex Karras
nm0509820,Alex Lifeson
nm0504973,Alex Man
nm0564107,Alex McArthur
nm0021251,Alexander Allerson
nm0461594,Alexander Knox
nm0699625,Alexander Pschill
nm0002907,Alexander Skarsgård
nm0902234,Alexander von Eschwege
nm4194302,Alexandra Blejan
nm3165278,Alexandra Burke
nm1275773,Alexandra Gouveia
nm0432055,Alexandra Juhasz
nm0518666,Alexandra London
nm0829155,Alexandra Stewart
nm0895875,Alexandra Vicencio
nm0037124,Alexandre Arquillière
nm17566492,Alexandre Belin
nm0357649,Alexandre Hamidi
nm0586184,Alexandre Mihalesco
nm0726777,Alexandre Rignault
nm0936232,Alexandre Wirtz
nm0176131,Alexandro Constantino
nm2308578,Alexandru Potocean
nm0094151,Alexej Bondireff
nm0449038,Alexia Keogh
nm0633070,Alexis Nitzer
nm13253432,Alf Andersen
nm0458033,Alf Kjellin
nm0060023,Alfie Bass
nm0000778,Alfonso Arau
nm0309815,Alfonso Gatto
nm0010514,Alfred Adam
nm5650584,Alfred Amedume
nm0236848,Alfred Drake
nm0248937,Alfred Edel
nm0370074,Alfred Hawkins
nm2397291,Alfred Hoffmann
nm0000547,Alfred Molina
nm0634914,Alfred Norcom
nm1115985,Alfred Panou
nm0211155,Alfredo De Rio Tambo
nm0499361,Alfredo Leggi
nm0562841,Alfredo Mayo
nm0229090,Ali Djamali
nm0252756,Ali El Sherif
nm0706286,Ali Rafie
nm0995946,Ali Reza
nm0618880,Ali Reza Naderi
nm0856622,Ali Tukhuzhev
nm0946625,Ali Yassine
nm11202691,Alice Apekum
nm3046769,Alice Auspergerová
nm0750975,Alice B. Russell
nm0004840,Alice Cooper
nm1092564,Alice Davis
nm0431484,Alice Joyce
nm0506202,Alice Levitt
nm9369826,Alice Maio Mackay
nm0594156,Alice Mitterrand
nm0764664,Alice Sapritch
nm0864403,Alice Tissot
nm1295721,Alice de Lencquesaing
nm0022633,Alicia Altabella
nm0379401,Alicia Hermida
nm0739116,Alicia Romay
nm0760890,Alicia Sánchez
nm2539953,Alicia Vikander
nm0745600,Alida Rouffe
nm0885098,Alida Valli
nm1621287,Alina Berzunteanu
nm4950073,Alina Constantin
nm11864267,Alioune Fall
nm0293981,Alisa Freyndlikh
nm0499315,Alison Leggatt
nm0517844,Alison Lohman
nm0824102,Alison Steadman
nm4021619,Alison Tavel
nm0115143,Alistair Browning
nm0821113,Aljoscha Stadelmann
nm0218475,Alla Demidova
nm1961184,Alla Shcherbakova
nm1588870,Allal Yaâla
nm0092051,Allan Bohlin
nm0179680,Allan Corduner
nm0193862,Allan Cuthbertson
nm0249735,Allan Edwall
nm0369838,Allan Havey
nm0420011,Allan Jeayes
nm0871209,Allan Trautman
nm0320091,Allen Ginsberg
nm0430535,Allen Joseph
nm0725550,Allen Lewis Rickman
nm0585600,Allen Midgette
nm0005049,Allison Janney
nm0661708,Allison Parisi
nm0734467,Allison Roddan
nm0807278,Allison Smith
nm0000639,Ally Sheedy
nm0235969,Allyson Downey
nm2300160,Alma Jodorowsky
nm0882898,Alois Vachek
nm0469424,Alojz Kramar
nm0149845,Alok Chakravarty
nm1970718,Alphonse Ardoin
nm8624288,Alphonse Diatta
nm11328839,Altayeb Mahdi
nm0736705,Alva Rogers
nm0315682,Alvaro Gheri
nm0673348,Alvaro Peres
nm0217680,Alys Delonce
nm0293978,Alzbeta Frejková
nm15886719,Amado Arjay Babon
nm1143840,Amala Shankar
nm0286022,Amanda Foreman
nm0329426,Amanda Goodwin
nm0486496,Amanda Langlet
nm1955791,Amanda M. Burden
nm0907510,Amanda Walker
nm0944143,Amanda Wyss
nm0948664,Amanda York
nm5140520,Amane Okayama
nm2496312,Amara Karan
nm5871829,Amber Dawn Bear Robe
nm9034032,Ambroise M'Bia
nm0025131,Amedeo Amodio
nm0623443,Amedeo Nazzari
nm9278678,Amelia Robert
nm0868356,Amelia de la Torre
nm5599975,Ameneh Banizadeh
nm0007524,Ami Aaröe
nm2209987,Ami Ikenaga
nm0846451,Amid Taftazani
nm0266292,Aminata Fall
nm14543939,Amir Baylly
nm14359583,Amir Davari
nm0142972,Amira Casar
nm0155102,Amira Chemakhi
nm9681399,Amoco Renegades
nm5336195,Amos Mac
nm0812906,Amparo Soler Leal
nm0345798,Amr Abdulgalil
nm0754229,Amr Saad
nm0118210,Amvrosi Buchma
nm0197611,Amy Dalby
nm2931313,Amy Judd Lieberman
nm0001496,Amy Madigan
nm7638929,Amy Nicholson
nm1541272,Amy Seimetz
nm0829165,Amy Stewart
nm0893036,Amy Veness
nm3158985,Amy Wren
nm0942195,Amy Wright
nm0025523,Amédée
nm0704509,An Qunyan
nm0634037,Ana Beatriz Nogueira
nm11033327,Ana Branescu
nm1014571,Ana Celentano
nm0162566,Ana Ciontea
nm13276751,Ana Garay Kostic
nm0535644,Ana Maria Magalhães
nm0193810,Ana María Custodio
nm0590500,Ana Milosavljevic
nm5836719,Ana Rita Gurgel
nm0868479,Ana Torrent
nm0183223,Analía Couceyro
nm1671512,Anamaria Marinca
nm8984005,Anand Sami
nm4515896,Anas Abdirahman
nm7475478,Anatole Broyard
nm0216187,Anatole Delalande
nm0154787,Anatoli Chebotaryov
nm0473308,Anatoli Ktorov
nm0476827,Anatoliy Kuznetsov
nm2821065,Anatoliy Paduka
nm0813463,Anatoliy Solonitsyn
nm0714378,Anaïs Reboux
nm4860772,Anda Barleanu
nm0509264,Anders Danielsen Lie
nm0252244,Anders Ek
nm0377613,Anders Henrikson
nm0396992,Anders Hove
nm2017961,Anders Mossling
nm8624287,Andongo Diabon
nm0015014,Andor Ajtay
nm10213491,Andor Birkeland
nm0525773,Andor Lukáts
nm0015199,Andra Akers
nm0251063,Andre Eglevsky
nm0339737,Andre Gregory
nm0665215,Andre Pataczek
nm0397034,Andrea Bræin Hovig
nm9955042,Andrea Dias
nm3897823,Andrea Laurenzi
nm0530007,Andrea López
nm12074606,Andrea Palma
nm0719956,Andrea Renzi
nm0774262,Andrea Schober
nm8409571,Andreana Callegarini-Gradzik
nm0069064,Andreas Bellis
nm0527278,Andreas Lust
nm0009372,Andrei Abrikosov
nm7703325,Andrei Barbu
nm0464846,Andrei Konchalovsky
nm0028497,Andrew
nm3217996,Andrew Blauvelt
nm2125252,Andrew Coyne
nm0400447,Andrew Hughes
nm0470372,Andrew Krauz
nm4942550,Andrew Leung
nm0646141,Andrew Loog Oldham
nm0583008,Andrew Meyer
nm0028903,Andrex
nm8234730,Andrey Borisenko
nm5014211,Andrey Burkovskiy
nm0616556,Andrey Myagkov
nm0678156,Andrey Petrov
nm0759214,Andrey Salvador
nm12474856,Andrii Kyrylchuk
nm0845301,Andrine Sæther
nm0432908,Andrzej Jurga
nm1293137,Andrzej Konopka
nm0804955,Andrzej Skupien
nm0018091,André Alerme
nm0075551,André Berley
nm0078514,André Bervil
nm0116552,André Brunot
nm0134514,André Canter
nm0138892,André Carnège
nm0148827,André Certes
nm0159980,André Christian
nm0197930,André Dalibert
nm0227804,André Dino
nm0239379,André Dubois
nm0243260,André Dupon
nm0244707,André Dussollier
nm0265948,André Falcon
nm0300353,André Gabriello
nm0318811,André Gille
nm0481810,André Laime
nm3262029,André Lubrano
nm0525283,André Luguet
nm0545838,André Marcon
nm0584703,André Michaud
nm0603682,André Morell
nm0617587,André Méliès
nm0672422,André Penvern
nm0746235,André Rouyer
nm0753686,André Régnier
nm0479351,André S. Labarthe
nm0850680,André Tarroux
nm0885299,André Valmy
nm0889667,André Varennes
nm0932870,André Wilms
nm1918783,André de la Rivière
nm0275138,Andréa Ferréol
nm0243845,Andrée Duranson
nm0846841,Andrée Tainsy
nm3240041,Andrée Vilar
nm0190222,Andrés José Cruz Soublette
nm0577203,Andrés Mejuto
nm5080976,Andy Caffrey
nm0222596,Andy Devine
nm0490489,Andy Lau
nm0785227,Andy Serkis
nm1335996,Ane Dahl Torp
nm0181080,Aneta Corsaut
nm4277009,Ang Wong
nm2906620,Angel Terry Domech
nm0045967,Angela Baddeley
nm0122336,Angela Burnett
nm0136437,Angela Cardile
nm14755968,Angela Chen
nm0235889,Angela Down
nm0004911,Angela Featherstone
nm0329427,Angela Goodwin
nm3129445,Angela Justice
nm8198282,Angela Katherine Laverde
nm0935190,Angela Winkler
nm0944070,Angela Wynter
nm15795274,Angelika Maldonado
nm3114067,Angelo
nm2957364,Angelo Abazoglou
nm0053184,Angelo Barbagallo
nm0194958,Angelo D'Alessandro
nm0195111,Angelo D'Amico
nm0301685,Angelo Galassi
nm6684647,Angelo Molino
nm0004990,Angie Harmon
nm11600265,Anicca Panna
nm1402537,Anicet Kashamura
nm0040172,Anik Belaubre
nm2218569,Anik Shefrazian
nm3335396,Aniko Bärkanyi
nm1402576,Anikó Kiss
nm4531497,Anil Bag
nm0154110,Anil Chatterjee
nm3565551,Anil Kumar Chopra
nm0084909,Anita Björk
nm0118135,Anita Bucher
nm0170344,Anita Colby
nm0001179,Anita Ekberg
nm16604321,Anita Matejovsky
nm0611315,Anita Mui
nm0657848,Anita Pallenberg
nm0908371,Anita Wall
nm0093514,Anja Boman
nm0001378,Anjelica Huston
nm0489133,Anki Larsson
nm0509258,Anki Lidén
nm0057929,Ann Barry
nm0001955,Ann Blyth
nm0160680,Ann Christy
nm0748558,Ann Elisabeth Groth
nm0364433,Ann Harris
nm0447909,Ann Kennedy
nm0005174,Ann Magnuson
nm1058922,Ann Matthijsse
nm0593129,Ann Mitchell
nm0767243,Ann Savage
nm15100669,Ann Scofield
nm0815433,Ann Sothern
nm0002897,Ann Todd
nm0350463,Ann-Marie Gyllenspetz
nm0024577,Anna Amendola
nm0034234,Anna Arena
nm0049644,Anna Baldaccini
nm10659318,Anna Banegas
nm11159048,Anna Berg
nm0096941,Anna Borkowska
nm0134846,Anna Canzi
nm0136823,Anna Carena
nm0162134,Anna Ciepielewska
nm11326279,Anna Cobb
nm0807332,Anna Deavere Smith
nm0235366,Anna Douking
nm0302105,Anna Galiena
nm1178506,Anna Gayane
nm0310922,Anna Gaylor
nm0439344,Anna Karina
nm2034297,Anna Katarina
nm0495564,Anna Lebedova
nm0496819,Anna Lee
nm0498919,Anna Lefeuvrier
nm0511288,Anna Lindahl
nm0536167,Anna Magnani
nm0659146,Anna Maria Pancani
nm0762252,Anna Maria Sandri
nm0938923,Anna May Wong
nm0609662,Anna Mouglalis
nm0619953,Anna Nakagawa
nm0667816,Anna Pavlova
nm0689810,Anna Polony
nm0698330,Anna Proclemer
nm0703032,Anna Quayle
nm0973796,Anna Sigalevitch
nm16503172,Anna Thaler
nm0505764,Anna Thomson
nm0870083,Anna Townsend
nm0030246,Annabella
nm0078665,Annabella Besi
nm0001711,Annabella Sciorra
nm2807560,Annaleigh Ashford
nm0259134,Annalisa Ericson
nm0023348,Anne Alvaro
nm0000843,Anne Bancroft
nm0071501,Anne Bennent
nm0110507,Anne Brochet
nm0171801,Anne Collette
nm0175931,Anne Consigny
nm0192235,Anne Cunningham
nm0239514,Anne Dubot
nm0278740,Anne Firth
nm0320451,Anne Giotta
nm0004266,Anne Hathaway
nm0431493,Anne Joyce
nm0472151,Anne Kronenberg
nm0491179,Anne Laurens
nm0653157,Anne Marie Ottersen
nm0414683,Anne Marit Jacobsen
nm0562309,Anne Mayen
nm0572489,Anne McLean
nm0575198,Anne Meara
nm1270887,Anne Montgomery
nm2481009,Anne Mundstuk
nm0001594,Anne Parillaud
nm0707246,Anne Raitt
nm0765093,Anne Sargent
nm0786800,Anne Seymour
nm0834851,Anne Stroka
nm0856778,Anne Teyssèdre
nm2061956,Anne Truitt
nm0894636,Anne Vernon
nm0926723,Anne Wiazemsky
nm0947650,Anne Yernaux
nm0952641,Anne Zamire
nm0483069,Anne-Louise Lambert
nm0116303,Anne-Marie Brunius
nm0168940,Anne-Marie Coffinet
nm0420545,Anne-Marie Jelinek
nm0479387,Anne-Marie Labaye
nm0513373,Anne-Séverine Liotard
nm5555534,Annea Lockwood
nm0927254,Annelore Wied
nm2802658,Annemarie Chertic
nm0246947,Annemarie Düringer
nm0072437,Annette Benson
nm1307855,Annette Closset
nm1020066,Annette Eick
nm0001578,Annette O'Toole
nm0231451,Anni Domingo
nm0079246,Annibale Betrone
nm0015960,Annick Alane
nm0288270,Annick Fougery
nm11811198,Annie
nm0243180,Annie Duperoux
nm0292310,Annie Fratellini
nm0320760,Annie Girardot
nm1930705,Annie Markhan
nm0775361,Annie Schreyer
nm0409244,Annie Shizuka Inoh
nm0819810,Annie Sprinkle
nm0843762,Annie Szamosi
nm0577523,Annielo Mele
nm0605384,Annik Morice
nm0872300,Annika Tretow
nm0030432,Annu Mari
nm0058399,Anny Bartanowski
nm0243175,Anny Duperey
nm0625115,Anny Nelsen
nm1989783,Anny Quinas
nm1359744,Anohni
nm0000733,Anouk Aimée
nm0342393,Anouk Grinberg
nm3879931,Anselm Kiefer
nm0000762,Anthony Andrews
nm0124236,Anthony Bushell
nm0139561,Anthony Carpio
nm0150796,Anthony Chan
nm0938893,Anthony Chau-Sang Wong
nm0206060,Anthony Dawson
nm3087959,Anthony Dunne
nm0252111,Anthony Eisley
nm0262418,Anthony Eustrel
nm2280092,Anthony Felton
nm0390979,Anthony Holles
nm0000164,Anthony Hopkins
nm0200012,Anthony La Penna
nm7678283,Anthony McGowan
nm8226646,Anthony Nesty
nm0627969,Anthony Newley
nm0629458,Anthony Nicholls
nm0000578,Anthony Perkins
nm0692390,Anthony Portillo
nm0703033,Anthony Quayle
nm0000063,Anthony Quinn
nm0712743,Anthony Ray
nm0744740,Anthony Rotell
nm0914502,Anthony Watson
nm11811211,Antoine
nm0051086,Antoine Balpêtré
nm0059971,Antoine Basler
nm0100171,Antoine Bourseiller
nm1164956,Antoine Gurevitch
nm15400547,Antoine Momey
nm0598356,Antoine Monnier
nm0681203,Antoine Pialat
nm0900004,Antoine Vitez
nm0249811,Antoinette Edwards
nm0321764,Anton Glanzelius
nm0771324,Anton Schich
nm0906932,Anton Walbrook
nm14848765,Anton Wenders
nm0945063,Anton Yakovlev
nm0690743,Antonella Ponziani
nm0254701,Antonia Ellis
nm0858491,Antonia Thomas
nm0037625,Antonin Artaud
nm0091643,Antonina Bogdanova
nm0538783,Antonina Maksimova
nm0795919,Antonina Shuranova
nm0116670,Antonino Bruschetta
nm3570765,Antonio Aiello
nm13402726,Antonio Ambu
nm0050744,Antonio Ballerio
nm0000104,Antonio Banderas
nm0106055,Antonio Bravo
nm0133505,Antonio Canal
nm0134464,Antonio Cantafora
nm0137569,Antonio Carlino
nm0148294,Antonio Centa
nm0274037,Antonio Ferrari
nm0307397,Antonio Garibaldi
nm0487890,Antonio Lara
nm0728158,Antonio Riquelme
nm3580842,Antonio Saboia
nm0896060,Antonio Vico
nm0140354,Antony Carrick
nm0778851,Antony Scott
nm0474951,Antonín Kumbera
nm0495516,Antonín Lebeda
nm0688690,Antonín Pokorný
nm0899409,Antti Virmavirta
nm0182075,António Costa
nm4739109,António Semedo Moreno
nm0684619,Antônio Pinto
nm0031785,Anémone
nm0620026,Aoi Nakajima
nm15133761,Aoife Josie Clements
nm0347485,Aoua Guiraud
nm0222436,Aparna Devi
nm0031967,Aparna Sen
nm4979592,April Andres
nm0055847,April Barnett
nm0711775,Aqila Ratib
nm0501078,Arabella Lemaitre
nm5574621,Arabinda Kumar Chowdhury
nm0260171,Arantxa Escamilla
nm0033152,Arata Iura
nm0793089,Arata Shibata
nm16431751,Arazi
nm0010684,Archi Adamos
nm0061562,Archibald Batty
nm7582315,Archie
nm3931094,Ardeshir Kazemi
nm15821001,Arghavan Shabani
nm4785566,Ari Barkan
nm0613620,Ariane Muratore
nm6801567,Ariel Bock
nm6252978,Ariel Sierra
nm0231319,Arielle Dombasle
nm0017864,Arina Aleynikova
nm0720549,Aris Retsos
nm0046670,Aristide Baghetti
nm0224525,Aristita Diamandi
nm0016768,Arlene Albertson
nm10396585,Arlene Gregoire
nm0594864,Arlene Mlodzik
nm0094796,Arlette Bonnard
nm0256520,Arlette Emmery
nm0001916,Arletty
nm0026371,Arline Anderson
nm0585323,Arline Mickey
nm0008798,Armand Abplanalp
nm2149145,Armand Andrieu
nm0527127,Armand Lurville
nm0576272,Armand Meffre
nm0637918,Armand Numès
nm0104392,Armando Brancia
nm0863896,Armando Tine
nm0753769,Armando del Río
nm15795276,Armani Bryson
nm0463778,Armen Kokorian
nm0576655,Armin Meier
nm0000090,Armin Mueller-Stahl
nm0209297,Arnaud Brejon de la Lavergnee
nm0221611,Arnaud Desplechin
nm0051931,Arne Bang-Hansen
nm0295823,Arno Frisch
nm0068038,Arnold Bell
nm0336455,Arnold Gray
nm0289450,Arnoldo Foà
nm0623154,Arnost Navrátil
nm0159533,Arpan Chowdhury
nm0451376,Arsinée Khanjian
nm0255156,Art Ellison
nm0307316,Art Garfunkel
nm0385543,Art Hindle
nm0582586,Art Metrano
nm0907539,Artel Great
nm14598153,Arthur
nm0012933,Arthur 'Bo' Agee
nm0012932,Arthur Agee
nm0019902,Arthur Allan
nm0105973,Arthur Brauss
nm0126365,Arthur Byron
nm0156241,Arthur Chesney
nm0210400,Arthur De Montalembert
nm0223005,Arthur Devère
nm0291821,Arthur Franz
nm0332607,Arthur Goullet
nm0382105,Arthur Hewlett
nm0389824,Arthur Hohl
nm0396768,Arthur Housman
nm1019836,Arthur Le Bau
nm0522884,Arthur Lowe
nm0534274,Arthur Macrae
nm3571120,Arthur Morris
nm0642724,Arthur O'Sullivan
nm0793168,Arthur Shields
nm0801567,Arthur Sinclair
nm0054007,Artur Barcis
nm0594863,Artur Mlodnicki
nm0738553,Artur Rolén
nm0017822,Arturo Alegro
nm0103854,Arturo Bragaglia
nm0540885,Arturo Maly
nm0815495,Arturo Soto Rangel
nm0194742,Arturo de Córdova
nm1957564,Arun Lal
nm10220242,Arzu Göl
nm0840553,Asako Suzuki
nm1508974,Asami Sanada
nm0463514,Asao Koike
nm0762942,Asao Sano
nm0879729,Asao Uchida
nm0461990,Asei Kobayashi
nm0059533,Asghar Barzegar
nm1410815,Asghar Farhadi
nm0911206,Ashley Wanninger
nm1534700,Ashlie Atkinson
nm0039596,Ashokan
nm0010648,Ashot Adamyan
nm0332950,Ashutosh Gowariker
nm0000782,Asia Argento
nm9370005,Aslan Parcasi
nm2725525,Assane Faye
nm0653450,Assita Ouedraogo
nm0785264,Assumpta Serna
nm15202754,Assunta Hamm
nm0026089,Asta Esper Hagen Andersen
nm2778775,Astaman
nm0021667,Astrid Allwyn
nm0090943,Astrid Bodin
nm0391474,Astrid Holm
nm0898166,Astrid Villaume
nm0475900,Asuka Kurosawa
nm0160803,Athena Chu
nm0829186,Athole Stewart
nm0258899,Atilla Ergün
nm0000382,Atom Egoyan
nm0038342,Atsuko Asano
nm1346442,Atsuko Ichinomiya
nm0435432,Atsuko Kaku
nm0442730,Atsuko Kawaguchi
nm0454248,Atsuko Kindaichi
nm0847106,Atsuko Takahashi
nm0620117,Atsuo Nakamura
nm0913777,Atsurô Watabe
nm1226419,Atsushi Watanabe
nm0649033,Atsushi Yamatoya
nm3339312,Attila Mokos
nm0558434,Aubrey Mather
nm0039313,Audie Ashworth
nm0511964,Audra Lindley
nm0079473,Audrey Betz
nm1296631,Audrey Bonnet
nm1604976,Audrey Diwan
nm2498025,Audrey Gelman
nm0377026,Audrey Heningham
nm0869429,Audrey Totter
nm0083878,August Bischof
nm0265890,August Falck
nm0610010,Auguste Mouriès
nm0070748,Augusto Benedico
nm6531090,Augusto Bitter
nm0254712,Aunjanue Ellis-Taylor
nm0004133,Aure Atika
nm0143972,Aurino Cassiano
nm0180454,Aurora Cornu
nm0907541,Aurora Walker
nm0167467,Aurore Clément
nm0310400,Aurore Gauvin
nm0379363,Aurélien Hermant
nm17553373,Austin Cassar-Torreggiani
nm0872454,Austin Trevor
nm0906402,Austin Wai
nm0932270,Austin Willis
nm2154543,Autumn Campbell
nm0520345,Ava Loraschi
nm13259404,Avalon Fast
nm0632425,Ave Ninchi
nm0116048,Avery Brundage
nm0518880,Avon Long
nm2510706,Awaludin
nm0246920,Axel Düberg
nm0362270,Axel Pauls
nm1258499,Axel Sichrovsky
nm0805277,Axel Slangus
nm0835586,Axel Strøbye
nm7398523,Ayaka Shibutani
nm2576430,Ayako Fukuda
nm0441568,Ayako Katsuragi
nm0906723,Ayako Wakao
nm2971968,Ayana Taketatsu
nm0015142,Aydemir Akbas
nm10895155,Ayla-Elea Hurtado
nm0654311,Ayse Owens
nm0297817,Ayuko Fujishiro
nm1671331,Ayuko Hirano
nm0410908,Ayumi Ishida
nm0814472,Ayumi Sonoda
nm6331906,Ayumu Nakajima
nm6535432,Azees Nedumangad
nm0044723,Aziz Babai
nm0375787,Aziza Helmy
nm0424108,Azizi Johari
nm0450950,Aï Keïta
nm0454475,B.B. King
nm0088471,B.F. Blinn
nm0580732,B.J. Merholz
nm0654070,Baard Owe
nm15076418,Babacar Faye
nm0014125,Babak Ahmadpoor
nm0518673,Babe London
nm0751899,Babe Ruth
nm0690974,Babek Ahmedpoor
nm2355480,Baby Malespine
nm0046850,Bahadur
nm0315842,Bahman Ghobadi
nm7334874,Bahram Ark
nm1249409,Baiqing Xin
nm11512845,Baisha Liu
nm0047972,Baitao Zuo
nm4233485,Baixas
nm11472869,Bakhtiyar Panjeei
nm1538894,Balkrishna Doshi
nm0379368,Bambang Hermanto
nm15228573,Banafsheh Behboudi
nm0315878,Bankim Ghosh
nm0746083,Baptiste Roussillon
nm0110159,Barbara Britton
nm0143800,Barbara Cason
nm0217684,Barbara Deloney
nm0219332,Barbara Dennek
nm0246192,Barbara Dziekan
nm0263481,Barbara Everest
nm0382007,Barbara Hewitt
nm0386035,Barbara Hintz
nm0420266,Barbara Jefford
nm0432511,Barbara Jung
nm0448661,Barbara Kent
nm0479209,Barbara Laage
nm0489773,Barbara Lass
nm0517056,Barbara Loden
nm0427538,Barbara O
nm0652239,Barbara Ossenkopp
nm0674977,Barbara Perry
nm2728209,Barbara Renard
nm0789604,Barbara Shaw
nm0812291,Barbara Sommers
nm0814384,Barbara Sonneborn
nm0001766,Barbara Stanwyck
nm0824489,Barbara Steele
nm0837784,Barbara Sukowa
nm0850917,Barbara Tasker
nm0884157,Barbara Valentin
nm0934599,Barbara Winchester
nm0934774,Barbara Windsor
nm0666722,Barbel Fanger
nm0775447,Barbet Schroeder
nm0928411,Barbie Wilde
nm0386113,Barbro Hiort af Ornäs
nm0400464,Barnard Hughes
nm0744063,Barney Rosset
nm0048244,Barry Baker
nm0000960,Barry Bostwick
nm0232685,Barry Donnelly
nm0268178,Barry Farrell
nm0280178,Barry Fitzgerald
nm0025787,Barry Jean Ancelet
nm0055505,Barry K. Barnes
nm0533131,Barry MacKay
nm0837959,Barry Sullivan
nm0938944,Barry Wong
nm1178220,Bart Binnema
nm0032341,Basil Appleby
nm0226584,Basil Dignam
nm0318624,Basil Gill
nm0443829,Basil Keane
nm0454480,Basil King
nm0705509,Basil Radford
nm0001651,Basil Rathbone
nm0842981,Basil Sydney
nm0315050,Basile Gervaise
nm0223540,Bass Dhem
nm14886112,Bayat
nm11116106,Bea Brydson
nm0249622,Beatie Edney
nm0132224,Beatrice Campbell
nm0543659,Beatrice Manowski
nm0890038,Beatrice Varley
nm0919912,Beatrice Welles
nm0699384,Beatrix Pryor
nm2374070,Beatriz Duarte
nm0520006,Beatriz Lopez
nm0796166,Beau Sia
nm0823462,Beau Starr
nm5394064,Beausoleil
nm0426539,Becky Johnston
nm14086109,Becky Simpson
nm0439165,Bedrich Karen
nm1036287,Beena Antony
nm1444326,Behrouz Abedini
nm0536036,Behrouz Maghsoudlou
nm0235426,Behzad Dorani
nm0418917,Belinda Jarrett
nm0096270,Bella Bordy
nm0256704,Bella Enahoro
nm0510855,Bellbella Lin
nm0071602,Belle Bennett
nm0517512,Bellina Logan
nm7615634,Belo Cozad
nm0378848,Beltrán de Heredia
nm0734368,Bembol Roco
nm0000255,Ben Affleck
nm0046695,Ben Bagley
nm0141092,Ben Carruthers
nm0001262,Ben Gazzara
nm1435594,Ben Granfelt
nm0356389,Ben Haller
nm1471083,Ben Johnson
nm0482567,Ben Lam
nm0916828,Ben Webster
nm0924210,Ben Whishaw
nm0944072,Ben Wynter
nm0745104,Bendt Rothe
nm3132995,Benett Vilmányi
nm0071024,Bengal
nm0116598,Bengt Brunskog
nm0138061,Bengt C.W. Carlsson
nm0252345,Bengt Ekerot
nm0252416,Bengt Eklund
nm12460527,Bengü
nm0317617,Beniamino Gigli
nm0001125,Benicio Del Toro
nm0401729,Benita Hume
nm15332573,Benjam Vanninen
nm13574428,Benjamin Adams
nm1163213,Benjamin Baltimore
nm1483904,Benjamin Biolay
nm0159725,Benjamin Christensen
nm0225399,Benjamin Dickerson
nm0256457,Benjamin Emanuel
nm0697452,Benjamin Prieur
nm0711589,Benjamin Rataud
nm0793337,Benkei Shiganoya
nm0071422,Benkt-Åke Benktsson
nm4481399,Bennett Abara
nm1509478,Benny Safdie
nm0274731,Benoît Ferreux
nm0377565,Benoît Henriet
nm0536095,Benoît Magimel
nm0610185,Benoît Moutsila
nm0688143,Benoît Poelvoorde
nm0753666,Benoît Régent
nm0403851,Bergliot Husberg
nm0269808,Berj Fazlian
nm1288295,Bernabe Pérez
nm0320770,Bernadette Giraud
nm0480942,Bernadette Lafont
nm0494613,Bernadette Le Saché
nm0657381,Bernadette Palas
nm0015961,Bernard Alane
nm0088396,Bernard Blier
nm0102946,Bernard Braden
nm0107805,Bernard Bresslaw
nm0110468,Bernard Brocas
nm0216602,Bernard Delbard
nm0241386,Bernard Dumaine
nm0260151,Bernard Escalon
nm0263372,Bernard Evein
nm0289514,Bernard Fradet
nm0294401,Bernard Fresson
nm0294653,Bernard Freyd
nm0336470,Bernard Gray
nm0478657,Bernard Lajarrige
nm0484303,Bernard Lancret
nm0494204,Bernard Le Coq
nm0496866,Bernard Lee
nm0538976,Bernard Malaterre
nm0544982,Bernard Marbaix
nm0579500,Bernard Menez
nm0587061,Bernard Miles
nm0632928,Bernard Nissile
nm0637627,Bernard Noël
nm0864113,Bernard Tiphaine
nm0873516,Bernard Tronczak
nm0894302,Bernard Verley
nm0933047,Bernard Wilson
nm0232627,Bernard-Pierre Donnadieu
nm4105230,Bernarda Pacheco
nm0230663,Bernardine Dohrn
nm0000934,Bernardo Bertolucci
nm0864289,Bernd Tischer
nm0926919,Bernhard Wicki
nm0713993,Bernice Johnson Reagon
nm0480448,Bernice Ladd
nm4671055,Bernice Robinson
nm0143378,Bernie Casey
nm0780688,Bernie Searle
nm0781757,Bernie Segal
nm0287195,Bert Fortell
nm0719037,Bert Remsen
nm0930094,Bert Williams
nm0940437,Bert Woodruff
nm0231716,Berta Domínguez D.
nm0237750,Berta Drews
nm0355343,Berta Hall
nm0379522,Berta Hernandez
nm0811994,Berta Socuéllamos
nm0854094,Berta Susana Teixeira
nm13253421,Bertel Backmann
nm0335737,Berthe Granval
nm0025940,Bertil Anderberg
nm5166525,Bertil Gustaf Oskar Carl Eugén
nm0349776,Bertil Guve
nm0161414,Berton Churchill
nm0095276,Bertrand Bonvoisin
nm0851724,Bertrand Tavernier
nm16600240,Bertrand de Courville
nm4588116,Besedka Johnson
nm4423646,Beth Stephens
nm0086198,Betsy Blair
nm0658133,Betsy Palmer
nm0820615,Betta St. John
nm14797884,Bettina Malcomess
nm0203606,Betty Ann Davies
nm0050151,Betty Balfour
nm11246376,Betty Brandelli
nm0111503,Betty Bronson
nm0177883,Betty Cooper
nm0193843,Betty Cuthbert
nm0275897,Betty Field
nm0290023,Betty Francine
nm0294983,Betty Friedan
nm0607369,Betty Morrissey
nm0769554,Betty Schade
nm0773723,Betty Schneider
nm0787714,Betty Shale
nm0912735,Betty Warren
nm0047800,Beulah Bains
nm0094135,Beulah Bondi
nm0551971,Beverley Martin
nm0072785,Beverly Bentley
nm0307500,Beverly Garland
nm0026414,Beverly Manley Duncan
nm0080249,Bharati Devi
nm0346613,Bhishma Guhathakurta
nm0468698,Bholanath Koyal
nm0148451,Bianca Maria Cerasoli
nm0950707,Biao Yuen
nm0535330,Bibari Maeda
nm4970577,Bibhuti Banerjee
nm0000761,Bibi Andersson
nm9822848,Bice Melegari
nm0244483,Biel Duran
nm0080346,Bijon Bhattacharya
nm4865982,Bikram Bhattacharya
nm0043764,Bill Ayers
nm0090695,Bill Bocket
nm0108117,Bill Brewer
nm0135131,Bill Capizzi
nm0004886,Bill Duke
nm0249827,Bill Edwards
nm0348155,Bill Gunn
nm0402730,Bill Hunter
nm0410347,Bill Irwin
nm0433627,Bill Jönsson
nm0470094,Bill Kraus
nm0000195,Bill Murray
nm0619440,Bill Nagy
nm0665473,Bill Paterson
nm0000597,Bill Pullman
nm0827647,Bill Stern
nm0835128,Bill Strother
nm2068451,Bill Stuckey
nm0846423,Bill Taft
nm0871272,Bill Travers
nm0876603,Bill Tung
nm0943827,Bill Wyman
nm0208924,Bill de Jarnette
nm0020312,Billie Allen
nm0338609,Billie Barrett GreenBey
nm0228767,Billie Dixon
nm0390507,Billie Holiday
nm0623574,Billie Neal
nm0060477,Billy Bastiani
nm0065084,Billy Beck
nm0099731,Billy Bourbon
nm0125432,Billy Butts
nm0150807,Billy Chan
nm0175262,Billy Connolly
nm2187158,Billy Edwards
nm0317970,Billy Gilbert
nm7945600,Billy Harper
nm0443985,Billy Kearns
nm0490497,Billy Lau
nm12458825,Billy Tipton Jr.
nm0154115,Bimal Chatterjee
nm0154116,Bimala Chatterjee
nm0609617,Biman Mouafi
nm12557710,Bin Akao
nm0008383,Bin Amatsu
nm0001078,Bing Crosby
nm0001931,Binnie Barnes
nm1150202,Binnosuke Nagao
nm0154118,Biplab Chatterjee
nm15718986,Birendra Banerji
nm0784001,Bireswar Sen
nm0540311,Birger Malmsten
nm3215691,Birger Ruud
nm0231085,Birgit Doll
nm0854996,Birgit Tengroth
nm0862467,Birgit Thøt Jensen
nm0678555,Birgitta Pettersson
nm0883517,Birgitta Valberg
nm0270147,Birgitte Federspiel
nm2277357,Birgitte Larsen
nm0717815,Birgitte Reimer
nm0627023,Birthe Neumann
nm0451190,Bismillah Khan
nm1276471,Biu Lung
nm5517084,Bjarne Gunnarsson
nm0377580,Bjarne Henriksen
nm0074689,Björn Berglund
nm0084761,Björn Bjelfvenstam
nm0726886,Bjørg Riiser-Larsen
nm0594933,Bjørn Moan
nm11814708,Black Junior
nm3240092,Blaise Fournier
nm3226240,Blanche Gardin
nm0116558,Blanchette Brunoy
nm0419984,Blandine Jeanson
nm0907411,Blanka Waleská
nm0595299,Bloke Modisane
nm0833351,Blondie Strange
nm3805567,Blondin Miguel
nm9311748,Blue Ridge Mountain Dancers
nm5249154,Bo Qiu
nm0906349,Bo Wahlström
nm0910843,Bo Wang
nm0000837,Bob Balaban
nm0095587,Bob Boorstin
nm0101712,Bob Boyd
nm1037021,Bob Charlton
nm7567599,Bob Currie
nm4482936,Bob Daniels
nm0001168,Bob Dylan
nm0360272,Bob Hannah
nm0001364,Bob Hoskins
nm0609690,Bob Mould
nm0627260,Bob Neuwirth
nm1554940,Bob Nicolescu
nm2128019,Bob Rosen
nm0824496,Bob Steele
nm0053354,Bobby Barber
nm0136256,Bobby Carcases
nm0447571,Bobby Kendall
nm3381950,Bobby Sommer
nm3531185,Bobby Wayne Webb
nm0514403,Bodan Litnanski
nm0458064,Bodil Kjer
nm0249843,Bogart Edwards
nm0462138,Bogumil Kobiela
nm0811733,Boguslaw Sobczuk
nm0467099,Bohumil Koska
nm0959149,Bohus Záhorský
nm0209619,Boise De Legge
nm0160541,Bojesse Christopher
nm0383091,Bokuzen Hidari
nm0689990,Bolek Polívka
nm0067369,Bolot Beyshenaliev
nm2278832,Bong Cabrera
nm0143180,Bonnie Carol Case
nm6567392,Bonnie Cross
nm0707248,Bonnie Raitt
nm0015176,Bontarô Miake
nm3107825,Bookie Kwart
nm0862569,Boomer Tibbs
nm5589118,Boonee
nm0154633,Boozoo Chavis
nm0155164,Bor-Jeng Chen
nm0216658,Boris Delcevski
nm0218228,Boris Demb
nm0245344,Boris Dvornik
nm0262401,Boris Eustache
nm14554553,Boris Goykhman
nm0000472,Boris Karloff
nm0463794,Boris Kokovkin
nm0464485,Boris Kozhukhov
nm0687450,Boris Plotnikov
nm0807035,Boris Smirnov
nm0952294,Boris Zakhava
nm0623155,Borivoj Navrátil
nm0831186,Bosa Stojadinovic
nm0910845,Bosen Wang
nm0046869,Bosnali Bahary
nm10802259,Boukraa Mustapha
nm0482572,Bowie Lam
nm0560590,Bozena Matuskova
nm0001113,Brad Davis
nm6109270,Brad Deane
nm0000374,Brad Dourif
nm0726901,Brad Rijn
nm0377034,Brad William Henke
nm1227232,Brady Corbet
nm0352835,Brahim Hadjadj
nm0281955,Bramwell Fletcher
nm10493259,Brandi Bosier
nm10156889,Brandia Taamu
nm0140747,Brandon Carroll
nm0262583,Brandon Evans
nm4737348,Brandon Lamar
nm1508231,Brandon Ratcliff
nm0759705,Branko Samarovski
nm0000950,Brenda Blethyn
nm0516283,Brenda Lo
nm0882853,Brenda Vaccaro
nm0207219,Brenda de Banzie
nm2411639,Brendan Cade
nm1135542,Brendan Canty
nm0578039,Breno Mello
nm14837865,Brett Daniels
nm0357020,Brett Halsey
nm0364126,Brett Harrelson
nm0100598,Brian Bovell
nm0268185,Brian Farrell
nm0279918,Brian Fisk
nm0293315,Brian Freeman
nm0356710,Brian Halloran
nm0004413,Brian Hamill
nm0427627,Brian Jones
nm0444919,Brian Kehew
nm0001417,Brian Keith
nm0589665,Brian Milligan
nm0747232,Brian Royal
nm0807519,Brian Smith
nm0830569,Brian Stirner
nm0941660,Brian Worth
nm11318111,Bridget Shirley Adams
nm5650554,Bright Amedume
nm0060862,Brigid Erin Bates
nm0000003,Brigitte Bardot
nm0096030,Brigitte Borchert
nm0212159,Brigitte De Villepoix
nm0287637,Brigitte Fossey
nm0433081,Brigitte Juslin
nm0499257,Brigitte Legendre
nm0510857,Brigitte Lin
nm0591930,Brigitte Mira
nm15718988,Brijo Behari Banerji
nm0350531,Brion Gysin
nm0001397,Brion James
nm1779870,Brit Marling
nm0081954,Brita Bigum
nm0353762,Britt Hagman
nm1832067,Britt-Marie Andersson
nm0082616,Britta Billsten
nm0116305,Britta Brunius
nm0678556,Britta Pettersson
nm0002024,Broderick Crawford
nm0689763,Bronislav Poloczek
nm2002784,Brooke Xtravaganza
nm0070757,Brooks Benedict
nm0386343,Brooks Hyers
nm0264146,Brown Eyes
nm0022883,Bruce Altman
nm0070532,Bruce Benderson
nm0132257,Bruce Campbell
nm0001117,Bruce Davison
nm0256891,Bruce Endres
nm0323098,Bruce Glover
nm0330049,Bruce Gordon
nm0339304,Bruce Greenwood
nm0668271,Bruce Payne
nm0817748,Bruce Spence
nm0935565,Bruce Winston
nm0181053,Bruna Corrà
nm0800074,Bruna Simionato
nm0100654,Brunella Bovo
nm0051082,Bruno Balp
nm0080966,Bruno Bichir
nm0096654,Bruno Borghi
nm0222863,Bruno Devoldère
nm0004486,Bruno Ganz
nm0456124,Bruno Kirby
nm0487466,Bruno Lapeyre
nm0650976,Bruno Ortensi
nm0687913,Bruno Podalydès
nm0778508,Bruno Scipioni
nm2401081,Bruno Steinert
nm0861838,Bruno Thost
nm0865333,Bruno Todeschini
nm0901501,Bruno Wolkowitch
nm0953025,Bruno Zanin
nm0670083,Brutus Pedreira
nm0000986,Bryan Brown
nm0285302,Bryan Forbes
nm0496439,Bryan Leder
nm0550789,Bryan Marshall
nm0697799,Bryan Pringle
nm6959027,Brylyn Wall
nm10386336,Brynjar Åbel Bandlien
nm0639928,Brían F. O'Byrne
nm0377750,Buck Henry
nm0807572,Buck Smith
nm0001069,Bud Cort
nm0277595,Budd Fine
nm11814710,Buddha
nm0644680,Bulle Ogier
nm7160993,Bun-Hok Lim
nm0837420,Bunta Sugawara
nm3670133,Bunya Ozawa
nm0580565,Burgess Meredith
nm0237897,Burkhard Driest
nm0000044,Burt Lancaster
nm0000608,Burt Reynolds
nm0000036,Buster Keaton
nm0267130,Buzz Farber
nm0234978,Byron Douglas
nm0288304,Byron Foulger
nm8152221,Bárbara Colen
nm0379888,Bárbara Hernández
nm0668551,Bárbara Paz
nm0022675,Béatrice Altariba
nm0001095,Béatrice Dalle
nm0738789,Béatrice Romand
nm0846084,Béatrice Tabourin
nm0014062,Börje Ahlstedt
nm0807580,C. Aubrey Smith
nm0358653,C. Norman Hammond
nm7231480,C. Richard Johnson
nm8244257,C.R. Chase
nm0052113,Caerthan Banks
nm5836720,Caio Almeida
nm7682938,Caisey Cole
nm0241290,Caitlin Dulany
nm0361913,Cal Harberts
nm0139627,Caleb Carr
nm0158793,Calvin Choy
nm0337682,Calvin Green
nm0516865,Calvin Lockhart
nm9681400,Calypso Revue Band
nm0741286,Calypso Rose
nm0593192,Cameron Mitchell
nm3999508,Cameron Spurr
nm0147793,Camilla Cederna
nm0751950,Camilla Rutherford
nm0077785,Camille Bert
nm0350247,Camille Guérini
nm0488221,Camille Larivière
nm0656468,Camille Paglia
nm4238222,Camille Ucan
nm0120631,Camillo Buonanni
nm0001714,Campbell Scott
nm0133033,Campino
nm4852218,Can Themba
nm0262506,Candace Evanofski
nm0385010,Candace Hilligoss
nm0163748,Candy Clark
nm11875179,Cao Yang
nm4555837,Cara Chu
nm2114334,Carey Brooks
nm0490500,Carina Lau
nm0027646,Carl Andersson
nm0082599,Carl Billquist
nm0103470,Carl Bradshaw
nm0219375,Carl Dennie
nm0240268,Carl Duering
nm0415434,Carl Jaffe
nm0404827,Carl Johan Hviid
nm1270791,Carl Kabat
nm0454542,Carl King
nm0496942,Carl Lee
nm0525855,Carl Lumbly
nm0537070,Carl Mahon
nm0588033,Carl Miller
nm0625214,Carl Nelson
nm1167084,Carl Pribram
nm0835497,Carl Ström
nm0187662,Carl-Erik Creutz
nm0215744,Carla Del Poggio
nm0042025,Carla Egerer
nm0336390,Carla Gravina
nm0549150,Carla Marlier
nm0678009,Carla Petrillo
nm0922668,Carlie Westerman
nm0061472,Carlo Battisti
nm0117911,Carlo Buccirosso
nm0127904,Carlo Cabrini
nm0158026,Carlo Chionetti
nm0188311,Carlo Croccolo
nm0210235,Carlo De Mejo
nm0272746,Carlo Fermariello
nm12382287,Carlo Furlanis
nm0413063,Carlo Jachino
nm0685365,Carlo Pisacane
nm1220264,Carlo Reygadas Barquín
nm0738856,Carlo Romano
nm2469411,Carlo Rota
nm0893872,Carlo Verdone
nm1168757,Carlos Ayala
nm0142976,Carlos Casaravilla
nm0154536,Carlos Chávez
nm0163546,Carlos Clarens
nm2105464,Carlos Francisco
nm7450855,Carlos Hercules
nm0471849,Carlos Kroeber
nm0554805,Carlos Martínez Baena
nm0728159,Carlos Riquelme
nm1546476,Carlos Salgado
nm0898155,Carlos Villatoro
nm0909009,Carlos Wallenstein
nm2698343,Carlos Zapata
nm0054670,Carlotta Barilli
nm12413742,Carlotta Gamba
nm0151210,Carlton Chance
nm0341134,Carlton Griffin
nm0628403,Carman Newsome
nm3571432,Carmela Nardone
nm0768578,Carmela Sazio
nm0070644,Carmelo Bene
nm0677669,Carmelo Petix
nm0136184,Carmen Carbonell
nm0180756,Carmen Correa
nm0209596,Carmen De Lavallade
nm0238968,Carmen Du Sautoy
nm4797936,Carmen Lopazan
nm2736268,Carmen M. Herlihy
nm0560962,Carmen Maura
nm5871820,Carmen Moore
nm0764009,Carmen Santos
nm2608214,Carmine Marino
nm8977064,Carmo Sodré
nm0048315,Carol Baker
nm0000993,Carol Burnett
nm0237958,Carol Drinkwater
nm0333327,Carol Grace
nm0001406,Carol Kane
nm0528595,Carol Lynley
nm0840285,Carol Sutton
nm0105891,Carola Braunbock
nm0716686,Carola Regnier
nm0029182,Carole André
nm0001479,Carole Lombard
nm1495674,Carolina Lopes
nm0032491,Caroline Appéré
nm0142027,Caroline Cartier
nm0177727,Caroline Coon
nm0267931,Caroline Faro
nm0485701,Caroline Lang
nm0486674,Caroline Langrishe
nm0613098,Caroline Munro
nm0797631,Caroline Silhol
nm4393657,Carolyn Buchanan
nm0267449,Carolyn Farina
nm0040167,Carpi Asturias
nm0628731,Carrie Ng
nm0004647,Carroll Baker
nm0214924,Carter DeHaven
nm0000026,Cary Grant
nm0346533,Cary Guffey
nm0000729,Casey Affleck
nm10398397,Casper Liang
nm0254177,Cass Elliot
nm0144107,Cassen
nm0534566,Cassie Madden
nm0568800,Cassie McFarlane
nm0144911,Castel Casti
nm1931045,Catalin Paraschiv
nm8206306,Catalina Cabra
nm1742864,Catalina Harabagiu
nm0095950,Caterina Boratto
nm0195530,Catherine D'At
nm0218633,Catherine Demongeot
nm0000366,Catherine Deneuve
nm0285042,Catherine Fonteney
nm0296594,Catherine Frot
nm0431129,Catherine Jourdan
nm0479910,Catherine Lacey
nm0480027,Catherine Lachens
nm0527555,Catherine Lutz
nm0001573,Catherine O'Hara
nm0722826,Catherine Ribeiro
nm0069705,Catherine Rich
nm0816457,Catherine Spaak
nm0894329,Catherine Verlor
nm0243357,Catherine-Isabelle Duport
nm0626350,Cathleen Nesbitt
nm0365518,Cathryn Harrison
nm1501542,Cathy Berry
nm0742975,Cathy Rosier
nm0879154,Cathy Tyson
nm0929101,Cathy Wilkerson
nm5765209,Catrina Delpena
nm0471604,Cay Kristiansen
nm0511695,Cec Linder
nm1062310,Cecil Gorey
nm0445523,Cecil Kellaway
nm0662116,Cecil Parker
nm0721637,Cecil Reynolds
nm1595095,Cecilia Milocco
nm0948112,Cecilia Yip
nm0823144,Cecillia Stark
nm0362567,Cedric Hardwicke
nm0482367,Cedrick Lalara
nm0170492,Celeste Cole
nm0069165,Celestina Bellocchio
nm0148050,Celia
nm0083801,Celia Birtwell
nm0424743,Celia Johnson
nm0598889,Celia Montalván
nm1892960,Cengiz Bozkurt
nm1898013,Cerasela Iosifescu
nm5124496,Cerasela Trandafir
nm0615549,Cesare Musatti
nm0709503,Cestmír Randa
nm0361851,Cezary Harasimowicz
nm0668640,Cezary Pazura
nm0215023,Cha Dei-dang
nm6959026,Chad Foster
nm5249174,Chad le Clos
nm14587027,Chaemi Myung
nm15615056,Chai-Ming Lai
nm0151266,Chanchal
nm0051832,Chandana Banerjee
nm0151654,Chang Chen
nm12443906,Changchu Xu
nm0769771,Channel Schafer
nm0689639,Channing Pollock
nm0001901,Chantal Akerman
nm0053246,Chantal Barbarit
nm0333014,Chantal Goya
nm0654887,Chao P'eng-chue
nm0864779,Chapman To
nm1800764,Charlene Modeste
nm0863968,Charles 'Bud' Tingwell
nm0736777,Charles 'Buddy' Rogers
nm1163149,Charles Atlas
nm0002198,Charles Aznavour
nm0051115,Charles Balsan
nm11740729,Charles Barry
nm0062883,Charles Bayard
nm0067634,Charles Belcher
nm0075650,Charles Berling
nm0001948,Charles Bickford
nm0087926,Charles Blavette
nm0099336,Charles Bouillaud
nm0000964,Charles Boyer
nm0102856,Charles Bracy
nm0106871,Charles Brehm
nm0141202,Charles Carson
nm0000122,Charles Chaplin
nm0175616,Charles Conrad
nm0185804,Charles Craig
nm0524096,Charles D. Lucas
nm1234217,Charles Daniel Sandoval
nm0219342,Charles Denner
nm0233431,Charles Dorat
nm0241348,Charles Dullin
nm16657489,Charles Dumas
nm0001164,Charles Durning
nm0247631,Charles Eastman
nm0319630,Charles Gilpin
nm0325939,Charles Goldner
nm0326052,Charles Goldsmith
nm0335738,Charles Granval
nm0357111,Charles Halton
nm0001889,Charles Hawtrey
nm0807667,Charles Henry Smith
nm6795642,Charles Hoey
nm1830140,Charles J. Ingram
nm1517692,Charles Jang
nm0294058,Charles K. French
nm0439959,Charles Korvin
nm0485272,Charles Lane
nm0001452,Charles Laughton
nm0494179,Charles Le Clainche
nm0524893,Charles Ludlam
nm0553409,Charles Martinet
nm1948856,Charles McDevitt
nm0573786,Charles McNaughton
nm0585481,Charles Middleton
nm0607854,Charles Mortimer
nm17345711,Charles Powell
nm0601023,Charles R. Moore
nm0001165,Charles S. Dutton
nm0816182,Charles Southwood
nm0828897,Charles Stevenson
nm0833429,Charles Stransky
nm0835190,Charles Strouse
nm0879006,Charles Tyner
nm2127462,Charles Ukpong
nm0889024,Charles Vanel
nm0896094,Charles Victor
nm0935415,Charles Winninger
nm0208540,Charles de Gaulle
nm1866030,Charles des Jammonières
nm0153713,Charley Chase
nm0045603,Charlie Bacis
nm0156875,Charlie Chin
nm0158605,Charlie Cho
nm0301311,Charlie Gaines
nm16882857,Charlie Nakajima
nm0816538,Charlie Spademan
nm0915115,Charlie Watts
nm0947777,Charlie Yeung
nm0693846,Charline Bourré
nm0000234,Charlize Theron
nm0018823,Charlotte Alexandra
nm0165165,Charlotte Clasis
nm10026997,Charlotte Creaghan
nm4794061,Charlotte De Bruyne
nm0090033,Charlotte Eve Blythe
nm0001250,Charlotte Gainsbourg
nm0434432,Charlotte Kady
nm0449667,Charlotte Kerr
nm0001648,Charlotte Rampling
nm0829270,Charlotte Stewart
nm0904996,Charlotte Véry
nm0195071,Charlotte d'Amboise
nm0814994,Charo Soriano
nm0315882,Charuprakash Ghosh
nm8844280,Chau Diem
nm0490505,Chau-Sang Lau
nm1335115,Chau-Wah Yim
nm0243894,Checco Durante
nm0728402,Checco Rissone
nm0001507,Cheech Marin
nm0530049,Chel López
nm0563329,Chema Mazo
nm15615058,Cheng Cheuck Lam
nm11407027,Cheng-Lan Chin
nm3227156,Cheri Brugman
nm0161193,Cherie Chung
nm8624289,Cherif Tamba
nm0861500,Cherokee Thornton
nm1012515,Cherrie Ying
nm0164693,Cheryl Clarke
nm0243109,Cheryl Dunye
nm6579440,Cheryl Kain
nm0115440,Cheryl Lynn Bruce
nm0697527,Cheryl Prime
nm0018319,Chester A. Alexander
nm0045471,Chester A. Bachman
nm0174682,Chester Conklin
nm17345712,Chester Culp
nm6579439,Chester Eng
nm0048329,Chet Baker
nm0104585,Chet Brandenburg
nm0503443,Chete Lera
nm0155455,Cheuk Yan Chan
nm14893912,Chevone Stewart
nm4391640,Cheyenne Lainé
nm0084435,Chhabi Biswas
nm3777127,Chhaya Kadam
nm0156902,Chi Jan Ha
nm0156869,Chi Kit Lee
nm0155352,Chi-Chi Chen
nm0971063,Chi-Fai Chan
nm0156449,Chi-Ping Chang
nm2634640,Chi-Sheng Hsieh
nm0490509,Chi-Wing Lau
nm0910860,Chi-tsan Wang
nm0514904,Chia-Hui Liu
nm0514906,Chia-Liang Liu
nm2429015,Chia-Yen Ko
nm14379069,Chiara Jorrioz
nm0557859,Chiara Mastroianni
nm0650849,Chick Ortega
nm0738020,Chico Lourant
nm10708749,Chidumebi Nzeribe
nm1839206,Chie Kobayashi
nm0047962,Chieko Baishô
nm0383261,Chieko Higashiyama
nm0383675,Chieko Higuchi
nm0559385,Chieko Matsubara
nm0592654,Chieko Misaki
nm0613590,Chieko Murata
nm0620083,Chieko Nakakita
nm0620850,Chieko Naniwa
nm0782820,Chieko Seki
nm1399642,Chien Szu-Ying
nm0134866,Chien Tsao
nm5293539,Chien-Ho Wu
nm0847427,Chigusa Takayama
nm3086858,Chih-Ping Chiang
nm0475686,Chiharu Kuri
nm1196623,Chika Takami
nm0043398,Chikage Awashima
nm0395940,Chikako Hosokawa
nm1073348,Chikako Miyagi
nm1187411,Chikako Yuri
nm0368041,Chikara Hashimoto
nm0099082,Chili Bouchier
nm0157797,Chin Tsai
nm12593546,Chin Tsui
nm2659952,Chin-Chu Chen
nm0490511,Chindy Lau
nm14692496,Ching Gonzalez
nm0151666,Ching Po Chang
nm0883602,Ching Valdes-Aran
nm3250419,Ching Wai
nm4067790,Ching-Wan Chan
nm0490513,Ching-Wan Lau
nm0482580,Ching-Ying Lam
nm15718989,Chiranjilal Shah
nm0361660,Chisako Hara
nm0753479,Chishû Ryû
nm0150994,Chit-Man Chan
nm1817412,Chitose Kobayashi
nm0475664,Chitose Kurenai
nm0538567,Chitose Maki
nm2118547,Chiwetalu Agu
nm0043679,Chiyoko Fumiya
nm1283422,Chiyoko Katori
nm0645825,Chiyoko Ôkura
nm5737849,Chiyotoshi Beppu
nm0370610,Chizu Hayashi
nm1166752,Chizuko Okamura
nm2924454,Chloe Maayan
nm1631269,Chloë Grace Moretz
nm0001721,Chloë Sevigny
nm3033230,Choi-Chow Hoh
nm0000334,Chow Yun-Fat
nm4709456,Chozy Aiyub
nm3105679,Chris Bangle
nm16657487,Chris Brasher
nm0112740,Chris Broun
nm0195968,Chris D.
nm0001177,Chris Eigeman
nm0293803,Chris Freihofer
nm0371824,Chris Haywood
nm0503329,Chris Leplus
nm0522904,Chris Lowe
nm0003408,Chris Marker
nm2773325,Chris New
nm2147686,Chris Owens
nm0662132,Chris Parker
nm0790423,Chris Shearer
nm11572578,Chris Smalls
nm0833074,Chris Strachwitz
nm0454584,Chris Thomas King
nm0876543,Chris Tummings
nm0906350,Chris Wahlström
nm0182991,Chrissie Cotterill
nm0485713,Christa Lang
nm1039369,Christel Baras
nm5117642,Christian Albrizo
nm0034475,Christian Argentin
nm0051179,Christian Baltauss
nm0075321,Christian Berkel
nm1909419,Christian Biegai
nm0098981,Christian Boucher
nm0099346,Christian Bouillette
nm0105558,Christian Bratt
nm6225520,Christian Castagno
nm7968633,Christian Delmotte
nm0275071,Christian Ferry
nm0350786,Christian Gérard
nm0519500,Christian Longuet
nm0547440,Christian Marin
nm0549650,Christian Marquand
nm0665540,Christian Patey
nm0700587,Christian Pundy
nm0726323,Christian Riehl
nm0772477,Christian Schlumberger
nm0000225,Christian Slater
nm0883007,Christian Vadim
nm0220938,Christiane Desbois
nm0233307,Christiane Dor
nm0234238,Christiane Dorval
nm0562223,Christiane Maybach
nm0717014,Christiane Reichelt
nm0864406,Christiane Tissot
nm0000775,Christina Applegate
nm0138268,Christina Carlwind
nm0187676,Christina Crevillén
nm0289725,Christina Frambäck
nm0342542,Christina Grisanti
nm0989761,Christina Payano
nm0092381,Christine Boisson
nm0118123,Christine Buchegger
nm0162947,Christine Citti
nm0264799,Christine Fabréga
nm0363705,Christine Harnos
nm0613917,Christine Murillo
nm0634994,Christine Norden
nm0664243,Christine Pascal
nm6061508,Christine Spang
nm0858634,Christine Thomas
nm0251203,Christl Ehlers
nm0160462,Christo
nm0052563,Christoph Bantzer
nm0172970,Christoph Colomb
nm0017204,Christophe Alcazar
nm0100172,Christophe Bourseiller
nm0539022,Christophe Malavoy
nm0644023,Christophe Odent
nm2128696,Christophe Vallaux
nm1128515,Christophe Vilar
nm0111917,Christopher Brooks
nm0118177,Christopher Buchholz
nm0298089,Christopher Fulford
nm0328676,Christopher Good
nm0460843,Christopher Knight
nm0000489,Christopher Lee
nm0000502,Christopher Lloyd
nm0552087,Christopher Martin
nm0623762,Christopher Neame
nm0800097,Christopher Simon
nm0807709,Christopher Smith
nm0000686,Christopher Walken
nm0944018,Christopher Wynne
nm0067989,Chrysta Bell
nm0431732,Chuan Wang
nm3140382,Chuan-Wen Cheng
nm1784919,Chuan-cheng Tao
nm4483171,Chuck Alston
nm1476297,Chuck Blackwell
nm0450900,Chuck Keyser
nm0730574,Chuck Roberson
nm0933189,Chuck Wilson
nm0161051,Chukamaryev
nm0161150,Chun Ku
nm0161157,Chun Shih
nm0432005,Chun-Erh Lung
nm2119978,Chun-Fang Chang
nm1351019,Chun-Hua Li
nm0973913,Chun-hao Tuan
nm0482590,Chung Lam
nm7711040,Chung-Hang Leung
nm1010881,Chung-Heng Chu
nm0157857,Chung-Hsing Chao
nm0849916,Chung-Hua Tou
nm0541193,Chung-Shan Wan
nm5069416,Chung-You Chang
nm0222447,Chunibala Devi
nm11788961,Chunlei Kang
nm0483942,Chus Lampreave
nm0594391,Chôchô Miyako
nm0847110,Chôei Takahashi
nm1722389,Chôemon Bandô
nm0442876,Chôichirô Kawarasaki
nm0442875,Chôjûrô Kawarasaki
nm0407329,Chôko Iida
nm0865561,Chôtarô Tôgin
nm0455836,Chûji Kinoshita
nm0406711,Chûsha Ichikawa
nm0001354,Ciarán Hinds
nm0409049,Ciccio Ingrassia
nm0643084,Cicely Oates
nm1117662,Cici Caraman
nm0021821,Cida Almeida
nm2378723,Cila Cardoso
nm0385577,Cindy Hinds
nm3373945,Cindy Lopez
nm0497046,Cinqué Lee
nm0116460,Cinzia Bruno
nm1090719,Cirque Muller
nm1433026,Clair Becker
nm0001954,Claire Bloom
nm0091080,Claire Bodson
nm0202575,Claire Davenport
nm0230068,Claire Dodd
nm0238377,Claire Drouot
nm0241038,Claire Duhamel
nm0001231,Claire Forlani
nm0350789,Claire Gérard
nm2026080,Claire Mandell
nm0561158,Claire Maurier
nm2732524,Claire Pierrat
nm0750718,Claire Rushbrook
nm0804218,Claire Skinner
nm0872456,Claire Trevor
nm0915320,Claire Wauthion
nm0000317,Clancy Brown
nm0082825,Clara Bindi
nm2244685,Clara Brajtman
nm0562358,Clara Mayer
nm6691309,Clara Monroy
nm0690702,Clara Pontoppidan
nm0778274,Clara Schønfeld
nm0108129,Clarence Brewer
nm0312238,Clarence Geldert
nm0463882,Clarence Kolb
nm0748517,Clarence Rucker
nm0929934,Clarence Williams III
nm0595025,Claresie Mobley
nm0424800,Clark Johnson
nm0676370,Clarke Peters
nm0021502,Claud Allister
nm0041747,Claude Aufaure
nm0042872,Claude Aveline
nm8125999,Claude Borelli
nm0105475,Claude Brasseur
nm0112533,Claude Brosset
nm2101916,Claude Burel
nm0148858,Claude Cerval
nm0001031,Claude Chabrol
nm0202405,Claude Dauphin
nm0205836,Claude Davy
nm0242211,Claude Duneton
nm0170198,Claude Farell
nm0320774,Claude Giraud
nm0415283,Claude Jade
nm0431714,Claude Juan
nm0432363,Claude Jullien
nm0433267,Claude Jutra
nm0542690,Claude Mann
nm0543717,Claude Mansard
nm0546224,Claude Marcy
nm0557540,Claude Massot
nm0577840,Claude Melki
nm0001647,Claude Rains
nm0005841,Claude Renoir
nm0723623,Claude Rich
nm0756790,Claude Sainval
nm0894600,Claude Vernier
nm0935695,Claude Winter
nm0139924,Claudette Carracedo
nm1870000,Claudia Aderes
nm0001012,Claudia Cardinale
nm0160004,Claudia Christian
nm0236873,Claudia Drake
nm0553793,Claudia Martini
nm13115028,Claudia Montoya
nm16451052,Claudia Rodriguez
nm1641171,Claudine Acs
nm0000805,Claudine Auger
nm0239980,Claudine Ducret
nm0299955,Claudine Gabay
nm0561431,Claudine Mavros
nm7316149,Claudine Vinasithamby
nm0076511,Claudio Bernardo
nm0111610,Claudio Brook
nm1492328,Claudio Carvalho
nm0329746,Claudio Gora
nm0865891,Claudio Tolcachir
nm0283389,Claus Flygare
nm0391485,Claus Holm
nm0927582,Claus Wiese
nm0715869,Claus-Dieter Reents
nm0338493,Clement Greenberg
nm0421386,Cleo Jensen
nm6787278,Cleveland Chenier
nm0249893,Cliff Edwards
nm0331054,Cliff Gorman
nm0410247,Clifford Irving
nm3056152,Clifford Ray Sam
nm0062709,Clive Baxter
nm0654110,Clive Owen
nm0147931,Clorinda Celani
nm0183660,Clotilde Courau
nm1202905,Clotilde Hesme
nm0423332,Clotilde Joano
nm0600289,Clotilde Montron
nm1012096,Clotilde Sabatino
nm3057356,Clydean Parker
nm2356645,Cléa de Oliveira
nm0216476,Clément Delaroche
nm0194662,Clémentine Célarié
nm0507056,Coleman Lewis
nm0075162,Colette Bergé
nm3571449,Colette Hegarty
nm0753679,Colette Régis
nm0781889,Colette Segall
nm0086780,Colin Blakely
nm0166972,Colin Clive
nm0236875,Colin Drake
nm0000147,Colin Firth
nm0330101,Colin Gordon
nm0131974,Colleen Camp
nm0272173,Colm Feore
nm0454603,Colman 'Tiger' King
nm0202851,Colonious David
nm0782158,Compay Segundo
nm0313033,Conchita Gentil Arcos
nm0663240,Conchita Parodi
nm0702114,Conchita Pérez
nm0782943,Concordia Selander
nm16162181,Connie Berg
nm0281639,Connie Fleming
nm0001567,Connie Nielsen
nm14837866,Connor Spence
nm0891998,Conrad Veidt
nm0171887,Constance Collier
nm0191870,Constance Cummings
nm0285576,Constance Ford
nm0869927,Constance Towers
nm0998535,Constance Willis
nm0802889,Constantin Siroesco
nm0738976,Constantine Romanoff
nm0535746,Constantino Magnatta
nm0208850,Consuelo De Haviland
nm0664439,Consuelo Pascual
nm0611026,Cookie Mueller
nm11866274,Cooper Hoffman
nm0206365,Cora Lee Day
nm0583956,Cora Miao
nm0114982,Coral Browne
nm0871020,Cordula Trantow
nm0099826,Corinne Bourdon
nm1179746,Corinne Derel
nm0545378,Corinne Marchand
nm0804339,Corinne Skinner-Carter
nm0175555,Cornelia Froboess
nm0477868,Cornelia Köndgen
nm9822849,Corrado Aprile
nm0345354,Corrado Guarducci
nm0969364,Corrado Invernizzi
nm0659461,Corrado Pani
nm0234312,Cosme dos Santos
nm0783077,Cosmin Selesi
nm4914976,Cosmina Stratan
nm0031758,Cosmo Anzilotti
nm0002020,Costa-Gavras
nm0567710,Country Joe McDonald
nm0001482,Courtney Love
nm0142549,Cousin Emmy
nm12964670,Cpl. Abdul Henderson
nm0319508,Craig Gilmore
nm0754734,Craig Sabin
nm0301887,Craig Stevens
nm0907648,Craig Walker
nm0363069,Crenguta Hariton
nm0930317,Cress Williams
nm6998808,Cricket Arrison
nm0613835,Crina Muresan
nm0000417,Crispin Glover
nm11246375,Cristiano Rimassa
nm14379068,Cristiano Sassella
nm2410626,Cristina Ciofu
nm4915334,Cristina Flutur
nm0673097,Cristina Pereira
nm0055554,Crystal Barnes
nm0432007,Curd Jürgens
nm13588474,Curt Baptiste
nm0092290,Curt Bois
nm0530586,Curt Löwgren
nm0183060,Curtis Cotton III
nm0309548,Curtis Gates
nm0694075,Cynthia Powell
nm0005427,Cynthia Sikes Yorkin
nm0828906,Cynthia Stevenson
nm0288380,Cyprien Fouquet
nm1075910,Cyril Aventurin
nm0171664,Cyril Collard
nm0159258,Cyril Cusack
nm1603574,Cyril Gueï
nm0361591,Cyril Haouzi
nm0396584,Cyril Houplain
nm0713231,Cyril Raymond
nm0728509,Cyril Ritchard
nm0807791,Cyril Smith
nm0253463,Cyrus Elias
nm2420346,Cyrus Grace Dunham
nm0305473,Cécile Garcia-Fogel
nm0377779,Cécile Henry
nm0494030,Cécile Le Bailly
nm0723064,Cécile Ricard
nm0849625,Cécile Tanner
nm0890845,Cécile Vassort
nm10091941,Cédric Luvuezo
nm9852857,Céline
nm0759828,Céline Samie
nm0309761,César Gattegno
nm0133106,César del Campo
nm0165061,D.A. Clarke-Smith
nm0642128,D.J. O'Neill
nm0930336,D.J. Williams
nm13739031,DJ Express
nm0750874,Dado Ruspoli
nm0086089,Dagmar Bláhová
nm0147891,Dagmar Cejnkova
nm0247954,Dagmar Ebbesen
nm0714933,Dagmar Redinová
nm0511175,Dagny Lind
nm8541051,Dahlia Younès
nm0437034,Dai Kanai
nm5757163,Dai Walters
nm0476213,Daigo Kusano
nm0361717,Daijirô Harada
nm11637688,Daiken Okudaira
nm1944352,Daimaru
nm0386285,Daisaburô Hirata
nm0051499,Daisuke Ban
nm0441961,Daisuke Katô
nm0753480,Daisuke Ryû
nm0132351,Daisy Campbell
nm0334635,Daisy Granados
nm0222013,Daiva Deupree
nm0266824,Dakota Fanning
nm1406904,Dakota Jackson-Brewer
nm0291866,Dale Franzen
nm0392400,Dale Holt
nm0197931,Dalida
nm0497081,Damian Jewan Lee
nm0490521,Damian Lau
nm0507073,Damian Lewis
nm0195821,Damon D'Oliveira
nm0111932,Dan Brooks
nm1824202,Dan Chiriac
nm0281200,Dan Flannery
nm3218579,Dan Formosa
nm0361914,Dan Harberts
nm0000445,Dan Hedaya
nm0381242,Dan Herzberg
nm0641397,Dan O'Herlihy
nm0658633,Dan Palmquist
nm0794890,Dan Shor
nm0864921,Dan Tobin
nm0943814,Dan Wyllie
nm0000796,Dana Ashbrook
nm3721683,Dana Cavaleru
nm1342194,Dana Dembinski Medeleanu
nm0318919,Dana Gillespie
nm0387205,Dana Hlavácová
nm0575905,Dana Medrická
nm0625845,Dana Nemcova
nm0849944,Dana Tapalaga
nm0186569,Dani
nm0000809,Daniel Auteuil
nm0066480,Daniel Beer
nm0069266,Daniel Bellus
nm0074757,Daniel Bergman
nm0077381,Daniel Berrigan
nm0099429,Daniel Boulanger
nm0147561,Daniel Ceccaldi
nm0184309,Daniel Couturier
nm0188529,Daniel Crohem
nm0220956,Daniel Descamps
nm0239345,Daniel Dublet
nm0266723,Daniel Fanego
nm0290526,Daniel Franco
nm0319843,Daniel Giménez Cacho
nm0004625,Daniel Gélin
nm0871240,Daniel J. Travanti
nm0420822,Daniel Jenkins
nm0429899,Daniel Jordan
nm14848764,Daniel Kiefer
nm0486497,Daniel Langlet
nm0518687,Daniel London
nm0555051,Daniel Martínez
nm0557292,Daniel Massey
nm0578805,Daniel Mendaille
nm0581832,Daniel Mesguich
nm0646037,Daniel Olbrychski
nm0677524,Daniel Petillon
nm0690150,Daniel Pommereulle
nm0006357,Daniel Schmid
nm0827663,Daniel Stern
nm0000938,Daniela Bianchi
nm0415347,Daniela Jaeger
nm0733598,Daniela Rocca
nm0798866,Daniela Silverio
nm0956086,Daniela Ziegler
nm0060289,Danielle Bassiak
nm0201638,Danielle Darrieux
nm0031584,Danilo Antunes
nm4616273,Danilo Cruz do Valle
nm3029776,Danilo Posadas
nm0188545,Danièle Croisy
nm0320647,Danièle Girard
nm0495947,Danièle Lebrun
nm0406713,Danko Ichikawa
nm0011595,Danny Adcock
nm0150774,Danny Bak-Keung Chan
nm0199880,Danny Daniels
nm0219026,Danny Deng
nm0337754,Danny Green
nm0497097,Danny Lee
nm0640613,Danny O'Dea
nm0741948,Danny Rosen
nm0916073,Danny Webb
nm0002364,Dante Basco
nm0224211,Dante Di Pinto
nm0535979,Dante Maggio
nm0732184,Dany Robin
nm1307104,Dao Xiao
nm0155203,Daoming Chen
nm0026563,Daphne Anderson
nm0328888,Daphne Goodfellow
nm0641713,Daragh O'Malley
nm1198964,Darcy Bledsoe
nm0991671,Darcy Fehr
nm0700437,Darcy Pulliam
nm0581793,Dario Meschi
nm3359494,Dario Yazbek Bernal
nm0503689,Darius
nm11187908,Darlene Arrington
nm0174768,Darlene Conley
nm9943158,Darlene Demorizi
nm0569000,Darren McGavin
nm0650212,Darren Ormandy
nm7678296,Darryl Reilly
nm0603916,Darío Moreno
nm6221606,Dasha Nekrasova
nm0023568,Dave Alvin
nm0098132,Dave Bossert
nm0115399,Dave Brubeck
nm0152638,Dave Chappelle
nm0384169,Dave Hill
nm0034644,David Ari
nm1684862,David Ayala
nm0051394,David Bamber
nm0000908,David Bennent
nm0077353,David Berridge
nm2809136,David Best
nm0093021,David Boliver
nm0000309,David Bowie
nm0102132,David Boykin
nm0104753,David Brandon
nm2717975,David Briggs
nm0110171,David Britton
nm0111543,David Bronstein
nm0116311,David Brunjes
nm0120601,David Buntzman
nm0123395,David Bursztein
nm0126154,David Byrne
nm0129464,David Calder
nm0184434,David Coverdale
nm0000343,David Cronenberg
nm13422041,David Darkick
nm0234745,David Douche
nm8859795,David Emerson
nm0268119,David Farrar
nm0285598,David Ford
nm3530918,David Forrester
nm16437941,David George Burghley
nm0347858,David Gulpilil
nm0354727,David Halberstam
nm0364595,David Harris
nm0371342,David Hayman
nm0375959,David Hemblen
nm0005014,David Hockney
nm0395004,David Horne
nm0400531,David Hughes
nm0404211,David Hutcheson
nm0408151,David Imboden
nm0004895,David James Elliott
nm1300153,David Jones
nm0434563,David Kagen
nm0467311,David Kossoff
nm0189719,David L. Crowley
nm0483965,David Lampson
nm2628738,David Lee Hoffman
nm0500896,David Leland
nm0507081,David Lewis
nm6312202,David Liu
nm0516634,David Lochary
nm1108007,David Lowery
nm0000186,David Lynch
nm2625185,David MacKay
nm0541723,David Mandell
nm0543115,David Manners
nm0559880,David Matthau
nm0563100,David Maysles
nm0624801,David Neilson
nm0000057,David Niven
nm0675021,David Perry
nm0688674,David Pokitillow
nm0701906,David Pérez Espinosa
nm0710884,David Rappaport
nm0748639,David Rudder
nm5249238,David Rudisha
nm2559067,David Sandholm
nm16600238,David Santos
nm0771185,David Scheuer
nm0771350,David Schickele
nm0796287,David Sibley
nm0000657,David Strathairn
nm0000667,David Thewlis
nm0866835,David Tomlinson
nm0867158,David Tonelli
nm7278963,David Towne
nm0871674,David Tree
nm0884882,David Valle González
nm7356604,David Walsh
nm0001831,David Warner
nm0398871,David Wu
nm0364172,Davyd Harries
nm0011625,Dawn Addams
nm1273999,Dawn Fraser
nm0106204,Dawson Bray
nm0011747,Dayo Ade
nm4104713,De-ming Lyu
nm0048384,Dean Baker
nm0124890,Dean Butler
nm0213450,Dean DeBlois
nm1273702,Dean Hammer
nm0550832,Dean Marshall
nm0790925,Dean Shek
nm0001777,Dean Stockwell
nm5581917,Debabrata Chakraborty
nm0109325,Debbie Brill
nm0084033,Debby Bishop
nm0000529,Debi Mazar
nm0052138,Deborah Banks
nm0251977,Deborah Eisenberg
nm0329301,Deborah Goodrich
nm0344010,Deborah Grover
nm6261877,Deborah Gzesh
nm0000679,Deborah Kara Unger
nm0000039,Deborah Kerr
nm0533700,Deborah Maclaren
nm0627029,Deborah Neumann
nm0750468,Debra Jo Rupp
nm0000700,Debra Winger
nm1318704,Debroy Somers and His Band
nm0939034,Declan Wong
nm0728466,Dedi Ristori
nm0892574,Dejan Velkov
nm0948373,Dekao Yokoo
nm0672360,Del Pentecost
nm0952685,Del Zamora
nm0216656,Delcassan
nm0305509,Delia Garcés
nm0448709,Delia Kent
nm0131317,Delois Barrett Campbell
nm4112879,Delores Farley
nm0008108,Delphine Abdala
nm0210029,Delphine De Malherbe
nm0286110,Delphine Forest
nm0786891,Delphine Seyrig
nm0954943,Delphine Zentout
nm7957937,Demi Banwo
nm0000193,Demi Moore
nm1586462,Den Ôhinata
nm0171008,Denardo Coleman
nm0218942,Denden
nm0001186,Denholm Elliott
nm0491777,Denis Lavant
nm0544240,Denis Manuel
nm0640614,Denis O'Dea
nm0687914,Denis Podalydès
nm0703615,Denis Quilley
nm0755483,Denis Sadier
nm0000344,Denise Crosby
nm0702446,Denise Péronne
nm3779025,Deniz Celiloglu
nm0645676,Denjirô Ôkôchi
nm0077533,Dennis Berry
nm0150862,Dennis Chan
nm0240797,Dennis Dugan
nm0241748,Dennis Dun
nm0285168,Dennis Foon
nm0331838,Dennis Gotobed
nm0000454,Dennis Hopper
nm0424944,Dennis Johnson
nm0447408,Dennis Kemper
nm0514912,Dennis Liu
nm0696866,Dennis Price
nm0000598,Dennis Quaid
nm0758535,Dennis Sallas
nm0230559,Denny Doherty
nm0000243,Denzel Washington
nm5570273,Deochand Lal
nm5047164,Deragh Campbell
nm0083254,Derek Birch
nm0088942,Derek Blomfield
nm0255576,Derek Elphinstone
nm0450658,Derek Keurvorst
nm0694684,Derek Powney
nm0860054,Derek Thompson
nm0232504,Derek Tung-Sing Yee
nm0626352,Derren Nesbitt
nm0210116,Derrick De Marney
nm14067536,Derrick Palmer
nm1053144,Derricka Rolle
nm0010907,Derroll Adams
nm0349899,Deryck Guyler
nm0036107,Desi Arnaz Jr.
nm0856469,Desmond Tester
nm0866537,Despina Tomazani
nm15718990,Devilal Samar
nm0025994,Devon Anders
nm0026621,Devon Anderson
nm0050141,Dewey Balfa
nm0552185,Dewey Martin
nm0002077,Dexter Fletcher
nm0497147,Dexter Lee
nm1263349,Dhalia
nm0154122,Dhritiman Chatterjee
nm0002047,Diana Dors
nm11304869,Diana Dupuis
nm2480282,Diana Gold
nm0254997,Diana Napier
nm0765951,Diana Sassen
nm0872822,Diana Trilling
nm0944087,Diana Wynyard
nm0041395,Diane Aubrey
nm0068843,Diane Bellego
nm0162283,Diane Cilento
nm0421924,Diane Jergens
nm1208167,Diane Kruger
nm0002663,Diane Ladd
nm0601124,Diane Moore
nm1179157,Diane Scapa
nm0012134,Dick Adler
nm0090644,Dick Bock
nm0103456,Dick Bradsell
nm0141580,Dick Carter
nm0285264,Dick Foran
nm0588241,Dick Miller
nm0748683,Dick Rude
nm0790071,Dick Shawn
nm0840078,Dick Sutherland
nm0601129,Dickie Moore
nm5395541,Dida Maia
nm0673034,Didi Perego
nm0677995,Didi Petrikat
nm0062488,Didier Baussy
nm0080020,Didier Bezace
nm0280955,Didier Flamand
nm0767181,Didier Sauvegrain
nm0723017,Diego Ribon
nm1495333,Diego Rodrigues
nm2144167,Dieter Baumann
nm0076679,Dieter Berner
nm0489504,Dieter Laser
nm3088136,Dieter Rams
nm0771365,Dieter Schidor
nm13862095,Dieynaba Dieng
nm0629197,Dieynaba Niang
nm1507745,Dik-Hak Chan
nm0097870,Dilip Bose
nm0227561,Dimitri Dineff
nm0823085,Dimos Starenios
nm0581277,Dina Merrill
nm0672809,Dina Perbellini
nm0008531,Dino Abelino
nm1892640,Dinosaur Jr.
nm0246822,Diogo Dória
nm4740249,Diogo Pires Miranda
nm9916376,Diogo Rodriques
nm0482599,Dion Lam
nm1651289,Dionisie Vitcu
nm0005536,Dionne Warwick
nm0002365,Dionysio Basco
nm0212541,Dipankar Dey
nm0585918,Dirce Migliaccio
nm0001958,Dirk Bogarde
nm0663077,Dita Parlo
nm0001145,Divine
nm8113643,Divya Prabha
nm0924716,Diz White
nm0468126,Djibril Kouyaté
nm0742953,Djoko Rosic
nm0590753,Dmitri Milyutenko
nm0650115,Dmitriy Orlov
nm0229520,Do-yun Yu
nm4482691,Doc Atomic
nm0477333,Dokhdurbek Kydyraliyev
nm17512990,Dolly
nm0768739,Dolly Scal
nm0920185,Dolly Wells
nm1416896,Dolores Santamaria
nm0842248,Dolph Sweet
nm0024350,Domingo Ambriz
nm14712116,Domingos de Oliveira
nm0055573,Dominique Barnes
nm0060017,Dominique Basquin
nm0078712,Dominique Besnehard
nm0086924,Dominique Blanc
nm0087017,Dominique Blanchar
nm0167474,Dominique Clément
nm0171628,Dominique Colladant
nm0176155,Dominique Constanza
nm0205815,Dominique Davray
nm0243777,Dominique Durand
nm0269735,Dominique Faysse
nm0296596,Dominique Frot
nm0309178,Dominique Gaspar
nm0479628,Dominique Labourier
nm0479818,Dominique Lacarrière
nm0480816,Dominique Laffin
nm0491763,Dominique Lavanant
nm0504559,Dominique Lestournel
nm0545103,Dominique Marcas
nm0547241,Dominique Marie
nm0699311,Dominique Pruvost
nm0721469,Dominique Reymond
nm0729673,Dominique Rivière
nm0734067,Dominique Rocheteau
nm0745923,Dominique Rousseau
nm0761212,Dominique Sanda
nm0953412,Dominique Zardi
nm0086783,Don Blakely
nm0110893,Don Brodie
nm2299852,Don Brooks
nm0129883,Don Calfa
nm3042117,Don Chambers
nm4685296,Don Cherry
nm0271514,Don Fellows
nm0330150,Don Gordon
nm0448563,Don Kenny
nm0005091,Don King
nm0480963,Don LaFontaine
nm0001528,Don McKellar
nm0852279,Don Taylor
nm0933314,Don Wilson
nm0161427,Donald Churchill
nm0187981,Donald Crisp
nm0242270,Donald Dunham
nm0284557,Donald Fong
nm0336579,Donald Gray
nm0390184,Donald Holden
nm0382000,Donald John Hewitt
nm0576083,Donald Meek
nm0000587,Donald Pleasence
nm0838910,Donald Sumpter
nm0927357,Donald Wiegert
nm0052023,Donatas Banionis
nm0554356,Donato Martucci
nm0232493,Dongdong Jiang
nm0360535,Donna Hanover
nm15100670,Donna Michelson
nm0232942,Donovan
nm0116932,Dora Bryan
nm4209331,Dora Diana
nm0231098,Dora Doll
nm2558355,Dore Mann
nm1890655,Dorian Boguta
nm0179776,Dorian Corey
nm0336582,Dorian Gray
nm0002126,Dorian Harewood
nm0235835,Doris Dowling
nm17553372,Doris Eckert
nm3211112,Doris Jewitt
nm0475269,Doris Kunstmann
nm0559836,Doris Mattes
nm0677954,Doris Petrie
nm0005368,Doris Roberts
nm0769556,Doris Schade
nm0448722,Dorothea Kent
nm0057984,Dorothy Barry
nm0173827,Dorothy Comingore
nm0191818,Dorothy Cumming
nm0210999,Dorothy De Poliolo
nm0330156,Dorothy Gordon
nm0347827,Dorothy Gulliver
nm0354892,Dorothy Hale
nm0355517,Dorothy Hall
nm0366253,Dorothy Hart
nm0569635,Dorothy McGowan
nm0795913,Dorothy Shupenes
nm4113590,Dorothy Stengel
nm0830019,Dorothy Stickney
nm0878302,Dorothy Tutin
nm0933333,Dorothy Wilson
nm0234012,Dorothée
nm0087491,Dorothée Blanck
nm0100458,Dorothée Marie Bouvyer
nm0442598,Dorrie Kavanaugh
nm0239915,Dortha Duckworth
nm0025557,Doru Ana
nm5757166,Dot Gibson
nm12961995,Dottie Blue
nm0176845,Doug Cooeyate
nm0569789,Doug McGrath
nm0767443,Doug Savant
nm2063673,Douglas A. Scocco
nm0001196,Douglas Fairbanks
nm0001195,Douglas Fairbanks Jr.
nm0314700,Douglas Gerrard
nm0354071,Douglas Haig
nm0568855,Douglas McFerran
nm0569790,Douglas McGrath
nm0235242,Douglas Santiago
nm0817930,Douglas Spencer
nm0633080,Doze Niu
nm15034202,Drag Couenne
nm0643473,Dragan Obradovic
nm0017982,Dragoljub Aleksic
nm0412428,Dragoljub Ivkov
nm1058007,Dragos Bucur
nm0389409,Drahomíra Hofmanová
nm2218604,Dree Hemingway
nm0427977,Duane Jones
nm2804459,Duangjai Hiransri
nm0226502,Dudley Digges
nm0241164,Duke of Windsor
nm0336588,Dulcie Gray
nm0483653,Duncan Lamont
nm2748312,Duncan MacKechnie
nm0534280,Duncan Macrae
nm0048017,Dusan Bajcetic
nm1037451,Dustin Guy Defa
nm8091749,Dustin Muchuvitz
nm0629006,Dustin Nguyen
nm0080390,Dwiju Bhawal
nm0402141,Dylan Hundley
nm2315359,Dylan Riley Snyder
nm1737557,Dynamite
nm0538802,Dzemail Maksut
nm0912810,E. Alyn Warren
nm1878110,E. Suhareva
nm0166974,E.E. Clive
nm0140802,E.J. Carroll
nm1181180,Eamon Farren
nm10101598,Eamonn Coughlan
nm0068172,Earl Bell
nm0131565,Earl Cameron
nm0746505,Earl Rowe
nm0808066,Earl Smith
nm0457755,Eartha Kitt
nm0734521,Ebbe Rode
nm0042191,Eberhard Auriga
nm1054200,Ebony Jones
nm14867735,Ece Bagci
nm0000893,Ed Begley Jr.
nm0051704,Ed Brandenburg
nm0222358,Ed Devereaux
nm0340267,Ed Grennan
nm0000438,Ed Harris
nm2720216,Ed Jansen
nm0462292,Ed Koch
nm0704558,Ed Quye
nm0477785,Edda Köchl
nm11811199,Eddie
nm0043453,Eddie Axberg
nm0092665,Eddie Boland
nm0094340,Eddie Bonette
nm0096128,Eddie Borden
nm0125952,Eddie Byrne
nm0138350,Eddie Carmel
nm0156567,Eddie Cheung
nm0176061,Eddie Constantine
nm0223014,Eddie Dew
nm0242554,Eddie Dunn
nm0275310,Eddie Fetherston
nm1067072,Eddie Flowers
nm0325412,Eddie Golden
nm0355538,Eddie Hall
nm3064984,Eddie Pagayon
nm0745852,Eddie Rouse
nm3057735,Eddie Sunrise
nm0892455,Eddie Velez
nm0301841,Eddra Gale
nm0151356,Eddy Chandler
nm0304708,Eddy Ko
nm0593306,Eddy Mitchell
nm0711192,Eddy Rasimi
nm0574807,Edelen McWilliams
nm9355945,Edem Dela-Seshie
nm0105393,Edgar Brasil
nm13713309,Edgar Choueriri
nm0259230,Edgar Erikkson
nm8311288,Edgar Moore
nm10992425,Edgar O'Neal
nm15332568,Edi Reinalter
nm0781291,Edie Sedgwick
nm0513089,Edilson Lino
nm3030496,Edipolo Erosido
nm0155211,Edison Chen
nm1799073,Edith 'Little Edie' Bouvier Beale
nm0063643,Edith Bouvier Beale
nm0258611,Edith Erastoff
nm0262725,Edith Evans
nm7356603,Edith Irving
nm0557298,Edith Massey
nm0035690,Edith McLoud Armstrong
nm0576141,Edith Meeks
nm0776407,Edith Schultze-Westrum
nm0778568,Edith Scob
nm0064307,Edmond Beauchamp
nm0639529,Edmond O'Brien
nm0344933,Edmond T. Gréville
nm1494889,Edmund Bacon
nm0350324,Edmund Gwenn
nm0522926,Edmund Lowe
nm0531705,Edmund MacDonald
nm0595531,Edmund Moeschke
nm0078923,Edna Best
nm0234270,Edna Doré
nm0537899,Edna Maison
nm0646829,Edna May Oliver
nm0606512,Edna Morris
nm0701012,Edna Purviance
nm0220448,Edouard Dermithe
nm0431040,Edouard Joubeaud
nm0192576,Eduard Cupák
nm0291829,Eduard Franz
nm0463451,Eduard Kohout
nm0161862,Eduardo Ciannelli
nm0349490,Eduardo Gutiérrez
nm0609966,Eduardo Moure
nm0635330,Eduardo Noriega
nm5231366,Eduardo Paes
nm0664821,Eduardo Passarelli
nm0002158,Edvin Adolphson
nm0036427,Edward Arnold
nm16437947,Edward Barton Hamm
nm0080930,Edward Biby
nm0112395,Edward Brophy
nm1152564,Edward Caton
nm0152361,Edward Chapman
nm0166221,Edward Clements
nm0174978,Edward Connell
nm1200422,Edward Coyne
nm0262726,Edward Evans
nm0002143,Edward Everett Horton
nm0000064,Edward G. Robinson
nm0005767,Edward Lachman
nm0001570,Edward Norton
nm0641899,Edward O'Neal
nm3208044,Edward Pagan
nm0726585,Edward Rigby
nm0888000,Edward Van Sloan
nm0940919,Edward Woodward
nm1024084,Edwin Cary
nm0313948,Edwin Gerard
nm3374137,Edwin Norteye
nm1538754,Edwina Pattison Daniels
nm0383990,Eetu Hilkamo
nm1874421,Efimkin
nm16657490,Egil Danielsen
nm5595169,Ehsan Khoshbakht
nm1163219,Eiji Bandô
nm0298576,Eiji Funakoshi
nm0323530,Eiji Gô
nm0645402,Eiji Okada
nm0867391,Eijirô Tôno
nm0945836,Eijirô Yanagi
nm1671320,Eiko Higashitani
nm0559405,Eiko Matsuda
nm0594542,Eiko Miyoshi
nm1443771,Eiko Mizuhara
nm0613520,Eiko Muramatsu
nm0464584,Eiko Takamatsu
nm0847645,Eiko Takashiro
nm0644935,Eiko Ôhara
nm0189618,Eileen Crowe
nm0259841,Eileen Erskine
nm0670231,Eileen Peel
nm5757161,Eileen Thompson
nm0540924,Eily Malyon
nm0261967,Eimei Esumi
nm0043509,Einar Axelsson
nm0882788,Einar Vaage
nm0476615,Eino Kuusela
nm1688351,Einosuke Naka
nm0654712,Eitarô Ozawa
nm0793879,Eitarô Shindô
nm1474568,Eizaburo Oshima
nm0457551,Eizô Kitamura
nm0848974,Eizô Tanaka
nm12679429,Ejetaremi Ayotubu Michael
nm2150200,Ejike Asiegbu
nm0270149,Ejner Federspiel
nm0475528,Ekaterina Kupriyanova
nm1436766,Ekke Niiva
nm0373289,El Hedi ben Salem
nm1028044,El Sayed Bedeir
nm0684996,Ela Piplits
nm0144187,Elaine Cassidy
nm15100667,Elaine Featherstone
nm0157805,Elaine Jin
nm0834626,Elaine Stritch
nm0808112,Elbert Smith
nm0165897,Eldridge Cleaver
nm0662223,Eleanor Parker
nm0022821,Elena Altieri
nm0266676,Elena Fancera
nm0355547,Elena Hall
nm4663718,Elena Lietti
nm0713740,Elena Rea
nm0958904,Elena Zvaríková
nm0069059,Eleonora Bellinzaghi
nm0744103,Eleonora Rossi Drago
nm0376720,Eleonore Hendricks
nm0026130,Elga Andersen
nm0814740,Elga Sorbas
nm4463319,Elham Imani
nm0368522,Eli Hasson
nm0211154,Elia De Rio Ene
nm0000480,Elias Koteas
nm16219726,Elijah Perry
nm6567391,Elijah Smith
nm0479626,Elina Labourdette
nm0530581,Elina Löwensohn
nm0758825,Elina Salo
nm16165835,Elio Lunetta
nm0538472,Eliot Makeham
nm0028042,Elisa Andrade
nm0090481,Elisa Bocanegra
nm0159976,Elisa Galvé
nm0537706,Elisa Mainardi
nm0869850,Elisa Tovati
nm1179036,Elisabete Piecho
nm0074949,Elisabeth Bergner
nm0159770,Elisabeth Christensen
nm0220015,Elisabeth Depardieu
nm0274796,Elisabeth Ferrier
nm0711659,Elisabeth Rath
nm0873142,Elisabeth Trissenaar
nm0901492,Elisabeth Volkmann
nm0919545,Elisabeth Welch
nm3336147,Elisabetha Pejcinoska
nm0042049,Elise Aulinger
nm0684773,Elith Pio
nm3250036,Eliza Douglas
nm0019922,Elizabeth Allan
nm0000931,Elizabeth Berridge
nm0077397,Elizabeth Berrington
nm0154406,Elizabeth Chauvin
nm0242848,Elizabeth Dunne
nm0249489,Elizabeth Edmonds
nm1114167,Elizabeth Hardwick
nm1153208,Elizabeth Kashy
nm0571126,Elizabeth McKechnie
nm0666201,Elizabeth Patterson
nm0668473,Elizabeth Paynter
nm0113508,Elizabeth Saunders
nm0783288,Elizabeth Sellars
nm11202692,Ella Apekum
nm15703321,Ella Bothner-By
nm0707048,Ella Raines
nm10386337,Ella Øverbye
nm1294664,Ellar Coltrane
nm0000289,Ellen Barkin
nm0061798,Ellen Bauer
nm13253444,Ellen Brockhöft
nm0237655,Ellen Drew
nm6329383,Ellen Dunham-Jones
nm0267833,Ellen Farner
nm0311619,Ellen Geer
nm0147803,Ellen Hartman-Cederström
nm0568375,Ellen McElduff
nm0927145,Ellen Widmann
nm0944352,Elli Xanthaki
nm0860112,Ellia Thompson
nm1689758,Ellie Fiscalini
nm2126265,Elliot Villar
nm4569986,Elliott Crosset Hove
nm0001285,Elliott Gould
nm0556699,Elliott Mason
nm1096997,Ellis Griffin
nm0439546,Elma Karlowa
nm0932874,Elmar Wilms
nm0459619,Elmer Kline
nm1272486,Elmer Maas
nm0208885,Elmyr de Hory
nm0738782,Elo Romancík
nm0071744,Eloïse Bennett
nm0122360,Elsa Burnett
nm0247955,Elsa Ebbesen
nm0006471,Elsa Lanchester
nm0959113,Elsa Zylberstein
nm0235991,Elsie Downey
nm0351936,Elsie Haas
nm0906186,Elsie Wagstaff
nm1287504,Elva Hsiao
nm0704256,Elvira Quintillá
nm0004845,Elvis Costello
nm0875275,Elvis Tsui
nm0111672,Elwyn Brook-Jones
nm11116105,Elyce Bonnell
nm0508170,Elza Lezhdey
nm0419182,Elzbieta Jasinska
nm17635845,Elín Ósk Óskarsdóttir
nm1279852,Emanuel Jørgensen
nm0136211,Emanuela Pala Carboni
nm9014660,Emeka Nwagbaraocha
nm0411688,Emi Itô
nm0793867,Emi Shindô
nm0014932,Emiko Aizawa
nm0044447,Emiko Azuma
nm3706402,Emiko Iwasaki
nm0944941,Emiko Yagumo
nm0280759,Emil Fjellström
nm0368274,Emil Hass Christensen
nm0669546,Emil Iserle
nm0439202,Emil Karewicz
nm2486268,Emile Berling
nm0096376,Emile Boreo
nm0181702,Emile Coryn
nm0207108,Emile de Antonio
nm0715127,Emiliano Redondo
nm0836828,Emiliano Suarez
nm0162242,Emilio Cigoli
nm0000389,Emilio Estevez
nm0284900,Emilio Fontana
nm0307404,Emilio Garibay
nm0349427,Emilio Gutiérrez Caba
nm2632125,Emily Cass McDonnell
nm0160823,Emily Chu
nm0406715,Emitaro Ichikawa
nm0930539,Emlyn Williams
nm13362513,Emma Albright
nm14598151,Emma Avena
nm0148706,Emma Cerná
nm0242562,Emma Dunn
nm0309558,Emma Gates
nm0334515,Emma Gramatica
nm0671774,Emma Penella
nm0738139,Emma Roldán
nm0004381,Emma de Caunes
nm0758406,Emmanuel Salinger
nm0774966,Emmanuel Schotté
nm0060651,Emmanuelle Bataille
nm0073384,Emmanuelle Bercot
nm0000322,Emmanuelle Béart
nm0154299,Emmanuelle Chaulet
nm0213412,Emmanuelle Debever
nm0222922,Emmanuelle Devos
nm0479608,Emmanuelle Laborit
nm0728938,Emmanuelle Riva
nm0274548,Empar Ferrer
nm12387727,Empress Kojun
nm0428039,Emrys Jones
nm0832558,Emy Storm
nm0904700,Emília Vásáryová
nm0821895,Enid Stamp-Taylor
nm0127102,Enikö Börcsök
nm1724512,Enji Ichikawa
nm2852870,Enno Trebs
nm0031415,Enrica Antonioni
nm0245979,Enrica Dyrell
nm0323010,Enrico Glori
nm0758066,Enrico Maria Salerno
nm0647218,Enrico Olivieri
nm0895766,Enrico Viarisio
nm9393723,Enrique Argüello
nm0409820,Enrique Irazoqui
nm0515424,Enrique Lizalde
nm0524468,Enrique Lucero
nm0708048,Enrique Rambal
nm0215415,Enrique del Campo
nm0258242,Enzo Enzo
nm0276417,Enzo Fiermonte
nm0417797,Enzo Jannacci
nm0821543,Enzo Staiola
nm0878090,Enzo Turrin
nm0899868,Enzo Vitale
nm0258602,Erasmo Pascual
nm9311743,Erdem Senocak
nm0008937,Eric Abraham
nm0009061,Eric Abrahamsson
nm0019924,Eric Allan
nm0026133,Eric Andersen
nm0062010,Eric Baugin
nm0089314,Eric Blore
nm0160452,Eric Christmas
nm0201121,Eric DaRe
nm0255475,Eric Elmosnino
nm0712819,Eric Jody Ray
nm0467601,Eric Kot
nm16484348,Eric Liddell
nm0560560,Eric Maturin
nm0562805,Eric Mayne
nm8560408,Eric Obinna
nm3043863,Eric Pedersen
nm0692439,Eric Portman
nm0772479,Eric Schlumberger
nm0874676,Eric Tsang
nm12964667,Eric W. Davis
nm0918504,Eric Weinthal
nm11811212,Erica
nm2807447,Erich Borchmeyer
nm0351509,Erich Gühne
nm0074698,Erik 'Bullen' Berglund
nm13574477,Erik Almlof
nm15334680,Erik Blomgren
nm2673611,Erik Gustafsson
nm0375167,Erik Hell
nm0618017,Erik Mørk
nm1840162,Erik Rutström
nm0776711,Erik Schumann
nm0833324,Erik Strandmark
nm3504161,Erik von Frenckell
nm0219875,Erika Dentzler
nm0496440,Erika Leder
nm0643861,Erika Oda
nm0687546,Erika Pluhar
nm0843883,Erika Szegedi
nm0814464,Eriko Sono
nm0848977,Eriko Tanaka
nm16546047,Erin Adele Clark
nm1290352,Erin Blackwell
nm0573501,Erin McMurtry
nm0656998,Erkki Pajala
nm0430746,Erland Josephson
nm0951532,Ermete Zacconi
nm0774325,Ernest B. Schoedsack
nm0091202,Ernest Boehm
nm0203701,Ernest Davies
nm0419589,Ernest Jay
nm1097879,Ernest Knight
nm0579972,Ernest Menzer
nm0857658,Ernest Thesiger
nm0868458,Ernest Torrence
nm0874139,Ernest Truex
nm0563432,Ernestine Mazurowna
nm0350884,Ernesto Gómez Cruz
nm0010958,Ernie Adams
nm0227669,Ernie Dingo
nm0187927,Erno Crisa
nm0252421,Ernst Eklund
nm0577112,Ernst Meister
nm0618890,Ernst Nadherny
nm0686035,Ernst Pittschau
nm0893952,Ernö Verebes
nm0850809,Erol Tas
nm0001554,Errol Morris
nm3087880,Erwan Bouroullec
nm0819265,Erwin Splettstößer
nm1429679,Erzsi Varga
nm0436012,Eskil Kalling
nm0631741,Esko Nikkari
nm0639227,Eslinda Núñez
nm0134193,Esma Cannon
nm0755810,Esmat Safavi
nm5599979,Esmat Vahedi
nm0672909,Esme Percy
nm0750879,Esmeralda Ruspoli
nm0460874,Esmond Knight
nm0747013,Esperanza Roy
nm0328151,Estanis González
nm0811777,Esteban Soberanes
nm0178800,Estelle Coppens
nm0260245,Esther Esche
nm0397284,Esther Howard
nm5249456,Esther LeBarre
nm0738354,Esther Rolle
nm1728895,Esther Sironneau
nm2087748,Esther-Marie Wiig
nm0163223,Estéban
nm0050264,Eszter Balint
nm0000160,Ethan Hawke
nm0110393,Ethel Broadhurst
nm0608572,Ethel Moses
nm0808180,Ethel Smith
nm0157255,Etienne Chicot
nm0214025,Etienne Decroux
nm0320761,Etienne Girardot
nm8624291,Etienne Mane
nm0406700,Etsuko Ichihara
nm0847114,Etsushi Takahashi
nm7582319,Etta
nm14643701,Ettore
nm0307909,Ettore Garofolo
nm0316282,Ettore Giannini
nm0543188,Ettore Manni
nm0804424,Eugen Skjønberg
nm0126021,Eugene Byrd
nm0148646,Eugene Cernan
nm0156072,Eugene Cherry
nm0513468,Eugene Lipinski
nm4206587,Eugene Pablo
nm0657874,Eugene Pallette
nm0798564,Eugene Silvain
nm0097718,Eugenia Bosânceanu
nm8658823,Eugenie Liu
nm1071685,Eun-joo Im
nm1149693,Eun-shim Lee
nm0085269,Eunice Black
nm0111979,Eunice Brooks
nm0311013,Eunice Gayson
nm0034754,Eva Aridjis Fuentes
nm2976649,Eva Bay
nm0074555,Eva Bergh
nm0098392,Eva Bosáková
nm0196992,Eva Dahlbeck
nm0377397,Eva Henning
nm0774678,Eva Ingeborg Scholz
nm0576888,Eva Maria Meineke
nm0559837,Eva Mattes
nm0578949,Eva Mendes
nm0609545,Eva Mottley
nm0636362,Eva Norvind
nm0711003,Eva Ras
nm0736359,Eva Roelens
nm0829959,Eva Stiberg
nm0833290,Evabritt Strandberg
nm0774880,Evald Schorm
nm0243019,Evan Dunsky
nm0627041,Evan Neumann
nm16417799,Evan Santiago
nm4740591,Evangelina Nelas
nm0677148,Evangeline Peterson
nm0336618,Eve Gray
nm0588322,Eve Miller
nm2756713,Evelisse 'Lilah' Ortiz
nm1174965,Evelyn Ashford
nm0073590,Evelyn Beresford
nm7582324,Evelyn Fleder
nm0695792,Evelyn Preer
nm0808189,Evelyn Smith
nm0225789,Evelyne Didi
nm6261881,Evelyne Egerer
nm0449166,Evelyne Ker
nm0797816,Everett Silas
nm0806041,Everett Sloane
nm0339573,Everley Gregg
nm0422392,Evgeniy Evstigneev
nm16659123,Evgeniy Kostin
nm0592491,Evgeniy Mironov
nm0856515,Evgeniy Teterin
nm0854367,Evgeniy Tilicheev
nm0881708,Evgeniy Urbanskiy
nm0955529,Evgeniy Zharikov
nm0297083,Ewa Fröling
nm0473109,Ewa Krzyzewska
nm0688666,Ewa Pokas
nm0001971,Ewen Bremner
nm12134650,Ezio Pascutti
nm0008867,Ezzat Abu Ouf
nm0252583,Ezzat El Alaili
nm0431922,F.J. McCormick
nm0236902,Fabia Drake
nm0274732,Fabien Ferreux
nm0521045,Fabien Loris
nm0596943,Fabienae Molière
nm0044865,Fabienne Babe
nm0349911,Fabienne Guyon
nm10743273,Fabiola Liper
nm0221612,Fabrice Desplechin
nm0524528,Fabrice Luchini
nm0746200,Fabrice Roux
nm1880549,Fabrice Scott
nm0740090,Fabrizio Rongione
nm0144667,Fabrizio Sergenti Castellani
nm0090111,Facundo Bo
nm14911876,Faezeh Rad
nm0150887,Fai-Hung Chan
nm0433012,Faime Jurno
nm0000103,Fairuza Balk
nm0111623,Faith Brook
nm0451831,Fakhri Khorvash
nm0615530,Fakir Musafar
nm0047842,Fakrul Hasan Boiragi
nm1233224,Fan Liao
nm0266652,Fan Mei-Sheng
nm9504923,Fan Zhang
nm1146767,Fang Lu
nm2007323,Fang Mei
nm0000272,Fanny Ardant
nm0182946,Fanny Cottençon
nm0072364,Faouzi Bensaïdi
nm15228577,Farangis Darabi
nm0765500,Farba Sarr
nm0451604,Farhad Kheradmand
nm0015244,Farhang Akhavan
nm0159129,Farid Chopel
nm0015638,Farid El-Atrash
nm0790096,Farid Shawqi
nm13247211,Farkhondeh Bavar
nm0335048,Farley Granger
nm0207392,Farnesio de Bernal
nm1951231,Farooq 'Duke' Muhammad
nm2083076,Farzin Mohades
nm0161213,Fat Chung
nm0357303,Faten Hamama
nm1370501,Fatim Diagne
nm0653454,Fatima Ouedraogo
nm0346358,Fausto Guerzoni
nm0591948,Fausto Mirabal
nm0047810,Fay Bainter
nm0174029,Fay Compton
nm0390189,Fay Holden
nm0942039,Fay Wray
nm0910947,Faye Wong
nm0000019,Federico Fellini
nm0527002,Federico Luppi
nm2798702,Fei Fei Feng
nm2572489,Fei Kao
nm7267984,Feiyang Luo
nm0217148,Fejria Deliba
nm0555093,Fele Martínez
nm7803259,Felicien Pinot
nm5836721,Felipe Bandeira
nm12949389,Felipe Rojas
nm0016166,Felipe de Alba
nm0043875,Felix Aylmer
nm0107795,Felix Bressart
nm0430587,Felix Joseph
nm0753947,Felix Römer
nm3122493,Feliz Cedano
nm0675066,Felton Perry
nm0073031,Femi Benussi
nm0268884,Femi Fatoba
nm0271799,Feng Hsu
nm0284608,Feng Tien
nm0950722,Fennie Yuen
nm0472654,Ferdinand Kruta
nm0595878,Ferdoos Mohammed
nm1747452,Ferenc Csík
nm0477570,Ferenc Kállai
nm0649746,Fereshteh Sadre Orafaiy
nm0097202,Ferike Boros
nm0718704,Fermí Reixach
nm2489510,Fermín Cacho
nm0077749,Fernand Berset
nm0153457,Fernand Charpin
nm13862093,Fernand Dalfin
nm0336380,Fernand Gravey
nm0496614,Fernand Ledoux
nm0005244,Fernanda Montenegro
nm0868639,Fernanda Torres
nm0272794,Fernandel
nm0013696,Fernando Aguirre
nm0037130,Fernando Arrabal
nm1286124,Fernando Benítez
nm0142914,Fernando Casanova
nm0147533,Fernando Cebrián
nm0216942,Fernando Delgado
nm0273178,Fernando Fernán Gómez
nm0657426,Fernando Palavicini
nm0196236,Fernando Ramos da Silva
nm0721073,Fernando Rey
nm0844765,Fernando Sánchez Polack
nm0868640,Fernando Torres
nm13588483,Fethi Baccouche
nm2853692,Fiammetta Olivieri
nm2904827,Fiddler Beers
nm0004242,Fidel Castro
nm0946157,Filipp Yankovskiy
nm0863599,Filippo Timi
nm1675549,Filippo Trojano
nm0192958,Finlay Currie
nm15332569,Finn Helgesen
nm0111031,Fiona Brody
nm0547067,Fiorella Mariani
nm0785389,Fiorenzo Serra
nm7184245,Fish Liew
nm0422936,Flaco Jiménez
nm0796395,Flaminia Siciliano
nm0281359,Flea
nm0166224,Flo Clements
nm0131338,Flora Cambi
nm0309267,Flora Gasper
nm0491573,Flora Lauten
nm0510429,Flora Lillo
nm0733460,Flora Robson
nm0787061,Flora Shabaviz
nm0280236,Flore Fitzgerald
nm0282653,Florelle
nm0201151,Florence Darel
nm0140316,Florence Delay
nm0431647,Florence Griffith Joyner
nm0353848,Florence Haguenauer
nm5681967,Florence Lee
nm0674340,Florence Pernel
nm0656541,Florent Pagny
nm0216169,Florian Delain
nm0157242,Florinda Chico
nm1450943,Florita Peres
nm0448033,Florynce Kennedy
nm11811200,Floyd
nm0413523,Floyd Jackson
nm0565989,Floyd McClure
nm0585919,Flávio Migliaccio
nm0477558,Flóra Kádár
nm8624290,Fode Cambay
nm0525793,Folco Lulli
nm0839212,Folke Sundquist
nm0514922,Fong Lui
nm0129710,Forbes Caldwell
nm0922068,Ford West
nm0001845,Forest Whitaker
nm9045156,Fort Worth Symphony Orchestra
nm10708744,Fortune Nwafor
nm0252678,Fouzia El Kader
nm0289051,Fox Harris
nm0665186,Franca Pasut
nm0688975,Franca Polesello
nm0036181,France Arnel
nm0216144,France Delahalle
nm0750114,France Rumilly
nm0214168,Frances Dee
nm0270766,Frances Feist
nm0000531,Frances McDormand
nm0595633,Frances Moffett
nm0866626,Frances Tomelty
nm0172311,Francesca Collins
nm0605432,Francesca Moriggi
nm0897600,Francesca Villa
nm0130321,Francesco Callari
nm0210567,Francesco De Nicola
nm0326524,Francesco Golisano
nm0334892,Francesco Grandjacquet
nm0502947,Francesco Leonetti
nm0516216,Francesco Lo Briglio
nm0231439,Francesco Maria Dominedò
nm14379071,Francesco Palombelli
nm1391143,Francesco Pirozzi
nm0749568,Francesco Ruiu
nm0075163,Francine Bergé
nm0263515,Francine Everett
nm0705072,Francine Racette
nm0049595,Francis Balchère
nm0212470,Francis De Wolff
nm1911179,Francis Dumoulin
nm0838066,Francis L. Sullivan
nm0497274,Francis Lee
nm0494407,Francis Lemaire
nm0514250,Francis Lister
nm0560022,Francis Matthews
nm0567756,Francis McDonald
nm0628757,Francis Ng
nm0719220,Francis Renaud
nm0783053,Francis Selleck
nm0076069,Francisco Bernal
nm9827174,Francisco Caño
nm0346852,Francisco Guijar
nm0525245,Francisco Lugo
nm0576327,Francisco Merino
nm0678089,Francisco Petrone
nm0682698,Francisco Pierrá
nm0704719,Francisco Rabal
nm0717592,Francisco Reiguera
nm8206307,Francisco Restrepo
nm0892997,Francisco Venegas
nm8206305,Francisco Zaldua
nm0669813,Franciszek Pieczka
nm4442364,Franck Falise
nm6648908,Franco Ceccarelli
nm0162948,Franco Citti
nm0264770,Franco Fabrizi
nm0337215,Franco Graziosi
nm0409421,Franco Interlenghi
nm12963526,Franco Morici
nm0626259,Franco Nero
nm0720381,Franco Ressel
nm2860345,Francoise Occipinti
nm0706780,Frangis Rahsepar
nm1027682,Frank Aderias
nm0012376,Frank Adonis
nm0012602,Frank Aendenboom
nm0007214,Frank Albertson
nm1070961,Frank Barnes
nm0065980,Frank Beddor
nm0083257,Frank Birch
nm0094894,Frank Bonner
nm0132100,Frank Campanella
nm0001008,Frank Capra
nm2302999,Frank Carey
nm0148144,Frank Cellier
nm0169067,Frank Coghlan Jr.
nm0174738,Frank Conlan
nm0175815,Frank Conroy
nm0269567,Frank Fay
nm0288990,Frank Fox
nm0962197,Frank Gehry
nm0317385,Frank Giering
nm0322163,Frank Glaubrecht
nm0348280,Frank Gunnell
nm0933415,Frank H. Wilson
nm0421028,Frank Jenks
nm16437938,Frank Josef Cuhel
nm0486967,Frank Lanning
nm0490224,Frank Latimore
nm0491225,Frank Laurent
nm0560024,Frank Matthews
nm0531577,Frank McCusker
nm0570451,Frank McHugh
nm0591800,Frank Minucci
nm0678693,Frank Pettingell
nm0678744,Frank Pettitt
nm0700084,Frank Puglia
nm0802352,Frank Singuineau
nm0839244,Frank Sundström
nm0862696,Frank Tickle
nm0903687,Frank Vosper
nm0001844,Frank Whaley
nm0938231,Frank Wolff
nm0628734,Frankie Chi-Hung Ng
nm0157741,Frankie Chi-Leung Chan
nm0245922,Frankie Dymon
nm0265670,Frankie Faison
nm0245579,Franklin Dyall
nm0659427,Franklin Pangborn
nm0148713,Frantisek Cerný
nm0213371,Frantisek Debelka
nm0277070,Frantisek Filipovský
nm1062360,Frantisek Havel
nm0467078,Frantisek Kosina
nm0468525,Frantisek Kovárík
nm0664596,Frantisek Paska
nm0716892,Frantisek Rehák
nm0718276,Frantisek Reinstein
nm0805711,Frantisek Slégr
nm0810646,Frantisek Smolík
nm0892430,Frantisek Velecký
nm0958903,Frantisek Zvarík
nm0344248,Franz Gruber
nm0473223,Franz-Otto Krüger
nm0836717,Franziska Stömmer
nm0075710,François Berléand
nm0079559,François Beukelaers
nm0154210,François Chattot
nm0167388,François Cluzet
nm5184640,François Courbin
nm0245974,François Dyrek
nm0320572,François Gir
nm0480711,François Lafarge
nm0483723,François Lamore
nm0504641,François Leterrier
nm0505159,François Levantal
nm0521041,François Loriquet
nm0537907,François Maisongrosse
nm0537922,François Maistre
nm0992648,François Monnié
nm0633758,François Nocher
nm0639054,François Négret
nm0647494,François Oloa Biloa
nm0673749,François Périer
nm0717025,François Reichenbach
nm0800143,François Simon
nm0000076,François Truffaut
nm16971330,François Vanderstraeten
nm0921608,François Wertheimer
nm0052017,François-Marie Banier
nm0036734,Françoise Arnoul
nm0073414,Françoise Berd
nm0078097,Françoise Bertin
nm0079284,Françoise Bette
nm0094959,Françoise Bonnet
nm0160532,Françoise Christophe
nm0233753,Françoise Dorléac
nm0264554,Françoise Fabian
nm0323855,Françoise Godde
nm0345774,Françoise Guégan
nm0495950,Françoise Lebrun
nm0699549,Françoise Prévost
nm0741147,Françoise Rosay
nm0894303,Françoise Verley
nm0948123,Françoise Yip
nm0035488,Fred Armisen
nm0000001,Fred Astaire
nm0075761,Fred Berman
nm1814112,Fred Brown
nm0226310,Fred Dietz
nm1978224,Fred Dixon
nm0237134,Fred Draper
nm2797574,Fred Dunsmore
nm0344059,Fred Groves
nm0001304,Fred Gwynne
nm0534045,Fred MacMurray
nm15334679,Fred Nilsson
nm0675525,Fred Personne
nm0000669,Fred Thompson
nm0911542,Fred Ward
nm0004365,Fred Williamson
nm0413528,Freda Jackson
nm0111985,Freddie Brooks
nm0428086,Freddie Jones
nm0671652,Freddie Pendavis
nm0714660,Freddie Redd
nm0835697,Freddie Stuart
nm0191544,Frederick Culley
nm0500588,Frederick Leister
nm0515986,Frederick Lloyd
nm0663737,Frederick Parslow
nm0089162,Frederick Vroom
nm0953414,Frederico Zardi
nm0903277,Frederik von Zichy
nm3727469,Frederique Lazard
nm0913444,Fredi Washington
nm0545298,Fredric March
nm0323479,Friedrich Gnaß
nm0496428,Friedrich von Ledebur
nm0632148,Fritiof Nilsson Piraten
nm0311764,Fritz Gehlen
nm0466776,Fritz Kortner
nm0500020,Fritz Leiber Jr.
nm0586404,Fritz Mikesch
nm0643997,Fritz Odemar
nm0921202,Fritz Wepper
nm13718292,Friðrik Friðriksson
nm13633905,Friðrik Hrafn Reynisson
nm0711326,Frode Rasmussen
nm7512462,Frédéric André
nm0091081,Frédéric Bodson
nm0245152,Frédéric Duvallès
nm0612913,Frédéric Munié
nm0693210,Frédéric Pottecher
nm0886125,Frédéric van den Driessche
nm0148471,Frédérique Cerbonnet
nm0270073,Frédérique Feder
nm0943088,Fu-Sheng Wu
nm0848978,Fudeko Tanaka
nm2020175,Fujiko Matsuzono
nm0945414,Fujiko Yamamoto
nm0367380,Fujio Harumoto
nm0837350,Fujio Suga
nm0865757,Fujio Tokita
nm1445533,Fukami Harue
nm0475837,Fukumi Kuroda
nm0533161,Fulton Mackay
nm0541113,Fulvia Mammi
nm17549901,Fumi Kojima
nm1063535,Fumie Kitahara
nm5381515,Fumiko Hirayama
nm1767861,Fumiko Katsuragi
nm0594470,Fumiko Miyata
nm0645502,Fumiko Okamura
nm0913796,Fumio Watanabe
nm0645826,Fumio Ôkura
nm0407420,Fumiyo Ikeda
nm0271792,Fung Fung
nm0025546,Fung Hak-On
nm2069901,Fung Si Yiu
nm0628756,Fung Woo
nm0297745,Fusako Fujima
nm1165302,Fusatarô Ishijima
nm0544798,Fuyuki Murakami
nm0631705,Fyodor Nikitin
nm0039916,Fábio Assunção
nm0941868,Félicité Wouassi
nm0273510,Félix Fernández
nm5525743,Félix Kysyl
nm0869043,Félix Tortorelli
nm0040545,Féodor Atkine
nm10452698,G. Ananthappa
nm12301080,G. Devyatova
nm0560614,G. Matvei
nm0892736,G. Velts
nm0939707,G. Wood
nm0611692,G.H. Mulcaster
nm14462664,G.V. Subbarao
nm0589613,Gabby Millgate
nm0023603,Gabriel Alw
nm0045865,Gabriel Bacquier
nm0000321,Gabriel Byrne
nm0881817,Gabriel Cosmin Urdes
nm0300388,Gabriel Gabrio
nm0322912,Gabriel Glissant
nm0323560,Gabriel Gobin
nm1071329,Gabriel Lampa
nm0336414,Gabriel de Gravone
nm5836723,Gabriela Santos da Rocha
nm0275213,Gabriele Ferzetti
nm0176342,Gabriella Conti
nm0320377,Gabriella Giorgelli
nm0657915,Gabriella Pallotta
nm0234264,Gabrielle Dorziat
nm0284870,Gabrielle Fontan
nm0741388,Gabrielle Rose
nm0230637,Gaby Dohm
nm0605851,Gaby Morlay
nm0826503,Gaby Stenberg
nm1017607,Gad Beck
nm0458749,Gad Klein
nm0305558,Gael García Bernal
nm0027894,Gaetano Autiero
nm0266621,Gaetano Famularo
nm0276979,Gaetano Grimaldi Filioli
nm0537380,Gaetano Kazuo Maida
nm0559858,Gaetano Matteucci
nm1666894,Gail Devers
nm4671104,Gail Story
nm0945416,Gaku Yamamoto
nm0710520,Galatea Ranzi
nm0723157,Galeazzo Riccardi
nm0440746,Galina Kasperovich
nm0468831,Galina Kozhakina
nm0952302,Galina Zakhurdaeva
nm0060610,Gangapada Basu
nm0620131,Ganjirô Nakamura
nm0601224,Gar Moore
nm0402451,Gareth Hunt
nm0402814,Garland Hunter
nm0069845,Garrett Bemer
nm0149942,Garry Chalk
nm0178041,Garry Cooper
nm0329340,Garry Goodrow
nm13400534,Gary Anderson
nm0045467,Gary Bachlund
nm1595636,Gary Bettenhausen
nm0093138,Gary Bolling
nm0000997,Gary Busey
nm0155006,Gary Chekchak
nm2486271,Gary Davis
nm0001200,Gary Farmer
nm3173142,Gary Feldman
nm0531722,Gary McDonald
nm0571228,Gary McKeehan
nm0581282,Gary Merrill
nm0000198,Gary Oldman
nm0713267,Gary Raymond
nm0723649,Gary Rich
nm0787587,Gary Shail
nm0542009,Gaspard Manesse
nm15521171,Gaston Doumergue
nm0299943,Gaston Gabaroche
nm0415199,Gaston Jacquet
nm0595321,Gaston Modot
nm0578247,Gastón Melo
nm0334438,Gawn Grainger
nm0788375,Gaye Shannon-Burnett
nm0515988,Gaylord Lloyd
nm0549201,Ged Marlon
nm0312040,Gela Geisler
nm3732272,Gen Harada
nm0454077,Gen Kimura
nm0793643,Gen Shimizu
nm0001687,Gena Rowlands
nm16631207,Gendan Marphew
nm0078517,Gene Bervoets
nm0186081,Gene Crain
nm0201174,Gene Darfler
nm0262775,Gene Evans
nm0000432,Gene Hackman
nm17345705,Gene Lindsay
nm0516876,Gene Lockhart
nm0684161,Gene Pingatore
nm0749298,Gene Ruffini
nm0921881,Gene Wesson
nm0181461,Generoso Cortini
nm1013337,Geneviève Cadix
nm0167346,Geneviève Cluny
nm0183142,Geneviève Cottreel
nm0284974,Geneviève Fontanel
nm0303593,Geneviève Galéa
nm0501501,Geneviève Lemon
nm0594885,Geneviève Mnich
nm0656180,Geneviève Page
nm0857448,Geneviève Thénier
nm0891333,Geneviève Vauzeilles
nm0900398,Geneviève Vix
nm9377342,Gengxi Li
nm0685406,Gennaro Pisano
nm1039086,Gentaro Nakajima
nm0844938,Genís Sánchez
nm14326523,Geo Aur
nm0398379,Geoff Hoyle
nm0001933,Geoffrey Bayldon
nm0390305,Geoffrey Holder
nm0404232,Geoffrey Hutchings
nm0444584,Geoffrey Keen
nm0729060,Geoffrey Rivas
nm0912066,Geoffrey Wardwell
nm1211251,Geoffroy Gaussen
nm13574476,Georg Aberg
nm0088382,Georg Blickingberg
nm0295429,Georg Friedrich
nm0298777,Georg Funkquist
nm0435281,Georg Kajanus
nm0530621,Georg Løkkeberg
nm0753062,Georg Rydeberg
nm0959813,Georg Årlin
nm3549827,George Atutubo
nm0043946,George Ayoub
nm0048468,George Baker
nm0051628,George Bancroft
nm0053616,George Barbier
nm0058496,George Bartenieff
nm0083785,George Birt
nm0107575,George Brent
nm11740743,George Broussard
nm0138791,George Carney
nm0001995,George Chakiris
nm0166477,George Cleveland
nm0000123,George Clooney
nm1808264,George Cole
nm0173436,George Colvin
nm0175147,George Conner
nm0193633,George Curzon
nm0204639,George Davis
nm0222627,George Devine
nm0224501,George Dialegmenos
nm0242574,George Dunn
nm0001169,George Dzundza
nm0831889,George E. Stone
nm2805628,George Eagles
nm0286040,George Foreman
nm0313953,George Gerard
nm17345714,George Geyer
nm0003420,George Grossmith
nm0001313,George Hamilton
nm0365600,George Harrison
nm0821904,George Haymid Stamper
nm0383318,George Higgins
nm0391835,George Holmes
nm0438939,George Karas
nm0466916,George Kosana
nm5570398,George L. Bolton
nm0482614,George Lam
nm0486922,George Lannan
nm0528685,George Lynn
nm1126657,George MacKay
nm0534317,George Macready
nm4852188,George Malebye
nm0576120,George Meeker
nm0581416,George Merritt
nm0593355,George Mitchell
nm0604680,George Morgan
nm2319722,George Ooppee McCurn
nm0664916,George Passmore
nm0664965,George Pastell
nm0000577,George Peppard
nm0687321,George Plimpton
nm0709850,George Randol
nm0001660,George Reeves
nm1855281,George Remes
nm0745528,George Roubicek
nm9045158,George Russell
nm0001695,George Sanders
nm0783616,George Selway
nm0783810,George Seminara
nm0826888,George Stephanopoulos
nm0838708,George Summers
nm0865776,George Tokoro
nm0958345,George Zucco
nm0016249,Georges Alban
nm0079700,Georges Bever
nm0087442,Georges Blaness
nm3638210,Georges Boidin
nm0150115,Georges Chamarat
nm0195490,Georges D'Arnoux
nm0000016,Georges Delerue
nm0221107,Georges Descrières
nm0280961,Georges Flamant
nm0340574,Georges Grey
nm1130932,Georges Guéret
nm0350196,Georges Géret
nm0383765,Georges Hilarion
nm0449452,Georges Kern
nm0545352,Georges Marchal
nm0560915,Georges Mauloy
nm0599020,Georges Montant
nm0665967,Georges Patrix
nm1734895,Georges Pompidou
nm0693560,Georges Poujouly
nm0745801,Georges Rouquier
nm0879412,Georges Térof
nm0900104,Georges Vitray
nm0064676,Georges de Beauregard
nm1414988,Georgette Baudry
nm0214172,Georgette Dee
nm16437953,Georgia Coleman
nm0354913,Georgia Hale
nm0354914,Georgina Hale
nm0217239,Georgiy Deliev
nm14837867,Gerald Bryson
nm0143207,Gerald Case
nm0342517,Gerald Grippo
nm0416523,Gerald James
nm0238901,Gerald du Maurier
nm0001036,Geraldine Chaplin
nm0280242,Geraldine Fitzgerald
nm0355608,Geraldine Hall
nm0416524,Geraldine James
nm0215805,Geraldo Del Rey
nm0538922,Gerard Malanga
nm0574561,Gerard McSorley
nm0662730,Gerard Parkes
nm0918994,Gerard Weiss
nm0896963,Gerardo Vigil
nm0027676,Gerd Andersson
nm12389532,Gerd Bonk
nm6261882,Gerda Hartl
nm0526410,Gerda Lundequist
nm0349165,Gerhard Gutberlet
nm0042257,Germaine Aussey
nm0339442,Germaine Greer
nm0599430,Germaine Montero
nm0720736,Germaine Reuver
nm0167962,Germán Cobos
nm0706551,Gerome Ragni
nm13400417,Gerry Ashworth
nm0051482,Gerry Bamman
nm0060442,Gert Bastian
nm0002085,Gert Fröbe
nm0294892,Gertrud Fridh
nm0492775,Gertrude Lawrence
nm0615671,Gertrude Musgrove
nm9611155,Geun-Bo Im
nm0899840,Geymond Vital
nm0315700,Ghislain Ghesquère
nm0639152,Ghita Nørby
nm0298889,Giacomo Furia
nm0300341,Giacomo Gabrielli
nm0603088,Giacomo Morante
nm0754990,Giampaolo Saccarola
nm0002231,Gian Maria Volontè
nm0244040,Gian Paolo Durgar
nm0211246,Giancarlo De Rosa
nm0002064,Giancarlo Esposito
nm0696650,Giancarlo Previati
nm1148366,Giandomenico Davoli
nm0408238,Gianfelice Imparato
nm0136253,Gianfilippo Carcano
nm1106808,Gianfranco Bellini
nm0535697,Gianfranco Magalotti
nm0687930,Gianfranco Poddighe
nm0261161,Giani Esposito
nm0315986,Gianna Giachetti
nm0768689,Gianna Paola Scaffidi
nm0307491,Gianni Garko
nm0615698,Gianni Musy
nm0726016,Gianni Ridolfi
nm0034506,Giannis Argyris
nm1565823,Giant Baba
nm0343520,Gib Grossac
nm0572324,Gibb McLaughlin
nm0949574,Gig Young
nm0939075,Gigi Suk Yee Wong
nm0165137,Gil Clary
nm0284809,Gil Fontaine
nm0934892,Gil Winfield
nm0903212,Gila von Weitershausen
nm0248811,Gilbert Edard
nm0256298,Gilbert Emery
nm0271540,Gilbert Felmar
nm0317771,Gilbert Gil
nm0526026,Gilbert Luna
nm0698461,Gilbert Prousch
nm0406911,Gilberto Idonea
nm0609923,Gilberto Moura
nm0336660,Gilda Gray
nm0033415,Gilles Arbona
nm0169398,Gilles Cohen
nm0546621,Gilles Margaritis
nm0252831,Gillian El-Kadi
nm0000153,Gina Gershon
nm0518178,Gina Lollobrigida
nm0540352,Gina Malo
nm0544539,Gina Manès
nm0556145,Gina Mascetti
nm0571160,Gina McKee
nm4944410,Gina Tandura
nm10744823,Ginette Allègre
nm0305487,Ginette Garcin
nm0309878,Ginette Gaubert
nm0496185,Ginette Leclerc
nm0355610,Ginger Hall
nm2503267,Ginger Michels
nm0491701,Gino Lavagetto
nm0759031,Gino Saltamerenda
nm0782850,Ginzô Sekiguchi
nm0678469,Gio Petré
nm12731674,Gio Ventura
nm0012829,Giorgio Agamben
nm0560908,Giorgio Maulini
nm0664671,Giorgio Pasotti
nm0283029,Giovani Florido
nm0162243,Giovanna Cigoli
nm0302815,Giovanna Galletti
nm0302853,Giovanna Galli
nm0583856,Giovanna Mezzogiorno
nm0707728,Giovanna Ralli
nm0780012,Giovanna Scotto
nm0024154,Giovanni Amato
nm0780091,Giovanni Ivan Scratuglia
nm6350085,Giovanni Petrucci
nm0850190,Giovanni Tarallo
nm0264859,Gisela Fackeldey
nm0653244,Gisela Otto
nm0880187,Gisela Uhlen
nm0901667,Giselda Volodi
nm0558637,Gisella Mathews
nm0035277,Gisken Armand
nm0334928,Gisèle Grandpré
nm0342272,Gisèle Grimm
nm1132400,Gisèle Halimi
nm0212542,Gita Dey
nm0315545,Gita Ghatak
nm0747030,Gitali Roy
nm0728404,Giuditta Rissone
nm0097817,Giulia Boschi
nm0556399,Giulietta Masina
nm0131036,Giulio Calì
nm0157058,Giulio Chiari
nm0866463,Giulio Tomasini
nm0011732,Giuseppe Addobbati
nm0109257,Giuseppe Brignoli
nm0129317,Giuseppe Calandra
nm9400978,Giuseppe De Domenico
nm0313070,Giuseppe Gentile
nm0596900,Giuseppe Molino
nm0881098,Giuseppe Ungaretti
nm0086560,Gladys Blake
nm0178066,Gladys Cooper
nm0789742,Glen Byam Shaw
nm0147070,Glen Cavender
nm1932800,Glen Ingram
nm9543502,Glenda Hydler
nm0413559,Glenda Jackson
nm0565499,Glenn McCauley
nm0077425,Gloria Berrocal
nm0287825,Gloria Foster
nm0592005,Gloria Miralles Ruiz
nm0847993,Gloria Talbott
nm0424318,Glynis Johns
nm0416528,Godfrey James
nm0853607,Godfrey Tearle
nm0311731,Gogi Gegechkori
nm0451574,Gohar Kheirandish
nm0615930,Golam Mustafa
nm0576954,Golda Meir
nm13422025,Goldie Brown
nm0014439,Gopa Aich
nm5574053,Gopal Sen
nm1336552,Goran Kostic
nm0705788,Gordana Radosavljevic
nm0066716,Gordon Begg
nm0077553,Gordon Berry
nm17549906,Gordon Glover Dunn
nm0372649,Gordon Heath
nm3571189,Gordon Henwood
nm0413561,Gordon Jackson
nm0572808,Gordon McLeod
nm0941315,Gordon Michael Woolvett
nm0376724,Gorman Hendricks
nm0616163,Gorô Mutsumi
nm1533194,Gorô Tarumi
nm0424167,Gottfried John
nm2841714,Gotye
nm14886110,Goudarzi
nm0020110,Grace Allardyce
nm0103242,Grace Bradley
nm11287162,Grace Chen
nm3501146,Grace Gummer
nm0354916,Grace Hayle
nm0005063,Grace Jones
nm11698933,Grace Potter
nm0808343,Grace Smith
nm4318170,Grace Yu
nm0951471,Grace Zabriskie
nm0096559,Graciela Borges
nm0840316,Grady Sutton
nm0005598,Grand L. Bush
nm0652777,Grande Otelo
nm0593372,Grant Mitchell
nm0060912,Granville Bates
nm0141599,Graydon Carter
nm0355621,Grayson Hall
nm5836722,Graziela Santos da Rocha
nm0303413,Graziella Galvani
nm0843772,Grazyna Szapolowska
nm3162825,Green on Red
nm0150908,Greg Chan
nm0190208,Greg Cruttwell
nm0314458,Greg Germain
nm7117662,Gregory Barker
nm0181141,Gregory Corso
nm0206753,Gregory Dayton
nm0835149,Gregory Stroud
nm0001256,Greta Garbo
nm1950086,Greta Gerwig
nm0000627,Greta Scacchi
nm0065423,Gretchen Becker
nm15332566,Gretchen Fraser
nm0001543,Gretchen Mol
nm0861189,Grethe Thordahl
nm0001162,Griffin Dunne
nm0428175,Griffith Jones
nm0017893,Grigoriy Aleksandrov
nm0121296,Grover Burgess
nm0197697,Grover Dale
nm0911329,Grzegorz Warchol
nm0039510,Grégoire Aslan
nm0171499,Grégoire Colin
nm13279799,Grímur Hlynsson
nm0616343,Guadalupe Muñoz Sampedro
nm2167342,Gualtiero Burzi
nm0876522,Gualtiero Tumiati
nm0147761,Gucken Cederborg
nm0112548,Gudrun Brost
nm10242788,Guerbe
nm0058011,Guerin Barry
nm3962906,Guerrino Campanilli
nm0055364,Guglielmo Barnabò
nm0550372,Guido A. Marsan
nm0016646,Guido Alberti
nm9822850,Guido Chiti
nm0816537,Guido Spadea
nm0288597,Guillaume Foutrier
nm0768251,Guillaume de Sax
nm0220750,Guillaume des Forêts
nm0246585,Guillermo Diaz
nm0246587,Guillermo Díaz
nm0877587,Guinevere Turner
nm0511950,Gunnar 'Knas' Lindkvist
nm0039612,Gunnar Asp
nm17549907,Gunnar Bergh
nm0085038,Gunnar Björnstrand
nm0491468,Gunnar Lauring
nm0648056,Gunnar Olsson
nm0803561,Gunnar Sjöberg
nm0960073,Gunnar Öhlund
nm0112560,Gunnel Broström
nm0511458,Gunnel Lindblom
nm4253107,Guo Pei
nm4897797,Gupi Banerjee
nm0502631,Gus Leonard
nm0573790,Gus McNaughton
nm0741410,Gus Rose
nm5961236,Guslagie Malanda
nm0345073,Gustaf Gründgens
nm0226158,Gustav Diessl
nm0392760,Gustav Holzapfel
nm0649121,Gustav Opocenský
nm0701296,Gustav Püttjer
nm0320399,Gustavo Giorgi
nm3354336,Gustavo Jahn
nm2145833,Gustavo Sumpta
nm0470699,Gusti Kreissl
nm0101777,Guy Boyd
nm0213948,Guy Decomble
nm0252768,Guy El Tsosie
nm0269423,Guy Favières
nm0339275,Guy Greenway
nm11092509,Guy James Gray
nm0529571,Guy Léger
nm0545383,Guy Marchand
nm0001602,Guy Pearce
nm1233896,Guy Picciotto
nm1351639,Guy Renault
nm0822058,Guy Standing
nm0894583,Guy Verney
nm0195547,Guy d'Avout
nm0772480,Guylaine Schlumberger
nm0248680,Gwen Eckhaus
nm0919924,Gwen Welles
nm0000569,Gwyneth Paltrow
nm0611525,Gyanesh Mukherjee
nm0190771,Gyula Csortos
nm0896944,Gyöngyvér Vigh
nm0246348,György Dénes
nm0478072,Gábor Ifj. Kun
nm0478071,Gábor Kun
nm14097795,Gáborné Kun
nm2244452,Géo Dugast
nm1135379,Gérald Bloncourt
nm0656768,Géraldine Pailhas
nm0056768,Gérard Barray
nm0086116,Gérard Blain
nm0102722,Gérard Brach
nm0201462,Gérard Darmon
nm0201635,Gérard Darrieu
nm0000367,Gérard Depardieu
nm0220908,Gérard Desarthe
nm0266028,Gérard Falconetti
nm2772624,Gérard Hardy
nm0379587,Gérard Hernandez
nm0388902,Gérard Hoffman
nm0432040,Gérard Jugnot
nm0303351,Gérard Landry
nm0487254,Gérard Lanvin
nm1213359,Gérard Lecomte
nm0679959,Gérard Philipe
nm0688572,Gérard Poirot
nm0845393,Gérard Séty
nm0441351,Gô Katô
nm0475838,Gô Kuroda
nm0726924,Gô Rijû
nm0511366,Göran Lindberg
nm0147785,Gösta Cederlund
nm0252472,Gösta Ekman
nm0252473,Gösta Ekman
nm0699604,Gösta Prüzelius
nm0389178,Günter Hoffmann
nm0483945,Günter Lamprecht
nm0679500,Günter Pfitzmann
nm0442316,Günther Kaufmann
nm0768360,H. Saxon-Snell
nm0355181,H.B. Halicki
nm0356265,H.B. Hallam
nm0912478,H.B. Warner
nm0036467,Haakon Arnold
nm0116756,Haakon Brusveen
nm0352653,Hachemi Haddad
nm0451221,Haidar Khan
nm0782952,Haile Selassie
nm0628955,Haing S. Ngor
nm0014120,Haj Ali Reza Ahmadi
nm2592178,Hajime Araki
nm3331495,Hajime Asô
nm6717340,Hajime Hamano
nm0359219,Hajime Hana
nm0412806,Hajime Izu
nm0467045,Hajime Koshikawa
nm0593053,Hajime Mitamura
nm0354650,Hakki Haktan
nm0354653,Hakuryû
nm0001358,Hal Holbrook
nm0484635,Hal Landers
nm0344798,Halina Gryglaszewska
nm0477171,Halina Kwiatkowska
nm0935089,Halina Winiarska
nm2282593,Halldór Laxness Halldórsson
nm13362511,Hallgeir Brenden
nm0387561,Halliwell Hobbes
nm0082211,Haluk Bilginer
nm0084917,Halvar Björk
nm5478509,Hamasuke Hisamatsu
nm10220245,Hamdi Selami Karaci
nm0014148,Hamdy Ahmed
nm0312072,Hamdy Gheith
nm15318630,Hamid Masoumi
nm1167945,Hamid Taati
nm0337246,Hammou Graïa
nm7658176,Hampus Nordenson
nm0359217,Han Chang
nm0359161,Han Hsieh
nm1623740,Han Ji-hye
nm0107011,Hana Brejchová
nm0455816,Hana Kino
nm0610726,Hana Mrozková
nm0805908,Hana Slivková
nm1145452,Hanan
nm0252770,Hanan Turk
nm3112266,Hang Hsu
nm1680092,Hang-Shuen So
nm0757465,Hani Salama
nm0003424,Hank Mann
nm8369600,Hanna Adelby
nm0043554,Hanna Axmann-Rezzori
nm0158911,Hanna Chojnacka
nm0778016,Hanna Schygulla
nm3892357,Hannah Chalmers
nm0330240,Hannah Gordon
nm0428193,Hannah Jones
nm0012994,Hanne Aagesen
nm0389687,Hannelore Hoger
nm0297219,Hannes Fuchs
nm0343031,Hannes Gromball
nm0415395,Hannes Jaenicke
nm3488813,Hannes Kolehmainen
nm4410976,Hannes de Boer
nm0702541,Hanno Pöschl
nm0957193,Hanns Zischler
nm0897170,Hannu Viholainen
nm0019244,Hans Alfredson
nm0870657,Hans Dieter Trayer
nm17549902,Hans Fritsch
nm0386630,Hans Hirschmüller
nm0388908,Hans Hofmann
nm0418579,Hans Jaray
nm0952870,Hans Zander
nm0089777,Hans-Christoph Blumenberg
nm0830105,Hans-Martin Stier
nm0718196,Hans-Peter Reinecke
nm0618177,Hanspeter Müller
nm0052329,Haradhan Bannerjee
nm3517779,Haradhan Basu
nm0392306,Harald Holst
nm0474063,Harald Kuhlmann
nm0938245,Harald Wolff
nm0930732,Harcourt Williams
nm0051836,Haren Banerjee
nm0154127,Haren Chatterjee
nm0722440,Hari Rhodes
nm0154128,Haridhan Mukherjee
nm5570266,Haridhan Nag
nm0006737,Hark Bohm
nm4997436,Harold Abrahams
nm12040766,Harold Bradley
nm0175654,Harold Conrad
nm0176693,Harold Conway
nm0284564,Harold Fong
nm0329467,Harold Goodwin
nm0406791,Harold Ickes
nm0443060,Harold Kay
nm0516001,Harold Lloyd
nm0686929,Harold Platts
nm0757138,Harold Sakata
nm0894447,Harold Vermilyea
nm0905920,Harold Wagner
nm0027683,Harriet Andersson
nm0861664,Harriet Thorpe
nm0424320,Harriette Johns
nm0000148,Harrison Ford
nm0087496,Harrod Blank
nm0014027,Harry Ahlin
nm0028674,Harry Andrews
nm13571781,Harry Babcock
nm0006781,Harry Baer
nm0047872,Harry Baird
nm0062428,Harry Baur
nm2827039,Harry Blain
nm0001013,Harry Carey Jr.
nm0188357,Harry Crocker
nm0003193,Harry Davenport
nm0001765,Harry Dean Stanton
nm0254041,Harry Ellerbe
nm0270767,Harry Feist
nm0341512,Harry Griffith
nm0179154,Harry H. Corbett
nm2227000,Harry Hadden-Paton
nm0376450,Harry Henderson
nm2227135,Harry Keen
nm0485354,Harry Lane
nm0548434,Harry Markham
nm0604702,Harry Morgan
nm0616729,Harry Myers
nm0039150,Harry S. Ashmore
nm0787141,Harry Shacklock
nm0869895,Harry Towb
nm0916903,Harry Webster
nm0366061,Harry-Max
nm0694403,Hartley Power
nm1416160,Hartmut Lerch
nm10514772,Haru Kim
nm0411377,Haruhi Iso
nm1555202,Haruhiko Tsuda
nm1982658,Haruko Chichibu
nm0441353,Haruko Katô
nm0837503,Haruko Sugimura
nm0870285,Haruko Toyama
nm0865590,Haruko Tôgô
nm6729130,Harumi Kajima
nm0814234,Harumi Sone
nm2362254,Haruo Inoue
nm1026081,Haruo Itoga
nm0840569,Haruo Suzuki
nm0848984,Haruo Tanaka
nm0847470,Harurô Takeda
nm0001213,Harvey Fierstein
nm0000172,Harvey Keitel
nm0674498,Harvey Perr
nm0894674,Harvey Vernon
nm7052856,Hasan Arab
nm11858751,Hasan Ay
nm12326649,Hasely Crawford
nm0005549,Haskell Wexler
nm0008134,Hassan Abdel Hamid
nm0200899,Hassan Darabi
nm0252578,Hassan El Adl
nm0404017,Hassan Husseiny
nm1711578,Hassan Kamel
nm1953394,Hassan Razvi
nm8759724,Hassan Rezai
nm0252603,Hassan el Baroudi
nm0252475,Hasse Ekman
nm8252618,Hassiba Boulmerka
nm0945650,Hatsuo Yamaya
nm0677961,Hay Petrie
nm0645468,Hayao Okamoto
nm5695722,Hayat Jubrail
nm16302282,Hayato Kurihara
nm0128844,Haydée Caillot
nm0689248,Haydée Politoff
nm0001539,Hayley Mills
nm1616820,Haym Richard Katz
nm2234136,Hazel Blears
nm0444753,Hazel Keener
nm3089956,Hazel Lisz
nm3474714,Hazel Orencio
nm7398514,Hazuki Kikuchi
nm5597264,He Du
nm0029456,Heather Angel
nm0065321,Heather Beckel
nm0001287,Heather Graham
nm0857124,Heather Thatcher
nm0864875,Heather Tobias
nm0002199,Hector Babenco
nm0253476,Hector Elias
nm0660560,Hector Pappaert
nm13402725,Hedhili Ben Boubaker
nm15332567,Hedy Schlunegger
nm5249199,Heena Sidhu
nm0800171,Heide Simon
nm1846480,Heidi Blänkner
nm0139355,Heidi Carpenter
nm0645537,Heihachirô Ôkawa
nm0450212,Heikki Keskinen
nm5165022,Heikki Savolainen
nm0340400,Heinrich Gretler
nm0071502,Heinz Bennent
nm1017932,Heinz Dörmer
nm0257269,Heinz Engelmann
nm1017959,Heinz F.
nm4489414,Heinz Fischer-Karwin
nm2775753,Heinz Maegerlein
nm0600552,Heinz Moog
nm0156078,Helen Cherry
nm0280250,Helen FitzGerald
nm0291285,Helen Frankenthaler
nm0293415,Helen Freeman
nm0370848,Helen Haye
nm0522013,Helen Lounck
nm0532997,Helen Mack
nm3028962,Helen Madden
nm0000545,Helen Mirren
nm0607609,Helen Morse
nm0752571,Helen Ryan
nm0001726,Helen Shaver
nm0875623,Helen Tubbs
nm0006742,Helen Vita
nm0031788,Helena Anýzová
nm0081414,Helena Bielicic
nm0000307,Helena Bonham Carter
nm0670675,Helena Pejsková
nm0752323,Helena Ruzicková
nm0037338,Helene Arrindell
nm0374022,Helene Heigh
nm0270041,Helga Feddersen
nm0805100,Helgi Skúlason
nm0897535,Helka Viljanen
nm0189342,Hella Petri
nm0231152,Helle Dolleris
nm0340926,Helmut Griem
nm16437946,Helmuth Körnig
nm0605786,Henning Moritzen
nm0012955,Henri Agel
nm0040933,Henri Attal
nm0097727,Henri Bosc
nm0190595,Henri Crémieux
nm0305488,Henri Garcin
nm9687540,Henri Gillespi
nm0347541,Henri Guisol
nm0479609,Henri Laborit
nm0483166,Henri Lambert
nm0545384,Henri Marchand
nm0579494,Henri Ménessier
nm0621974,Henri Nassiet
nm13256104,Henri Oreiller
nm1176339,Henri Piednoir
nm0688526,Henri Poirier
nm0690500,Henri Pons
nm0693814,Henri Poupon
nm0699990,Henri Puff
nm0738305,Henri Rollan
nm0766692,Henri Saulquin
nm0785676,Henri Serre
nm0832422,Henri Storck
nm0899403,Henri Virlojeux
nm0560751,Henri de Maublanc
nm0248485,Henri Échourin
nm0167241,Henri-Georges Clouzot
nm0400142,Henri-Jacques Huet
nm0122941,Henrietta Burnside
nm0350797,Henriette Gérard
nm0582972,Henriette Meya
nm0119939,Henrik H. Buljo
nm0539047,Henrik Malberg
nm2901650,Henrik Vikman
nm0057889,Henry A. Barrows
nm0065798,Henry Beckman
nm0074788,Henry Bergman
nm1200398,Henry Beylin
nm0104770,Henry Brandon
nm0128994,Henry Caine
nm0199787,Henry Daniell
nm0220193,Henry Der
nm0250038,Henry Edwards
nm0284566,Henry Fong
nm0761572,Henry G. Sanders
nm0312267,Henry Geldzahler
nm0355642,Henry Hall
nm0366321,Henry Hart
nm0470307,Henry Krauss
nm0491930,Henry Laverne
nm17345702,Henry Mills
nm0651791,Henry Oscar
nm0698207,Henry Proach
nm0738433,Henry Rollins
nm0798328,Henry Silva
nm0827261,Henry Stephenson
nm0833225,Henry Stram
nm0928295,Henry Wilcoxon
nm1746732,Henry Wolf
nm8198287,Henry Yepes
nm0887463,Henry van Lyck
nm0125287,Herb Butterfield
nm0459762,Herb Klinger
nm0522586,Herb Lovelle
nm0039557,Herbert Asmodi
nm0131593,Herbert Cameron
nm0420588,Herbert E. Jelley
nm0299439,Herbert Fux
nm0402121,Herbert Huncke
nm0007042,Herbert Lom
nm0518239,Herbert Lomas
nm0003339,Herbert Marshall
nm0636357,Herbert Norville
nm0826182,Herbert Steinmetz
nm0577019,Heribert Meisel
nm6796879,Herman Troeng
nm2364397,Hermann Zapf
nm0218659,Hermine Demoriane
nm0328583,Herminia Gonçalves
nm0045968,Hermione Baddeley
nm0357539,Hersh Hamel
nm0135629,Herson Capri
nm0241045,Hervé Duhamel
nm0298897,Hervé Furic
nm0334931,Hervé Grandsart
nm0783181,Hesham Selim
nm0191782,Heshimu Cumbuka
nm7582320,Heung-Heung Chin
nm0632967,Hideaki Nitani
nm0645202,Hideji Ôtaki
nm0847118,Hideki Takahashi
nm0442732,Hideko Kawaguchi
nm0590836,Hideko Mimura
nm0645659,Hideko Okiyama
nm0847301,Hideko Takamine
nm0948876,Hideko Yoshida
nm3119669,Hidemasa Shiozawa
nm5917491,Hideo Asami
nm0297793,Hideo Fujino
nm0438047,Hideo Kanze
nm0452315,Hideo Kidokoro
nm0461903,Hideo Kô
nm0605712,Hideo Murota
nm1555093,Hideo Sato
nm0837424,Hideo Sugawara
nm0839024,Hideo Sunazuka
nm0847291,Hideo Takamatsu
nm0632689,Hidetoshi Nishijima
nm0023862,Hideyo Amamoto
nm1244973,Hideyuki Kasahara
nm0395942,Hikaru Hoshi
nm5309802,Hikaru Tomoda
nm1655495,Hikaru Yamanouchi
nm1172448,Hikosaburo Kataoka
nm0051414,Hilary Bamberger
nm0390707,Hilary Holland
nm0063053,Hilda Bayley
nm0096737,Hilda Borgström
nm0466581,Hilda Koronel
nm0137320,Hildur Carlberg
nm0403608,Hillary Hurst
nm2056684,Hilmar Guðjónsson
nm0857150,Hilmar Thate
nm0250042,Hilton Edwards
nm5377756,Himeka Asami
nm0755725,Hinako Saeki
nm0948983,Hinano Yoshikawa
nm0744600,Hind Rostom
nm0436337,Hing-Yin Kam
nm0320762,Hippolyte Girardot
nm0445657,Hiram Keller
nm0386375,Hirohito
nm1213173,Hiroki Iwase
nm0074575,Hiroko Berghauer
nm0410719,Hiroko Isayama
nm0410997,Hiroko Ishii
nm0411694,Hiroko Itô
nm0442886,Hiroko Kawasaki
nm3727649,Hiroko Masuda
nm2126161,Hiroko Nakagawa
nm0793645,Hiroko Shimizu
nm1186378,Hiroko Sugita
nm0351334,Hiromi Gô
nm0559655,Hiromi Matsushita
nm0840578,Hiroo Suzuki
nm0008346,Hiroshi Abe
nm0015416,Hiroshi Akitsu
nm0015609,Hiroshi Akutagawa
nm0031878,Hiroshi Aoyama
nm1388823,Hiroshi Chiyoda
nm1080916,Hiroshi Chô
nm1340428,Hiroshi Fujikawa
nm0297800,Hiroshi Fujioka
nm0370621,Hiroshi Hayashi
nm0998200,Hiroshi Hijikata
nm0409466,Hiroshi Inuzuka
nm0411054,Hiroshi Ishikawa
nm3738220,Hiroshi Isogai
nm0442733,Hiroshi Kawaguchi
nm0463590,Hiroshi Koizumi
nm0464884,Hiroshi Kondô
nm0586345,Hiroshi Mikami
nm5196551,Hiroshi Mikura
nm0590906,Hiroshi Minami
nm4321194,Hiroshi Mizushima
nm0623162,Hiroshi Nawa
nm0631553,Hiroshi Nihon'yanagi
nm0634545,Hiroshi Noma
nm1792899,Hiroshi Satô
nm0846187,Hiroshi Tachikawa
nm0848991,Hiroshi Tanaka
nm7802139,Hiroshi Yokota
nm0645696,Hiroshi Ôkôchi
nm0442904,Hiroyuki Kawase
nm7398530,Hiroyuki Miura
nm0619227,Hiroyuki Nagato
nm0632734,Hiroyuki Nishimoto
nm0760796,Hiroyuki Sanada
nm0361667,Hisako Hara
nm0945544,Hisako Yamane
nm5486553,Hisanobu Ichikawa
nm0864797,Hisao Toake
nm1273452,Hisao Yoshitani
nm0407030,Hisashi Igawa
nm0411697,Hisaya Itô
nm0605662,Hisaya Morishige
nm1560345,Hisayo Mochizuki
nm1816818,Hisayoshi Yoshizawa
nm0475878,Hitomi Kuroki
nm0637603,Hitomi Nozoe
nm0766212,Hitomi Satô
nm1110861,Hitomi Shimizu
nm12318602,Hitoshi Omika
nm0847054,Hitoshi Takagi
nm0879957,Hitoshi Ueki
nm0846998,Hizuru Takachiho
nm0026158,Hjalmar 'Hjallis' Andersen
nm13574478,Hjalmar Andersson
nm0678534,Hjördis Petterson
nm4000889,Hobert Durham Jr.
nm1319395,Hoi-Pang Lo
nm0477071,Hoi-San Kwan
nm0497399,Hoi-Sang Lee
nm14643698,Hola
nm8645588,Holden Bernstein
nm0530571,Holger Löwenadler
nm1687731,Hollis Hanson
nm0014773,Holly Aird
nm10279357,Holly Anne Frink
nm0247237,Holly Earl
nm0000456,Holly Hunter
nm0259831,Homayoun Ershadi
nm4104670,Homer Abiad
nm11966263,Homer Brown
nm2504750,Homer Cheung
nm0632630,Homer Nish
nm0194638,Homero Cárpena
nm0481694,Hon Chi Lai
nm5491503,Hon-Sang So
nm0393157,Honey
nm0051817,Honey Bane
nm5133960,Honey Dijon
nm7144001,Hong-Chi Lee
nm0393287,Hongjian Hao
nm0910912,Hongwei Wang
nm0000303,Honor Blackman
nm0098215,Honoré Bostel
nm0625415,Hootie Nelson
nm0204706,Hope Davis
nm0390516,Hope Holiday
nm0001976,Horst Buchholz
nm2895729,Horton Barker
nm0267115,Hossain Farazmand
nm0754969,Hossain Sabzian
nm0440438,Hossein Kasbian
nm0722089,Hossein Rezai
nm0812895,Hossein Soleimani
nm0033259,Hosui Araya
nm3085912,Hotaru Nomoto
nm0476678,Houko Kuwashima
nm0417180,House Jameson
nm1784671,Hovhannes Minasyan
nm0019760,Howard Alk
nm0035728,Howard Armstrong
nm0204709,Howard Davis
nm0003318,Howard Duff
nm0344255,Howard Gruber
nm0874124,Howard Truesdale
nm0894677,Howard Vernon
nm0001924,Hoyt Axton
nm13321909,Hrafn Þráinsson
nm0019528,Hrant Alianak
nm12197636,Hridhu Haroon
nm0874607,Hristos Tsagas
nm0883505,Hristos Valavanidis
nm0155240,Hsi-Sheng Chen
nm0396284,Hsiao-Hsien Hou
nm0944594,Hsiu-Chiung Chiang
nm0510955,Hsiu-Ling Lin
nm0266755,Hsuan Fang
nm0398987,Huang Ha
nm1092104,Huatong Li
nm0220997,Hubert Deschamps
nm1096331,Hubert Drac
nm0317657,Hubert Gignoux
nm0401921,Hubert H. Humphrey
nm0468003,Hubert Koundé
nm0637643,Hubert Noël
nm0644819,Hubert Ogunde
nm0756651,Hubert Saint-Macary
nm0768788,Hubert Scales
nm0487779,Hubert de Lapparent
nm0813589,Huda Sultan
nm0035729,Hugh Armstrong
nm0120926,Hugh Burden
nm0218787,Hugh Dempster
nm0236180,Hugh Downs
nm0250046,Hugh Edwards
nm1080118,Hugh Graham
nm0403325,Hugh Hurd
nm0567521,Hugh McDermott
nm0639385,Hugh O'Brian
nm0654377,Hugh Owens
nm0699337,Hugh Pryse
nm0801630,Hugh Sinclair
nm0906775,Hugh Wakefield
nm0930776,Hugh Williams
nm0085021,Hugo Björne
nm4243249,Hugo Garzón
nm4745820,Hugo Tunnbindare
nm0703364,Hugues Quester
nm0265091,Huguette Faget
nm0900365,Huguette Vivier
nm4828872,Hui-Fen Chuang
nm0150921,Hui-Lou Chen
nm1952207,Hui-ni Hsu
nm0051116,Humbert Balsan
nm0783897,Humberto Sempere
nm0002025,Hume Cronyn
nm0000007,Humphrey Bogart
nm1296669,Hung Chun
nm0393297,Hung Hung
nm0141246,Hunter Carson
nm5249470,Hunting Horse
nm0265252,Hussein Fahmy
nm0722665,Hussein Riad
nm0550276,Hyla Marrow
nm0048523,Hylda Baker
nm3095484,Hyler Bracey
nm0906945,Hynden Walch
nm0090477,Hynek Bocan
nm14587028,Hyunjung Kim
nm0257932,Hyôe Enoki
nm0415720,Håkan Jahnberg
nm0922615,Håkan Westergren
nm0022765,Héctor Alterio
nm6029605,Héctor Aníbal
nm0712205,Héloïse Rauth
nm0122166,Hélène Burls
nm0226391,Hélène Dieudonné
nm0487592,Hélène Lapiower
nm0499126,Hélène Lefumat
nm0518009,Hélène Loiselle
nm0691860,Hélène Pors
nm0898653,Hélène Vincent
nm0543924,Héléna Manson
nm0031812,Hôhi Aoki
nm0455837,Hôka Kinoshita
nm0464587,Hôsei Komatsu
nm0462607,Hülya Koçyigit
nm0461904,I-Chen Ko
nm1354322,I. Babayan
nm0412045,I. Ivanov
nm15124656,Iago Xavier
nm0287156,Iaia Forte
nm0263967,Iain Ewing
nm0702928,Iain Quarrier
nm0000718,Ian Abercrombie
nm0153182,Ian Charleson
nm0000453,Ian Holm
nm0402842,Ian Hunter
nm0514282,Ian Liston
nm1235334,Ian MacKaye
nm0550918,Ian Marshall
nm0573862,Ian McNeice
nm0626009,Ian Nemser
nm0640079,Ian O'Connell
nm0819515,Ian Spowart
nm0938052,Ian Wolfe
nm2460292,Iazua Larios
nm6642711,Ibou Camara
nm0256061,Ibrahim Emarah
nm0274562,Ibrahim Ferrer
nm4243442,Ibrahim Ferrer Jr.
nm6243179,Ibrahim Shaddad
nm0101564,Ibrahima Boy
nm0032889,Ichirô Araki
nm0034889,Ichirô Arishima
nm0157119,Ichirô Chiba
nm4235402,Ichirô Hayami
nm0412728,Ichirô Izawa
nm0368049,Ichirô Nakatani
nm1166593,Ichirô Namiki
nm0645811,Ichirô Okuni
nm0793650,Ichirô Shimizu
nm0837360,Ichirô Sugai
nm0875368,Ichirô Tsukida
nm0950811,Ichirô Yûki
nm0952104,Ichirô Zaitsu
nm0093081,Icíar Bollaín
nm0287019,Ida Forsyne
nm0436706,Ida Kaminska
nm2032777,Ida Orliffe
nm0030495,Idalia Anreus
nm0024907,Idi Amin
nm7043624,Ifu Ennada
nm0006563,Iggy Pop
nm2234185,Ignacio Carballo
nm0529964,Ignacio López Tarso
nm0532672,Ignacy Machowski
nm0200246,Ignat Daniltsev
nm12326639,Ignatiy Novikov
nm6845744,Igor Danchuk
nm0476952,Igor Kvasha
nm0788707,Igor Sharapov
nm0843102,Igor Sykhra
nm12043261,Ikey Robinson
nm0768026,Ikio Sawamura
nm16047056,Ikuko Inoue
nm0617827,Ikuko Môri
nm0407548,Ikunosuke Koizumi
nm0126569,Ildikó Bánsági
nm0800837,Ileana Simova
nm0756178,Iliamane Sagna
nm0694906,Ilja Prachar
nm0001152,Illeana Douglas
nm7058266,Ilona Brezoianu
nm2438838,Ilona Gusenbauer
nm0350589,Ilona Györi
nm0083905,Ilse Bischofova
nm0011814,Ilunga Adell
nm0751881,Ilya Rutberg
nm0357491,Imad Hamdi
nm0408081,Iman
nm0718320,Imara Reis
nm0047712,Imogen Bain
nm0463130,Imogen Kogge
nm0923554,In-shik Hwang
nm0089654,Ina Blum
nm0747049,Indrapramit Roy
nm0034836,Ineko Arima
nm0627801,Inez Newell
nm0138092,Ing-Marie Carlsson
nm0123984,Inga Busch
nm0318676,Inga Gill
nm0484736,Inga Landgré
nm0862727,Inga Tidblad
nm0484737,Inge Landgut
nm0045479,Ingeborg Bachmann
nm0851416,Inger Taube
nm0882570,Inger Utsi
nm0386085,Ingetraud Hinze
nm0000005,Ingmar Bergman
nm0736599,Ingolf Rogde
nm0000006,Ingrid Bergman
nm0147061,Ingrid Caven
nm1461179,Ingrid Giæver
nm0823730,Ingrid Stassner
nm0862026,Ingrid Thulin
nm0349759,Ingvald Guttorm
nm0386335,Ingvar Hirdwall
nm0458047,Ingvar Kjellson
nm0797614,Ingvar Sigurdsson
nm0810550,Innokentiy Smoktunovskiy
nm0210217,Inês de Medeiros
nm6597853,Ioana Calota
nm0185629,Ioana Craciunescu
nm8097472,Iolanda Balas
nm0076432,Iolanda Bernardes
nm0300024,Ion Gabella
nm1717222,Ion Sapdaru
nm3434665,Ion Stoica
nm4944398,Ionut Ghinea
nm3226096,Ippei Shigeyama
nm0222048,Ira Deutchman
nm1101712,Ira Glass
nm11675500,Ira Jeffries
nm0755811,Iraj Safavi
nm0653649,Iran Outari
nm0409813,Iravatha
nm0434250,Irena Kacírková
nm0610729,Irena Mrozková
nm0013109,Irene Agnelli
nm0115008,Irene Browne
nm0127395,Irene Caba Alba
nm0147853,Irene Cefaro
nm0002050,Irene Dunne
nm0243110,Irene Dunye
nm0359566,Irene Handl
nm0660327,Irene Papas
nm0840002,Irene Sutcliffe
nm0888479,Irene Vanbrugh
nm0910709,Irene Wan
nm0345513,Irina Gubanova
nm0473432,Irina Kuberskaya
nm2245192,Irina Potapenko
nm2453508,Irina Saulescu
nm1067437,Iris Berry
nm0161515,Iris Churn
nm14598154,Iris Crosnier
nm0296753,Iris Fry
nm0379258,Irm Hermann
nm4924622,Irma Brown
nm0712173,Irma Tarkovskaya
nm0451234,Irrfan Khan
nm0001393,Irène Jacob
nm0804506,Irène Skobline
nm0876567,Irène Tunc
nm0753561,Irén Rácz
nm0395756,Irén Szajki
nm0274464,Isa Ferreiro
nm0592109,Isa Miranda
nm0688762,Isa Pola
nm0207218,Isaach De Bankolé
nm0136641,Isabel Cardoso
nm0212794,Isabel Dean
nm0318879,Isabel Gillies
nm0419978,Isabel Jeans
nm0422436,Isabel Jewell
nm0582332,Isabel Mestres
nm0751917,Isabel Ruth
nm4583383,Isabel Sandoval
nm0854440,Isabel Tellería
nm9016332,Isabela Catão
nm0000618,Isabella Rossellini
nm0000254,Isabelle Adjani
nm0179783,Isabelle Corey
nm0182349,Isabelle Costacurta
nm0001376,Isabelle Huppert
nm0513041,Isabelle Linnartz
nm3239107,Isabelle McNally
nm0719224,Isabelle Renauld
nm1477458,Isabelle Roche
nm0918315,Isabelle Weingarten
nm0208311,Isadora de Farias
nm0913460,Isaiah Washington
nm2595487,Isamar Gonzales
nm5477673,Isamu Horie
nm0467557,Isamu Kosugi
nm0619228,Isamu Nagato
nm0945320,Isamu Yamaguchi
nm0084477,Isao Bitô
nm0454087,Isao Kimura
nm0622409,Isao Natsuyagi
nm0637891,Isao Numasaki
nm0765783,Isao Sasaki
nm0848406,Isao Tamagawa
nm0945299,Isao Yamagata
nm0579289,Isaura Mendoza
nm3759061,Isen Ritchie
nm0065153,Isha Manna Beck
nm0858946,Isiah Thomas
nm2870521,Isidro Puig Boada
nm0581042,Ismael Merlo
nm0702186,Ismael Pérez
nm0224454,Ismaila Diagne
nm0255695,Isobel Elsom
nm0370069,Isobel Hawking
nm0058537,Isolde Barth
nm0744019,Isotta Rossellini
nm0202924,Israel Feres David
nm0551775,Israel Marti
nm0644521,Issei Ogata
nm0629198,Isseu Niang
nm0386724,István Hirtling
nm1372790,István Kaszás
nm0844204,István Szõke
nm0945222,Isuzu Yamada
nm3633294,Italia Frandi
nm0148179,Italo Celoro
nm3013062,Italo Renda
nm0361724,Itoko Harada
nm0913899,Itsuo Watanabe
nm0457215,Ittoku Kishibe
nm0418440,Iva Janzurová
nm0039336,Ivan Asic
nm1091878,Ivan Barnev
nm0090434,Ivan Bobrov
nm0104930,Ivan Brandt
nm0194653,Ivan Cândido
nm0221527,Ivan Desny
nm0228853,Ivan Dixon
nm0451569,Ivan Kheil
nm0460314,Ivan Klyukvin
nm0487553,Ivan Lapikov
nm0495519,Ivan Lebedeff
nm0645612,Ivan Okhlobystin
nm0658910,Ivan Palúch
nm0760176,Ivan Samson
nm0767832,Ivan Savkin
nm8700897,Ivan Sharan
nm0904562,Ivan Vyskocil
nm1143139,Ivan Yudin
nm0957352,Ivan Zivkovic
nm0206950,Ivan de Almeida
nm0439037,Ivana Karbanová
nm0667898,Ivana Pavlová
nm13253423,Ivar Ballangrud
nm5253311,Iver Innset
nm0896557,Ivica Vidovic
nm14554559,Ivo Cipci
nm0630636,Ivo Niederle
nm0055394,Ivor Barnard
nm0572220,Ivor McLaren
nm0637040,Ivor Novello
nm0731175,Ivor Roberts
nm3166756,Ivory Aquino
nm0167087,Ivy Close
nm0038960,Izumi Ashikawa
nm0044043,Izumi Ayukawa
nm0361669,Izumi Hara
nm0014524,Iñaki Aierra
nm4104461,Iñigo Vito
nm2841159,J. Battenfield
nm0619798,J. Carrol Naish
nm0111297,J. Edward Bromberg
nm0531759,J. Farrell MacDonald
nm4672277,J. Leubrie Hill
nm0556208,J. Mascis
nm0566445,J. Patrick McCormack
nm0573688,J. Patrick McNamara
nm0293422,J.E. Freeman
nm0731182,J.H. Roberts
nm0426666,J.J. Johnston
nm0662310,J.L. Parker
nm0449858,J.M. Kerrigan
nm1058147,J.R. Crumpton
nm0395020,J.R. Horne
nm1595327,JD Samson
nm2645786,Jacelyn Lobay
nm4205881,Jacinto Valenzuela
nm1033900,Jack Adams
nm1033905,Jack Alexander
nm0020600,Jack Allen
nm13301238,Jack Archer
nm0047323,Jack Baker
nm0000912,Jack Benny
nm0073596,Jack Beresford
nm0155477,Jack Chenault
nm0238563,Jack Drummond
nm0250057,Jack Edwards
nm0279926,Jack Fisk
nm0370144,Jack Hawkins
nm2259364,Jack Helmuth
nm0392442,Jack Holt
nm0398300,Jack Hoxie
nm0304709,Jack Kao
nm0458161,Jack Klaff
nm0472816,Jack Kruschen
nm0000493,Jack Lemmon
nm0520437,Jack Lord
nm0532290,Jack MacGowran
nm0573793,Jack McNaughton
nm0582213,Jack Messinger
nm0604720,Jack Morgan
nm0611804,Jack Mulhall
nm0614311,Jack Murphy
nm0620756,Jack Nance
nm0000197,Jack Nicholson
nm0642988,Jack Oakie
nm5249335,Jack Sankeydoty
nm0842641,Jack Swigert
nm0860233,Jack Thompson
nm0908685,Jack Wallace
nm0909668,Jack Walsh
nm0914673,Jack Watson
nm0928349,Jack Wild
nm0940631,Jack Woods
nm0915865,Jacki Weaver
nm0077449,Jackie Berroyer
nm0000329,Jackie Chan
nm0174393,Jackie Condon
nm0001067,Jackie Coogan
nm0193363,Jackie Curtis
nm0355097,Jackie Earle Haley
nm0296505,Jackie Frost
nm0425278,Jackie Johnson
nm0598358,Jackie Monnier
nm0703866,Jackie Quinn
nm0437332,Jackson D. Kane
nm3725393,Jackson Yee
nm0156484,Jacky Cheung
nm1146618,Jacob Becker
nm1315040,Jacob Lohmann
nm6796859,Jacob Ottander
nm0260178,Jacobo Escamilla
nm0025954,Jacqueline Andere
nm0000302,Jacqueline Bisset
nm0147487,Jacqueline Ceballos
nm0150674,Jacqueline Champi
nm0164801,Jacqueline Clarke
nm0199319,Jacqueline Dane
nm0217876,Jacqueline Delubac
nm0240728,Jacqueline Dufranne
nm0428288,Jacqueline Jones
nm0448080,Jacqueline Kennedy Onassis
nm0491238,Jacqueline Laurent
nm0537571,Jacqueline Maillan
nm0668940,Jacqueline Pearce
nm0688145,Jacqueline Poelvoorde-Pappaert
nm0745663,Jacqueline Rouillard
nm0760373,Jacqueline Samuda
nm0823943,Jacqueline Staup
nm0867233,Jacqueline Tong
nm0893329,Jacqueline Ventura
nm0036307,Jacques Arnna
nm0096293,Jacques B. Brunius
nm0061728,Jacques Bauduin
nm0062297,Jacques Baumer
nm0064720,Jacques Beauvais
nm0065442,Jacques Becker
nm0076248,Jacques Bernard
nm0099134,Jacques Boudet
nm16971334,Jacques Brassinne
nm0162791,Jacques Ciron
nm0219151,Jacques Denis
nm0220397,Jacques Derives
nm1559268,Jacques Develay
nm0232540,Jacques Doniol-Valcroze
nm0240638,Jacques Dufilho
nm0241545,Jacques Dumesnil
nm0244850,Jacques Dutronc
nm0248237,Jacques Ebner
nm0259896,Jacques Ertaud
nm0264429,Jacques Fabbri
nm0275203,Jacques Fervil
nm0276466,Jacques Fieschi
nm0291979,Jacques François
nm0300991,Jacques Gagnon
nm0303826,Jacques Gamblin
nm16374203,Jacques Gautrat
nm0344930,Jacques Grétillat
nm0362096,Jacques Harden
nm0385019,Jacques Hilling
nm0431025,Jacques Jouanneau
nm0482351,Jacques Lalande
nm0503761,Jacques Leroy
nm2365865,Jacques Levert
nm0545004,Jacques Marbeuf
nm0558976,Jacques Mathou
nm0598007,Jacques Monge
nm0603394,Jacques Moreau
nm0603600,Jacques Morel
nm0634500,Jacques Nolot
nm0644282,Jacques Oerlemans
nm0672269,Jacques Penot
nm0674742,Jacques Perrin
nm0677647,Jacques Petitjean
nm0719157,Jacques Renard
nm0722976,Jacques Riberolles
nm0726564,Jacques Rigaut
nm1049392,Jacques Romain
nm0791260,Jacques Shelly
nm0818686,Jacques Spiesser
nm0004244,Jacques Tati
nm0889668,Jacques Varennes
nm0896334,Jacques Vidal
nm0898317,Jacques Villeret
nm0900115,Jacques Vitry
nm0916616,Jacques Weber
nm0208503,Jacques de Féraudy
nm3739031,Jacquy Pfeiffer
nm6579438,Jady Choy
nm0070159,Jafar Panahi
nm14886113,Jafari
nm0415549,Jagathy Sreekumar
nm0436170,Jagoda Kaloper
nm0059395,Jahnu Barua
nm0272979,Jaime Fernández
nm0307809,Jaime Garza
nm0428294,Jake-Ann Jones
nm3617350,Jakub Gierszal
nm0416075,Jalaja
nm0011627,James Addams
nm0014484,James Aidan
nm0000790,James Arness
nm9143179,James Arthur Sims
nm0041405,James Aubrey
nm2464648,James Baker
nm0078940,James Best
nm0102880,James Bradbury Jr.
nm3228019,James Bright
nm0113768,James Brown
nm0140572,James Carrington
nm0142598,James Carville
nm0000336,James Coburn
nm0000342,James Cromwell
nm0749281,James D. Ruffin
nm0232571,James Donlan
nm0001166,James Duval
nm0245982,James Dyrenforth
nm15710980,James Earl Garrison
nm0000469,James Earl Jones
nm0250066,James Edwards
nm0281329,James Flavin
nm0290556,James Franco
nm0336128,James Grauerholtz
nm0336695,James Gray
nm0339834,James Gregory
nm0026849,James H. Anderson
nm0361995,James Harcourt
nm0393222,James Hong
nm4184816,James Howson
nm2028579,James Jordan
nm0439170,James Karen
nm0460939,James Knight
nm6530845,James Knowlson
nm0108281,James L. Brewster
nm0001457,James Le Gros
nm0524164,James Lucas
nm17459875,James Luckey Lange
nm0539109,James Malcolm
nm0000051,James Mason
nm0570758,James McIntyre
nm0571129,James McKechnie
nm0596246,James Moix
nm0624735,James Neill
nm2516090,James Norwood Pratt
nm0657070,James Pax
nm0680473,James Phillips
nm0705735,James Rado
nm0708892,James Ramsay
nm0714310,James Rebhorn
nm0433150,James Robertson Justice
nm0751638,James Russo
nm0821650,James Staley
nm0533006,James T. Mack
nm0862875,James Tien
nm0864812,James Toback
nm0898376,James Villiers
nm0000249,James Woods
nm0949662,James Young
nm0858977,Jameson Thomas
nm0005085,Jamie Kennedy
nm0568496,Jamie McEnnan
nm0864222,Jamie Tirelli
nm2576892,Jamison Green
nm0493517,Jamshid Layegh
nm2338833,Jan Bernard
nm0081100,Jan Biczycki
nm0081206,Jan Bidlas
nm0162118,Jan Ciecierski
nm0167520,Jan Cmíral
nm0213964,Jan Decorte
nm3156095,Jan Gehl
nm0250578,Jan Georg Effler
nm0313461,Jan George
nm0754031,Jan Gunnar Røise
nm0376265,Jan Hencz
nm0383188,Jan Hieronimko
nm0387914,Jan Hockey
nm0398702,Jan Hrusínský
nm0434140,Jan Kacer
nm0460254,Jan Klusák
nm0470130,Jan Kraus
nm0482963,Jan Lamb
nm0508925,Jan Libícek
nm0540300,Jan Malmsjö
nm0596415,Jan Molander
nm0615031,Jan Murray
nm0637434,Jan Nowicki
nm0682099,Jan Piechocinski
nm0726841,Jan Riha
nm0772700,Jan Schmid
nm0778027,Jan Schánilec
nm0804741,Jan Skotnicki
nm0830860,Jan Stöckl
nm0856227,Jan Tesarz
nm2974725,Jan Vasák
nm0903762,Jan Vostrcil
nm0921276,Jan Werich
nm0107012,Jana Brejchová
nm0246817,Jana Dítetová
nm2026762,Jana Hlavácková
nm0472774,Jana Krupicková
nm0636959,Jana Novaková
nm0657822,Jana Pallaske
nm0694908,Jana Pracharová
nm0695866,Jana Preissová
nm0825287,Jana Stehnová
nm0843426,Jana Synková
nm0953680,Jana Zatloukalová
nm0011038,Jane Adams
nm0046353,Jane Baer
nm0000945,Jane Birkin
nm0002034,Jane Darwell
nm0236185,Jane Downs
nm0248326,Jane Eccles
nm1817203,Jane Fellner
nm0278625,Jane Fire
nm0000404,Jane Fonda
nm1886964,Jane Galloway Heitz
nm0339452,Jane Greer
nm1829211,Jane Harrison
nm0001363,Jane Horrocks
nm0434223,Jane Kaczmarek
nm0548355,Jane Marken
nm0602285,Jane Mora
nm0682769,Jane Pierson
nm0709905,Jane Randolph
nm0741455,Jane Rose
nm0885175,Jane Vallis
nm0055079,Janet Bartley
nm3509397,Janet Bonney
nm1020466,Janet Evans
nm0401925,Janet Humphrey
nm0001463,Janet Leigh
nm2479653,Janet Morrison
nm0658281,Janet Palmer
nm0852532,Janet Taylor
nm0904076,Janez Vrhovec
nm4525883,Jang Hye-jin
nm1081501,Jang Il-shik
nm0271671,Janice Felty
nm0546516,Janie Marèse
nm0412992,Janina Jablonowska
nm0301515,Janusz Gajos
nm0658879,Janusz Paluszkiewicz
nm0827989,Janusz Sterninski
nm0392447,Jany Holt
nm0609984,Jany Mourey
nm0276910,Jardel Filho
nm0364813,Jared Harris
nm0474649,Jarl Kulle
nm0361570,Jaromír Hanzlík
nm0819998,Jaromír Spal
nm0901854,Jaromír Vomácka
nm0237315,Jaroslav Drbohlav
nm0546478,Jaroslav Mares
nm0609635,Jaroslav Moucka
nm0470999,Jaroslava Kretschmerová
nm0643308,Jaroslava Obermaierová
nm0769972,Jaroslava Schallerová
nm0834043,Jaroslava Stedra
nm15795275,Jason Anthony
nm7582323,Jason Berg
nm0076251,Jason Bernard
nm0391055,Jason Holliday
nm0001673,Jason Robards
nm0005403,Jason Schwartzman
nm2510922,Jason Stoval
nm0871515,Jason Traynor
nm0914327,Jason Watkins
nm0424326,Jasper Johns
nm12267769,Javad Rajavar
nm14359584,Javad Siyahi
nm0000849,Javier Bardem
nm2178881,Jay Abdo
nm0106319,Jay Brazeau
nm6474936,Jay Lynch
nm0666256,Jay Patterson
nm0887368,Jay Van Leer
nm0898377,Jay Villiers
nm0080149,Jaya Bachchan
nm1194086,Jayanto Chattopadhyay
nm11123883,Jayme Lawson
nm0183629,Jayne County
nm0543790,Jayne Mansfield
nm9852856,Jean
nm0000795,Jean Arthur
nm13422057,Jean Bartolini
nm0065449,Jean Becker
nm0066082,Jean Bediebe
nm0097174,Jean Borodine
nm0098959,Jean Bouchaud
nm0099366,Jean Bouise
nm0103113,Jean Bradin
nm0105457,Jean Brassat
nm0107914,Jean Bretonnière
nm0110494,Jean Brochard
nm0128130,Jean Cadell
nm0128414,Jean Caffeine
nm8792687,Jean Campbell
nm0138405,Jean Carmet
nm0150709,Jean Champion
nm0168413,Jean Cocteau
nm0171502,Jean Colin
nm0178961,Jean Coquelin
nm0202120,Jean Dasté
nm0213581,Jean Debucourt
nm0220852,Jean Desailly
nm0221589,Jean Despeaux
nm0231308,Jean Domarchi
nm11116107,Jean Donnelly
nm0234749,Jean Douchet
nm0239760,Jean Duceppe
nm0262402,Jean Eustache
nm0300064,Jean Gabin
nm0302540,Jean Galland
nm0311790,Jean Gehret
nm0319150,Jean Gillibert
nm10802257,Jean Guillard
nm0352806,Jean Hadgraft
nm0380965,Jean Hersholt
nm0448765,Jean Kent
nm0449191,Jean Keraudy
nm16971342,Jean Kestergat
nm11222310,Jean La Planche
nm0480273,Jean Lacouture
nm0486144,Jean Lange
nm0490937,Jean Launay
nm0498876,Jean Lefebvre
nm0501721,Jean Lenauer
nm0530787,Jean M'Vondo
nm0544786,Jean Marais
nm0545461,Jean Marchat
nm0552483,Jean Martin
nm0560991,Jean Maurel
nm0602093,Jean Moorhead
nm0613576,Jean Murat
nm0639058,Jean Négroni
nm0662335,Jean Parker
nm0664185,Jean Parédès
nm0217126,Jean Paul Delhumeau
nm0216216,Jean Philippe Delamarre
nm0683089,Jean Pignol
nm0688497,Jean Poiret
nm0701798,Jean Pélégri
nm0723823,Jean Richard
nm0734000,Jean Rochefort
nm0745625,Jean Rougerie
nm0766392,Jean Satterfield
nm0772159,Jean Schlegel
nm0781029,Jean Seberg
nm0785771,Jean Servais
nm0001739,Jean Simmons
nm0814799,Jean Sorel
nm0864397,Jean Tissier
nm0867622,Jean Topart
nm0885286,Jean Valmont
nm0897385,Jean Vilar
nm0898480,Jean Vimenet
nm0908419,Jean Wall
nm0910935,Jean Wang
nm0946179,Jean Yanne
nm0195956,Jean d'Yd
nm5928382,Jean-Baptiste Durand
nm0538953,Jean-Baptiste Malartre
nm0598801,Jean-Baptiste Montagut
nm1412971,Jean-Baptiste Pouilloux
nm0858054,Jean-Baptiste Thiérrée
nm0862862,Jean-Baptiste Tiémélé
nm11725595,Jean-Biche
nm0241504,Jean-Charles Dumay
nm0003133,Jean-Christophe Bouvet
nm0011803,Jean-Claude Adelin
nm0014650,Jean-Claude Aimini
nm0081661,Jean-Claude Biette
nm0100034,Jean-Claude Bourlat
nm0108400,Jean-Claude Brialy
nm0140643,Jean-Claude Carrière
nm0238379,Jean-Claude Drouot
nm0288439,Jean-Claude Fourneau
nm0346903,Jean-Claude Guilbert
nm0419599,Jean-Claude Jay
nm0453246,Jean-Claude Killy
nm0478713,Jean-Claude La Marre
nm8807046,Jean-Claude Pautot
nm0010544,Jean-François Adam
nm0050983,Jean-François Balmer
nm0551792,Jean-François Martial
nm0674695,Jean-François Perrier
nm0836681,Jean-François Stévenin
nm0000767,Jean-Hugues Anglade
nm0039520,Jean-Jacques Aslanian
nm0998965,Jean-Jacques Bihan
nm1349715,Jean-Joël Barbier
nm0021342,Jean-Louis Allibert
nm0056761,Jean-Louis Barrault
nm0112804,Jean-Louis Broust
nm0173916,Jean-Louis Comolli
nm0296597,Jean-Louis Frot
nm0494330,Jean-Louis Le Goff
nm0515201,Jean-Louis Livi
nm0674184,Jean-Louis Perletti
nm0723827,Jean-Louis Richard
nm0738325,Jean-Louis Rolland
nm0004462,Jean-Louis Trintignant
nm0900097,Jean-Louis Vitrac
nm0081175,Jean-Luc Bideau
nm0000419,Jean-Luc Godard
nm0677573,Jean-Luc Petit
nm0720932,Jean-Luc Revol
nm9852858,Jean-Marc
nm0097625,Jean-Marc Bory
nm0855070,Jean-Marc Tennberg
nm0284482,Jean-Marie Fonbonne
nm0431719,Jean-Marie Juan
nm0724992,Jean-Marie Richier
nm0730153,Jean-Marie Robain
nm0598381,Jean-Maurice Monnoyer
nm1815245,Jean-Michel Balthazar
nm0418882,Jean-Michel Jarre
nm0682034,Jean-Noël Picq
nm0000901,Jean-Paul Belmondo
nm0094786,Jean-Paul Bonnaire
nm0173548,Jean-Paul Comart
nm0178962,Jean-Paul Coquelin
nm0219259,Jean-Paul Denizon
nm0220454,Jean-Paul Dermont
nm0310116,Jean-Paul Gaultier
nm1472975,Jean-Paul Goude
nm0503268,Jean-Paul Leperlier
nm0609731,Jean-Paul Moulinot
nm0746085,Jean-Paul Roussillon
nm0480951,Jean-Philippe Lafont
nm0001922,Jean-Pierre Aumont
nm0144045,Jean-Pierre Cassel
nm0144413,Jean-Pierre Castaldi
nm0201669,Jean-Pierre Darroussin
nm0233432,Jean-Pierre Dorat
nm0239964,Jean-Pierre Ducos
nm0330948,Jean-Pierre Gorin
nm0435726,Jean-Pierre Kalfon
nm0477742,Jean-Pierre Kérien
nm0521051,Jean-Pierre Lorit
nm0529543,Jean-Pierre Léaud
nm0547339,Jean-Pierre Marielle
nm0692680,Jean-Pierre Posier
nm1331277,Jean-Pierre Sergent
nm0957645,Jean-Pierre Zola
nm0161701,Jean-Quentin Châtelain
nm0146613,Jean-Roger Caussimon
nm0590440,Jean-Roger Milo
nm6293119,Jeanette Altwegg
nm0238758,Jeanie Drynan
nm0059903,Jeanine Basinger
nm0020072,Jeanne Allard
nm0050210,Jeanne Balibar
nm0060931,Jeanne Bates
nm0083228,Jeanne Biras
nm0201799,Jeanne Darville
nm4392658,Jeanne Disson
nm0299353,Jeanne Fusier-Gir
nm0380831,Jeanne Herry
nm0603402,Jeanne Moreau
nm0702191,Jeanne Pérez
nm0754885,Jeanne Sabourin
nm0835730,Jeanne Stuart
nm0000675,Jeanne Tripplehorn
nm0419935,Jeanne-Claude
nm0573888,Jeannie McNeil
nm0947524,Jeannine Yeomans
nm1828069,Jeff Biehl
nm0000313,Jeff Bridges
nm0109042,Jeff Briggs
nm0154669,Jeff Chayette
nm0179786,Jeff Corey
nm3193113,Jeff Cristiani
nm0001099,Jeff Daniels
nm0254024,Jeff Eller
nm3107602,Jeff Glickman
nm0000156,Jeff Goldblum
nm1564943,Jeff Huang
nm5775239,Jeff Jones
nm0004178,Jeff Wolfe
nm0948714,Jeff York
nm3449987,Jeff Yung
nm0001374,Jeffrey Hunter
nm0942482,Jeffrey Wright
nm3733434,Jemima Kirke
nm2943352,Jen-Ya Wu
nm0318680,Jenee Gill
nm1517133,Jeng-Hua Yu
nm0535509,Jenna Maetlind
nm0089093,Jenni Blong
nm0016301,Jennifer Albano
nm0029464,Jennifer Angel
nm0000884,Jennifer Beals
nm0177639,Jennifer Coolidge
nm0178615,Jennifer Copeland
nm0197714,Jennifer Dale
nm1980761,Jennifer Drake
nm0250089,Jennifer Edwards
nm0250468,Jennifer Edwards-Hughes
nm0447557,Jennifer Kendal
nm10493322,Jennifer Lauren
nm0531778,Jennifer MacDonald
nm0642198,Jennifer O'Neill
nm0759022,Jennifer Salt
nm0000236,Jennifer Tilly
nm0031313,Jennipher Antoni
nm0000256,Jenny Agutter
nm0067476,Jenny Bel'Air
nm0118024,Jenny Buchanan
nm0238728,Jenny Drye
nm0368439,Jenny Hasselqvist
nm0405716,Jenny Hélia
nm0481966,Jenny Laird
nm0874799,Jenny Tschernichin-Larsson
nm0475480,Jens Kuphal
nm1319664,Jeong-ok Na
nm0084497,Jeremiah Bitsui
nm0000460,Jeremy Irons
nm0516027,Jeremy Lloyd
nm0719637,Jeremy Renner
nm0818215,Jeremy Spenser
nm0857458,Jeremy Theobald
nm0859016,Jeremy Thomas
nm4295582,Jermaine Liburd
nm0669292,Jerold Pearson
nm0308877,Jerome Gary
nm0710701,Jerome Raphael
nm0858010,Jerome Thier
nm0731699,Jerrold Robertshaw
nm0202331,Jerry Daugirda
nm0221491,Jerry Desmonde
nm0297799,Jerry Fujio
nm0362222,Jerry Hardin
nm0369617,Jerry Hausner
nm0595677,Jerry Mofokeng
nm9681401,Jerry Stewart Orchestra
nm0005467,Jerry Stiller
nm0868379,Jerry Torre
nm0382047,Jery Hewitt
nm0345616,Jerzy Gudejko
nm0637360,Jerzy Nowak
nm0705956,Jerzy Radziwilowicz
nm0836136,Jerzy Stuhr
nm0871827,Jerzy Trela
nm0953658,Jerzy Zass
nm0159802,Jesper Christensen
nm0353916,Jess Hahn
nm0456724,Jess Kirkpatrick
nm0201639,Jessa Darrieux
nm14797883,Jessica Doucha
nm4048088,Jessica Dunn Rovinelli
nm0001448,Jessica Lange
nm0036500,Jessie Arnold
nm9198690,Jessie Barnes Jr.
nm0173577,Jessie Combe
nm0391883,Jessie Holmes
nm0560056,Jessie Matthews
nm0612787,Jessie Mune
nm7316147,Jesuthasan Antonythasan
nm0034697,Jesús Arias
nm0631301,Jesús Nieto
nm0699781,Jesús Puche
nm0001472,Jet Li
nm1073093,Jeung-nyeo Ju
nm9622170,Jia-Yin Tsai
nm0227621,Jiali Ding
nm3086975,Jianlin Pan
nm17085449,Jianyu Wang
nm9066907,Jianzhou Cai
nm0150172,Jill Chamberlain
nm0228871,Jill Dixon
nm0251708,Jill Eikenberry
nm0409866,Jill Ireland
nm0426685,Jill Johnston
nm0422717,Jillo
nm1583973,Jim Adams
nm0026904,Jim Anderson
nm0000980,Jim Broadbent
nm0141697,Jim Carter
nm0171923,Jim Collier
nm0244279,Jim Duron
nm0254249,Jim Elliot
nm0267650,Jim Farley
nm0277567,Jim Findley
nm0313899,Jim Gérald
nm0522554,Jim Lovell
nm0556769,Jim Mason
nm0565164,Jim McCarthy
nm0823196,Jim Stark
nm0861184,Jim Thorburn
nm0001342,Jimi Hendrix
nm0907858,Jimmie 'JJ' Walker
nm0166580,Jimmy Cliff
nm0204838,Jimmy Davis
nm0700971,Jimmy Pursey
nm0911093,Jimmy Wang Yu
nm0928455,Jimmy Wilde
nm12719479,Jin Dae-yeon
nm15608935,Jin Man-Jun Hui
nm1758584,Jin'ichi Amano
nm0093829,Jindrich Bonaventura
nm0155264,Jing Chen
nm0939147,Jing Wong
nm7505851,Jing Yue
nm4477160,Jing-Kuo Yen
nm0625867,Jiri Nemec
nm0092008,Jirina Bohdalová
nm0423222,Jirina Jirásková
nm2531170,Jirina Myskova
nm0827354,Jirina Stepnicková
nm0871625,Jirina Trebická
nm11138265,Jirí Cejnek
nm0194713,Jirí Císler
nm0398666,Jirí Hrubý
nm0398722,Jirí Hrzán
nm1175758,Jirí Janda
nm0462658,Jirí Kodet
nm0453074,Jirí Kylián
nm0579954,Jirí Menzel
nm0665693,Jirí Patocka
nm0699366,Jirí Prýmek
nm0816332,Jirí Sovák
nm0904159,Jirí Vrstála
nm0959152,Jirí Zák
nm0594347,Jirô Miyaguchi
nm5576471,Jiten Bhons
nm0148581,Jitka Cerhová
nm0637314,Jitka Nováková
nm0070620,Jitka Scoffin
nm0954509,Jitka Zelenohorská
nm0949030,Jitsuko Yoshimura
nm16047054,Jitsurô Nakahashi
nm12297062,Jo Attal
nm0221782,Jo Dest
nm0020658,Jo Harvey Allen
nm0378705,Jo Herbst
nm1847040,JoAnne Lye
nm0176837,Joachim Cooder
nm0297293,Joachim Fuchsberger
nm1258686,Joachim Trier
nm0001926,Joan Baez
nm0000910,Joan Bennett
nm0000951,Joan Blondell
nm0001040,Joan Chen
nm0001076,Joan Crawford
nm0306978,Joan Gardner
nm0339343,Joan Greenwood
nm0377131,Joan Henley
nm0382995,Joan Hickson
nm0388958,Joan Hoffman
nm0408992,Joan Ingram
nm0085340,Joan Jett Black
nm1344310,Joan Jonas
nm0687506,Joan Plowright
nm0790064,Joan Shawlee
nm1301770,Joana Preiss
nm0739282,Joanelle Romero
nm4825197,Joanna Fang
nm2086831,Joanna Feuer
nm3703797,Joanna Niemirska
nm0651453,Joanna Orzeszkowska
nm3107429,Joanne Glickman
nm0430020,Joanne Moore Jordan
nm0001618,Joaquin Phoenix
nm0385860,Joaquín Hinojosa
nm0729977,Joaquín Roa
nm0707814,Jobyna Ralston
nm0104720,Jocelyn Brando
nm0110193,Jocelyn Britton
nm0000149,Jodie Foster
nm0548346,Jodie Markell
nm0113865,Joe Brown
nm1849823,Joe Caniano
nm6312200,Joe Chien
nm0167782,Joe Cobb
nm0198072,Joe Dallesandro
nm1168888,Joe Dann
nm0001102,Joe Dante
nm0217282,Joe Dell'Olio
nm2434010,Joe Doherty
nm4381675,Joe Ferrara II
nm0341055,Joe Grifasi
nm7968634,Joe Harris
nm1272096,Joe Jardi
nm0444172,Joe Keaton
nm1235308,Joe Lally
nm0513033,Joe Linnane
nm0001505,Joe Mantegna
nm0577705,Joe Melia
nm0732750,Joe Robinson
nm0768178,Joe Sawyer
nm0784171,Joe Seneca
nm0818874,Joe Spinell
nm0835329,Joe Strummer
nm0875896,Joe Tucker
nm0566948,Joel McCrea
nm0740272,Joel Rooks
nm3510316,Joel Vavra
nm13577112,Joely Mbundu
nm0143657,Joey Cashman
nm5765210,Joey Gabriel
nm0939153,Joey Wang
nm0423635,Joffre
nm3816402,Johanna Constantine
nm0388682,Johanna Hofer
nm0921105,Johanna Went
nm0824373,Johanna ter Steege
nm0435282,Johanne Kajanus
nm0471406,Johannes Krisch
nm0583207,Johannes Meyer
nm0630864,Johannes Nielsen
nm0857032,Johannes Thanheiser
nm0007539,John Aasen
nm0007877,John Abbey
nm0016251,John Alban
nm0025309,John Amos
nm0026172,John Andersen
nm0383627,John B. Hightower
nm0046359,John Baer
nm0054061,John Barclay
nm0057383,John Barrie
nm0000858,John Barrymore
nm0071838,John Bennett
nm0072536,John Benson
nm0077587,John Berry
nm0079261,John Bett
nm0083392,John Bird
nm0090043,John Blythe
nm0117423,John Bryning
nm0001525,John C. McGinley
nm0000604,John C. Reilly
nm0128509,John Cage
nm0129055,John Cairney
nm0001017,John Carradine
nm0001023,John Cassavetes
nm0151499,John Chandos
nm0155578,John Cheung
nm0000092,John Cleese
nm0166234,John Clements
nm0171475,John Colicos
nm0172014,John Collin
nm0183586,John Counsell
nm0188669,John Cromwell
nm0225963,John Diehl
nm0230335,John Doe
nm13422037,John Duffy
nm0227647,John Dullaghan
nm0420576,John Earl Jelks
nm0252476,John Ekman
nm0253345,John Elfström
nm0258751,John Erdman
nm1236746,John Everett
nm0448123,John F. Kennedy
nm0485068,John F. Landry
nm2477699,John Fedinatz
nm0278201,John Finnegan
nm0291599,John Franklyn-Robbins
nm0292159,John Fraser
nm0002092,John Garfield
nm0313478,John George
nm0315288,John Getz
nm0000024,John Gielgud
nm9045155,John Giordano
nm0320442,John Giorno
nm0326364,John Goldstone
nm0000422,John Goodman
nm0339992,John Gregson
nm0352467,John Hackett
nm0356568,John Halliday
nm1828965,John Hamilton
nm0366069,John Harryson
nm0370035,John Hawkes
nm0001334,John Heard
nm0390882,John Hollander
nm0397397,John Howard
nm0203791,John Howard Davies
nm0398466,John Hoyt
nm0000457,John Hurt
nm0001379,John Huston
nm0407813,John Illingsworth
nm0409869,John Ireland
nm0432729,John Junkin
nm0433188,John Justin
nm0454885,John King
nm0457839,John Kitzmiller
nm3529291,John Kogge
nm1525997,John Kuether
nm0474658,John Kullers
nm0491406,John Laurie
nm0494452,John Le Mesurier
nm0006168,John Lennon
nm0517058,John Loder
nm0518821,John Lone
nm0519274,John Longden
nm0527099,John Lurie
nm0540625,John Maloon
nm0549134,John Marley
nm0558455,John Mather
nm5436003,John Matthews
nm0560063,John Matthews
nm0564738,John McCallum
nm1563652,John McKie
nm0572224,John McLaren
nm0576851,John Meillon
nm0588640,John Miller
nm0590055,John Mills
nm0595602,John Moffatt
nm0634297,John Nolan
nm0635712,John Normington
nm5094311,John Orozco
nm4515897,John Ortiz
nm0752636,John P. Ryan
nm0656996,John Paizs
nm0679904,John Philbin
nm0680512,John Phillips
nm17345709,John Pritchett
nm0702798,John Qualen
nm0709466,John Rand
nm0428438,John Randolph Jones
nm0715919,John Rees
nm2455900,John Rees
nm0741803,John Roselius
nm0758151,John Salew
nm0000626,John Sayles
nm17345706,John Schmeling
nm1273011,John Schuchardt
nm0790468,John Shearin
nm0795344,John Shrapnel
nm0471562,John Sigurd Kristensen
nm3530437,John Simak
nm0808774,John Smith
nm0822062,John Standing
nm0835738,John Stuart
nm0840330,John Sutton
nm0842302,John Sweet
nm0697674,John T. Prince
nm0868110,John Tormey
nm0874067,John Trudell
nm0876147,John Tuell
nm0001806,John Turturro
nm0893247,John Ventimiglia
nm0006893,John Vernon
nm3090016,John Ward
nm0000691,John Waters
nm0914113,John Waters
nm0000078,John Wayne
nm0000247,John Woo
nm0949707,John Young
nm0000628,Johnathon Schaech
nm0774529,Johnnie Schofield
nm0008609,Johnny Aber
nm0143599,Johnny Cash
nm0000136,Johnny Depp
nm1926865,Johnny Flynn
nm0338005,Johnny Green
nm0002776,Johnny Hallyday
nm0786252,Johnny Seven
nm0919321,Johnny Weissmuller
nm0950932,Johnny Yune
nm0429721,Johnny Ôkura
nm0487103,Joi Lansing
nm0497578,Joie Lee
nm0880840,Jolanta Umecka
nm0276442,Jole Fierro
nm0433423,Joli Jászai
nm0304984,Joly Garbi
nm2870590,Jolyon Coy
nm0026963,Jon Anderson
nm1451881,Jon Carlson
nm0201377,Jon Darling
nm16882856,Jon Fetler
nm17527556,Jon Jost
nm0466300,Jon Korkes
nm0509232,Jon Lidolt
nm0887551,Jon Van Ness
nm2206856,Jon Zazula
nm15305030,Jonah Sellers
nm0075092,Jonas Bergström
nm0039155,Jonathan Ashmore
nm0151740,Jonathan Chang
nm1172097,Jonathan E. Fricke
nm0330339,Jonathan Gordon
nm2770993,Jonathan Ive
nm2827255,Jonathan Race
nm2545410,Jonathan Wright
nm0951520,Jonathan Zaccaï
nm0295706,Jone Frigerio
nm0019761,Jones Alk
nm5586767,Jongman Kim
nm0925018,Joni Ruth White
nm0135534,Joolia Cappleman
nm0303849,Joonee Gamboa
nm0429810,Jordan
nm0150952,Jordan Chan
nm13248818,Jordan Flowers
nm0480465,Jordan Ladd
nm0428458,Jordi Jones
nm0003244,Jordi Mollà
nm1530865,Jore Marjaranta
nm0234332,Jorge Dos Santos
nm0432247,Jorge Julião
nm1101922,Jorge Loureiro
nm0554830,Jorge Martínez de Hoyos
nm0675751,Jorge Perugorría
nm0726546,Jorge Rigaud
nm0750930,Jorge Russek
nm0856673,Jorge Treviño
nm1100717,Jorge Trêpa
nm0896065,Jorge Vico
nm0209056,Jorge de Juan
nm0548516,Jorma Markkula
nm0196190,Josafá Da Silva Santos
nm7852254,Jose Abascal
nm0883569,Jose Antonio Valdelomar González
nm0007585,Jose Gil Abad
nm0551839,Jose Nilson Martin Dos Santos
nm0597829,Jose Pomedio Monedero
nm0009368,Josef Abrhám
nm0081547,Josef Bierbichler
nm2974154,Josef Hejl
nm0387218,Josef Hlinomaz
nm0447515,Josef Kemr
nm0463132,Josef Koggel
nm0463892,Josef Kolb
nm0465486,Josef Konícek
nm0467631,Josef Kotapis
nm0468754,Josef Koza
nm0486631,Josef Langmiler
nm0490813,Josef Laufer
nm0525521,Josef Lukás
nm0716883,Josef Rehorek
nm0780918,Josef Sebánek
nm0814162,Josef Somr
nm0885304,Josef Valnoha
nm0669591,Josefa Pechlatová
nm0246616,Josefina Díaz
nm0139388,Joseph A. Carpenter
nm1152508,Joseph Beuys
nm0125380,Joseph Buttinger
nm0130407,Joseph Calleia
nm0136100,Joseph Carberry
nm1469234,Joseph Charles
nm0156890,Joseph Chi
nm0001072,Joseph Cotten
nm0266366,Joseph Falletta
nm0311788,Joseph Gehrard
nm0364291,Joseph Harrington
nm0432208,Joseph Julian
nm0000581,Joseph L. Mankiewicz
nm3530952,Joseph Martinez
nm0564323,Joseph McBride
nm0597384,Joseph Momo
nm0726527,Joseph Rigano
nm0768404,Joseph Sayah
nm0771584,Joseph Schildkraut
nm0834504,Joseph Striker
nm0866627,Joseph Tomelty
nm0425443,Joseph W. Johnson
nm0936476,Joseph Wiseman
nm0494562,Joseph-Patrick Le Quidre
nm0280291,Josephine Fitzgerald
nm0585525,Josephine Middleton
nm0835751,Josephine Stuart
nm0036317,Josette Arno
nm0196816,Josette Day
nm1343394,Josh Safdie
nm0035593,Joshie Armstead
nm0387779,Joshua Elvis Hoch
nm0563129,Joshua Gibran Mayweather
nm0338616,Joshua Greenblatt
nm0001929,Josiane Balasko
nm0831673,Josiane Stoléru
nm0849906,Josiane Tanzilli
nm0430847,Josif Josifovski
nm0000722,Joss Ackland
nm0430900,Josselin
nm0311185,Josseline Gaël
nm1197250,Josué Gutierrez
nm0062593,José Baviera
nm3220571,José Benavides
nm0126864,José Bénazéraf
nm0130952,José Calvo
nm0181541,José Cortés
nm0302615,José Gallardo
nm0350978,José Gómez Sevillano
nm0127917,José Ignacio Cabrujas
nm0733810,José Ignacio Rocha
nm0410756,José Isbert
nm0506784,José Lewgoy
nm0509811,José Lifante
nm0351133,José Luis Gómez
nm0007023,José Luis López Vázquez
nm0897808,José Luis de Vilallonga
nm0554656,José Manuel Martín
nm0205784,José Marco Davó
nm2580035,José Maria Pina
nm0891406,José Maria Vaz da Silva
nm0381182,José María Hervás Roldán
nm0694934,José María Prada
nm0631307,José Nieto
nm0682055,José Pidal
nm0749826,José René Ruiz
nm9827175,José Rodríguez Matia
nm0784718,José Sepúlveda
nm0868692,José Torres
nm0898121,José Villasante
nm0900393,José Vivó
nm0909012,José Wallenstein
nm0221831,Josée Destoop
nm1525639,Joséphine de Meaux
nm5250972,Jovial Mbenga
nm0051916,Joy Bang
nm0086809,Joy Blakeman
nm0053829,Joyce Barbour
nm3571298,Joyce Bone
nm0136983,Joyce Carey
nm0174049,Joyce Compton
nm0323922,Joyce Godenzi
nm1136413,Joyce Hauser
nm0448133,Joyce Kennedy
nm0466279,Joyce Korine
nm0715010,Joyce Redman
nm0887696,Joyce Van Patten
nm0927407,Joyce Wieland
nm0472166,Jozef Kroner
nm1689237,João Carlos de Oliveira
nm0303611,João Gama
nm0524201,João Lucas
nm1495214,João Marques
nm0287626,Joël Fosse
nm0333141,Joëlle Gozzi
nm0130955,Juan Calvo
nm0173062,Juan Carlos Colombo
nm0207526,Juan Carlos de Borbón
nm0096202,Juan Cruz Bordeu
nm0225921,Juan Diego
nm0273988,Juan Ferrara
nm14475505,Juan Francisco Maldonado
nm0348739,Juan José Gurrola
nm0302080,Juan Luis Galiardo
nm0546584,Juan Margallo
nm8198284,Juan Miguel Santana
nm8198285,Juan Pablo Conto
nm8206308,Juan Pablo Cruz Pablo
nm1897427,Juan Pablo Olyslager
nm0881924,Juan Uribe
nm0959476,Juan Álvarez
nm0015617,Jude Akuwudike
nm0001132,Judi Dench
nm7541334,Judith Audu
nm0192579,Judith Cuquele Tarasiuk
nm0232806,Judith Donner
nm6530843,Judith Douw
nm0282251,Judith Flex
nm0299093,Judith Furse
nm0150495,Judith Magre
nm0539652,Judith Malina
nm0640621,Judith O'Dea
nm0725985,Judith Ridley
nm0731286,Judith Roberts
nm1707112,Judith Scott
nm0939813,Judith Wood
nm4427451,Judy Baca
nm0132607,Judy Campbell
nm0166750,Judy Clifton
nm0172423,Judy Collins
nm0001114,Judy Davis
nm0257568,Judy Engles
nm0076957,Judy Jean Berns
nm3210541,Judy Rosen
nm1645275,Jue Huang
nm1708055,Jue Jing
nm3500602,Juho Kusti Paasikivi
nm0910954,Jui Wang
nm0658667,Jukka-Pekka Palo
nm0077598,Jules Berry
nm0086611,Julia Blake
nm0127396,Julia Caba Alba
nm0194660,Julia Cæsar
nm0216886,Julia Delgado Caro
nm1029367,Julia Faure
nm14783727,Julia Fiquet
nm0482067,Julia Lajos
nm0679199,Julia Peña
nm0751260,Julia Theresa Russell
nm0065191,Julian Beck
nm0002103,Julian Glover
nm0396422,Julian Hough
nm0721333,Julian Reyes
nm0001696,Julian Sands
nm5757162,Julian Tudor Hart
nm0922170,Julian West
nm14306751,Juliana Lumumba
nm0000267,Julie Andrews
nm0159813,Julie Christensen
nm0000365,Julie Delpy
nm0310865,Julie Gayet
nm0353546,Julie Hagerty
nm0624259,Julie Neesam
nm0910278,Julie Walters
nm0077921,Julien Bertheau
nm0136853,Julien Carette
nm1165963,Julien Lidsky
nm0593485,Julien Mitchell
nm1075457,Julien Rivière
nm0734001,Julien Rochefort
nm0859083,Julien Thomast
nm0893834,Julien Verdier
nm0663257,Julienne Paroli
nm0078155,Juliet Berto
nm0699120,Juliet Prowse
nm0251158,Julieta Egurrola
nm0785565,Julieta Serrano
nm0000300,Juliette Binoche
nm0214709,Juliette Degenne
nm0344898,Juliette Gréco
nm0562831,Juliette Mayniel
nm10895154,Julio Diaz
nm0671559,Julio Peña
nm0016532,Julius Albert
nm7945601,Julius Glenn
nm0364918,Julius Harris
nm0454247,Jullan Kindahl
nm1263070,Jun Arai
nm0297734,Jun Fujikawa
nm0357307,Jun Hamamura
nm0998931,Jun Hongô
nm0432425,Jun Hu
nm2676899,Jun Ishii
nm0441547,Jun Katsumura
nm2486493,Jun Nagasawa
nm0624346,Jun Negami
nm0974574,Jun Takeuchi
nm0851071,Jun Tatara
nm0853392,Jun Tazaki
nm0864808,Jun Toba
nm0882255,Jun Usami
nm0468989,Jun Yokoyama
nm0652944,Jun Ôtomo
nm0621452,Jun'ichirô Narita
nm2366529,Jun'nosuke Hayama
nm0243454,June Duprez
nm0385062,June Tripp
nm14587033,Junghwan Kim
nm14587034,Jungmin Park
nm0197233,Juni Dahr
nm0945597,Junichiro Yamashita
nm0040094,Junie Astor
nm0479425,Junior LaBeija
nm1172718,Junji Masuda
nm0847022,Junji Takada
nm0649851,Junkichi Orimoto
nm5664930,Junko Anami
nm1508493,Junko Asano
nm0386951,Junko Hitomi
nm0407508,Junko Ikeuchi
nm0437827,Junko Kanô
nm1922376,Junko Kozakura
nm1003052,Junko Mihara
nm0594465,Junko Miyashita
nm1177397,Junko Natsu
nm0757304,Junko Sakurada
nm5975117,Junko Shinami
nm0297975,Junya Fukuda
nm10136246,Junyi Guo
nm0051502,Junzaburô Ban
nm0119069,Juozas Budraitis
nm11740098,Jupyra Carvalho
nm1445540,Juro Hayashida
nm1918140,Justin Benson
nm5695762,Justin Boyd
nm1518227,Justin Wan
nm16351489,Justinien Clary
nm0389922,Jutarô Kitashiro
nm0638992,Jyri Närvänen
nm0097210,János Boros
nm0220729,János Derzsi
nm0645911,Jánosné Oláh
nm0843913,Jánosné Szekeres
nm0076292,Jérémie Bernard
nm0526814,Jérémie Luntz
nm0753737,Jérémie Renier
nm1197279,Jérôme Horry
nm0557181,Jérôme Massart
nm14097796,József Korn
nm0794425,Jô Shishido
nm0591540,Jôji Oka
nm0847057,Jôji Takagi
nm0784112,Jôtarô Senba
nm0512502,Jörgen Lindström
nm11679693,Júlia Ladányi
nm0881303,Jûkichi Uno
nm0438663,Jûrô Kara
nm0465235,Jûshirô Konoe
nm3627166,Jûzô Dôsan
nm0411631,Jûzô Itami
nm0236647,Jürgen Draeger
nm0392460,Jürgen Holtz
nm0001638,Jürgen Prochnow
nm0433525,Jüri Järvet
nm2496074,Jüri Lumiste
nm0827070,K. Lynn Stephens
nm0387322,Ka-Kui Ho
nm0157759,Ka-Lok Chin
nm0155582,Ka-Sang Cheng
nm0415777,Ka-Yan Leung
nm0497635,Kaaren Lee
nm0159337,Kabori Sarwar
nm0149237,Kader Chaatouf
nm0040880,Kai Atô
nm0279007,Kai Fischer
nm5441169,Kai-Ching Chi
nm0657090,Kaija Pakarinen
nm0370627,Kaizô Hayashi
nm1533438,Kaketsu Yamacha
nm0847400,Kaku Takashina
nm0157953,Kakuko Chino
nm0052332,Kali Bannerjee
nm0765269,Kali Sarkar
nm7316148,Kalieaswari Srinivasan
nm0420065,Kalina Jedrusik
nm0436324,Kam Kong Chow
nm0465499,Kam-Wah Koo
nm0015737,Kamal El-Shinnawi
nm0011967,Kamala Adhikari
nm0297869,Kamatari Fujiwara
nm0611536,Kamu Mukherjee
nm0945855,Kan Yanagiya
nm0620130,Kan'emon Nakamura
nm3140822,Kan-Wing Tsang
nm0462208,Kanae Kobayashi
nm0383679,Kanako Higuchi
nm0297891,Kanbi Fujiyama
nm0412600,Kaneko Iwasaki
nm0436340,Kang Chin
nm1316610,Kang Chu
nm1888762,Kang Ho
nm4308851,Kang Ren Wu
nm0497642,Kang-sheng Lee
nm0437688,Kanhaiyalal Chaturvedi
nm4225184,Kani Kusruti
nm1708078,Kanji Kawahara
nm0033136,Kanjûrô Arashi
nm1040967,Kanta Mori
nm0837352,Kantarô Suga
nm0052333,Kanu Bannerjee
nm0620150,Kanzaburô Nakamura
nm0440472,Kaoko Kase
nm0597390,Kaori Momoi
nm0993345,Kaori Taniguchi
nm0299397,Kaoru Futaba
nm1723009,Kaoru Kusuda
nm0559520,Kaoru Matsumoto
nm0837519,Kaoru Sugita
nm0944779,Kaoru Yachigusa
nm0559521,Kappei Matsumoto
nm0436341,Kar-Fung Kam
nm0401192,Kara Ying Hung Wai
nm0438854,Karamana Janardanan Nair
nm0041888,Karel Augusta
nm0087996,Karel Blazek
nm2352948,Karel Bodnár
nm0250551,Karel Effa
nm0257104,Karel Engel
nm0331872,Karel Gott
nm0405400,Karel Hábl
nm0405859,Karel Höger
nm0546480,Karel Mares
nm0636874,Karel Novák
nm0810747,Karel Smyczek
nm0880244,Karel Uhlík
nm0890459,Karel Vasicek
nm1449279,Karell Jonathan Beer
nm0047887,Karen Baird
nm16417798,Karen Cavanaugh
nm0173254,Karen Colston
nm0175681,Karen Conrad
nm0272649,Karen Fergusson
nm2703591,Karen Hassan
nm0450434,Karen Kester
nm0596297,Karen Mok
nm0733470,Karen Robson
nm0798076,Karen Sillas
nm0936038,Karen Winther
nm1157324,Karena Ka-Yan Lam
nm0843306,Kari Sylwan
nm0904901,Kari Väänänen
nm0067955,Karim Belkhadra
nm0044642,Karin Baal
nm2720956,Karin Balzer
nm0233312,Karin Dor
nm3508974,Karin Estrada
nm0344774,Karin Gry
nm0442664,Karin Kavli
nm0194207,Karin Lannby
nm0503889,Karin Lesch
nm0625047,Karin Nellemose
nm0841889,Karin Swanström
nm0895225,Karin Vesely
nm1074610,Karin Yamaguchi
nm1281415,Karine Teles
nm1018077,Karl Gorath
nm0013983,Karl Gustav Ahlefeldt
nm3337498,Karl Gärtner
nm0362457,Karl Hardman
nm0425490,Karl Johnson
nm0473237,Karl Krüger
nm0051337,Karl Michael Balzer
nm0771260,Karl Scheydt
nm0074814,Karl-Arne Bergman
nm0392191,Karl-Arne Holmsten
nm0671294,Karl-Heinz Pelser
nm0902397,Karl-Heinz von Hassel
nm0186166,Karl-Josef Cramer
nm0149454,Karla Chadimová
nm0003337,Karlheinz Böhm
nm0344734,Karolina Gruszka
nm1199489,Karren Karagulian
nm0052334,Karuna Bannerjee
nm0050953,Karyn Balm
nm0476201,Karyn Kusama
nm0440682,Kasmin
nm0440813,Kassagi
nm0955316,Kasym Zhakibayev
nm2956717,Kat Sanchez
nm0073479,Katalin Berek
nm0160787,Katarzyna Chrzanowska
nm1040273,Katarzyna Herman
nm0097140,Kate Bornstein
nm0125824,Kate Byers
nm0193932,Kate Cutler
nm0362175,Kate Hardie
nm0377350,Kate Hennig
nm0408998,Kate Ingram
nm0884780,Kate Valk
nm0932074,Kate Williamson
nm1008494,Kate Yacula
nm1463982,Katerina Irmanovová
nm0316261,Katharina Herberg
nm0856918,Katharina Thalbach
nm0000031,Katharine Hepburn
nm0118160,Katherina Buchhammer
nm0026994,Katherine Anderson
nm0144019,Katherine Cassavetes
nm0001340,Katherine Helmond
nm0601440,Katherine Moore
nm0615332,Katherine Murray-Cowper
nm0820096,Katherine Squire
nm0126402,Kathleen Byron
nm0165900,Kathleen Cleaver
nm0365692,Kathleen Harrison
nm9543503,Kathleen Mooney
nm0614425,Kathleen Murphy
nm0616762,Kathleen Myers
nm0623290,Kathleen Naylor
nm0634164,Kathleen Noisette
nm0005370,Kathleen Robertson
nm0948723,Kathleen York
nm0000941,Kathryn Bigelow
nm0101826,Kathryn Boyd
nm0866851,Kathryn Tomlinson
nm0099483,Kathy Boudin
nm0121755,Kathy Burke
nm0394539,Kathy Horan
nm0653669,Kati Outinen
nm0941847,Katia Wostrikoff
nm0478404,Katie La Bourdette
nm2513572,Katie Taylor
nm0668093,Katina Paxinou
nm0441317,Katiuscia
nm0001020,Katrin Cartlidge
nm1418045,Katrin Muller
nm0769440,Katrin Schaake
nm7113090,Katrin de Guia
nm1936137,Katrina Pollard
nm0462007,Katsuhiko Kobayashi
nm0765789,Katsuhiko Sasaki
nm0605252,Katsuji Mori
nm0906735,Katsuko Wakasugi
nm0879736,Katsumasa Uchida
nm0613522,Katsumi Muramatsu
nm0394653,Katsunosuke Hori
nm0620154,Katsuo Nakamura
nm0015426,Katsutoshi Akiyama
nm0432827,Katy Jurado
nm0480430,Katya Ladan
nm0482630,Kau Lam
nm0690450,Kaviyoor Ponnamma
nm13371140,Kawa Sherif
nm0290215,Kay Francis
nm0358723,Kay Hammond
nm0909727,Kay Walsh
nm2546012,Kaya Scodelario
nm0601452,Kaycee Moore
nm0559607,Kayo Matsuo
nm0586533,Kayo Mikimoto
nm0393378,Kayoko Honoo
nm0855379,Kayoko Terada
nm0596257,Kazem Mojdehi
nm0704859,Kazimir Rabetsky
nm1159212,Kazu Hikari
nm3190371,Kazuhide Haruta
nm0441364,Kazuhiko Kato
nm0992732,Kazuhiro Sano
nm2881475,Kazuji Sakai
nm0645812,Kazukimi Okuni
nm0299344,Kazuko Fushimi
nm0406723,Kazuko Ichikawa
nm0408022,Kazuko Imai
nm0408585,Kazuko Inano
nm4225504,Kazuko Kobayashi
nm0645352,Kazuko Ojima
nm0794199,Kazuko Shirakawa
nm0837540,Kazuko Sugiyama
nm0846960,Kazuko Tajima
nm1364828,Kazuko Yamamoto
nm0949097,Kazuko Yoshiyuki
nm0559388,Kazuma Matsubara
nm0395966,Kazumasa Hoshino
nm3706403,Kazuo Goto
nm0361672,Kazuo Hara
nm0367928,Kazuo Hasegawa
nm3030148,Kazuo Hashimoto
nm0441366,Kazuo Katô
nm0457557,Kazuo Kitamura
nm1386403,Kazuo Miyahara
nm0840605,Kazuo Suzuki
nm0945433,Kazuo Yamamoto
nm0031881,Kazuya Aoyama
nm3706128,Kazuya Horikoshi
nm1097940,Kazuya Kosaka
nm0847146,Kazuya Takahashi
nm1163128,Kazuyo Asari
nm0559465,Kazuyo Matsui
nm1208182,Kazuyo Mita
nm1441891,Kazuyoshi Kushida
nm0000206,Keanu Reeves
nm0812303,Kee-chung Sohn
nm0105462,Keefe Brasselle
nm0766225,Kei Satô
nm0838508,Kei Suma
nm0849433,Kei Tani
nm0945435,Kei Yamamoto
nm6368672,Keichirô Ebihara
nm17747815,Keiichi Suzuki
nm0299230,Keiji Furuyama
nm0755401,Keiji Sada
nm5375511,Keijiro Kikyo
nm0606168,Keijirô Morozumi
nm0462013,Keiju Kobayashi
nm0014554,Keiko Aikawa
nm0043396,Keiko Awaji
nm0297852,Keiko Fujita
nm2269621,Keiko Hibino
nm0408067,Keiko Imamura
nm3514237,Keiko Izumi
nm0457204,Keiko Kishi
nm1102685,Keiko Kuni
nm0546932,Keiko Mari
nm0559698,Keiko Matsuzaka
nm4331471,Keiko Nakamura
nm0644509,Keiko Ogasawara
nm0644713,Keiko Oginome
nm0756032,Keiko Sagawa
nm0757317,Keiko Sakurai
nm0768008,Keiko Sawai
nm0875477,Keiko Tsushima
nm0945831,Keiko Yanagawa
nm0950835,Keiko Yukishiro
nm1797071,Keishichi Nakahara
nm0814480,Keisuke Sonoi
nm16345548,Keith Barnes
nm0118645,Keith Buckley
nm12964668,Keith Forsyth
nm0566460,Keith McCormack
nm0585004,Keith Michell
nm0724189,Keith Richards
nm0843775,Keith Szarabajka
nm0915593,Keith Wayne
nm0931038,Keith Williams
nm0437704,Keizô Kanie
nm0442891,Keizô Kawasaki
nm6136291,Kelechi Udegbe
nm12025583,Kelli Rene Carpenter
nm0155284,Kelly Chen
nm0155285,Kelly Lai Chen
nm0497662,Kelly Lee
nm0684908,Kelly Piper
nm0911660,Kelly Ward
nm10220243,Kemal Suncu
nm5652916,Kemi Lala Akindoju
nm17535247,Ken Carpenter
nm0193411,Ken Curtis
nm1828951,Ken Gibbs
nm3600331,Ken Hatano
nm12961997,Ken Kay
nm0560325,Ken Mattingly
nm0594055,Ken Mitsuda
nm0632041,Ken Niles
nm0644523,Ken Ogata
nm9681398,Ken Professor Filmore
nm0719164,Ken Renard
nm0849006,Ken Tanaka
nm0879945,Ken Uehara
nm0913822,Ken Watanabe
nm0353714,Ken'ichi Hagiwara
nm0594365,Ken'ichi Miyajima
nm0555466,Ken'ichirô Maruyama
nm5916601,Kenichi Fukuda
nm0440380,Kenji Kasahara
nm1653344,Kenji Kimura
nm0756292,Kenji Sahara
nm5197161,Kenji Satome
nm0837430,Kenji Sugawara
nm0839977,Kenji Susukida
nm5916602,Kenji Yoshino
nm0654627,Kenji Ôyama
nm0411146,Kenjirô Ishiyama
nm0879971,Kenjirô Uemura
nm0186469,Kenneth Cranham
nm0468378,Kenneth Kove
nm0603336,Kenneth More
nm0484926,Kenneth P. Landon
nm0861034,Kenneth Thomson
nm0864851,Kenneth Tobey
nm0874684,Kenneth Tsang
nm0877696,Kennie Turner
nm0048653,Kenny Baker
nm0066223,Kenny Bee
nm0361676,Kensaku Hara
nm0605717,Kensaku Morita
nm0282055,Kent Fletcher
nm0808949,Kent Smith
nm0867242,Kent Tong
nm5512853,Kentaro Watanabe
nm0408026,Kentarô Imai
nm0435297,Kentarô Kaji
nm0473795,Kentarô Kudô
nm0645843,Kenzo Okuzaki
nm0847025,Kenzo Takada
nm0442878,Kenzô Kawarasaki
nm0846102,Kenzô Tabu
nm1759642,Kenzô Tanaka
nm2106144,Keri Moran
nm0289098,Kerry Fox
nm1596082,Kerry Mark Joels
nm4215817,Kerstin Brunnberg
nm0373178,Kerstin Hedeby
nm0725302,Kerstin Richter
nm0862735,Kerstin Tidelius
nm0522502,Kester Lovelace
nm0289822,Ketty France
nm0209224,Ketty de la Cámara
nm0450640,Keung-Kuen Lai
nm0387071,Keve Hjelm
nm0000754,Kevin Anderson
nm2432070,Kevin B. Ploth
nm0000102,Kevin Bacon
nm0002206,Kevin Brownlow
nm0004668,Kevin Cooney
nm0000126,Kevin Costner
nm0001143,Kevin Dillon
nm0326679,Kevin Golsby
nm0933715,Kevin J. Wilson
nm0446567,Kevin Kelly
nm0204978,Kevin L. Davis
nm0573618,Kevin McNally
nm0587173,Kevin Miles
nm6762710,Kevin Nesgoda
nm0641870,Kevin O'Morrison
nm0001798,Kevin Tighe
nm4178946,Kevin Vaz
nm3092081,Keyali Mayaga
nm0791958,Keyonn Sheppard
nm0665546,Khagen Pathak
nm0149841,Khagesh Chakravarti
nm0252728,Khaled Nabawy
nm8889671,Khalid Mahamoud
nm14886111,Khanjani
nm0214438,Khodabakhsh Defaei
nm15661062,Khom Kongkiat Khomsiri
nm15615057,Kiana Ng Ki Yan
nm14886114,Kianian
nm0620164,Kichiemon Nakamura
nm0879918,Kichijirô Ueda
nm0750220,Kicki Rundgren
nm0846684,Kidlat Tahimik
nm0000662,Kiefer Sutherland
nm0362053,Kieran Hardcastle
nm0601476,Kieron Moore
nm0620018,Kiichi Nakai
nm0548440,Kika Markham
nm0452810,Kiki
nm0452816,Kiki of Montparnasse
nm0559630,Kikko Matsuoka
nm0596097,Kikue Môri
nm0359275,Kikuko Hanaoka
nm1588727,Kikunojô Segawa
nm1722556,Kikunosuke Ichikawa
nm1627808,Kikuo Kaneuchi
nm4238608,Kilala Inori
nm0000107,Kim Basinger
nm0091035,Kim Bodnia
nm1553576,Kim Ghattas
nm0453472,Kim Hee-ra
nm4655666,Kim Hye-jung
nm0453523,Kim Jin-kyu
nm1067147,Kim Jong-goo
nm0662417,Kim Parker
nm1998919,Kim Pendavis
nm0822535,Kim Stanley
nm0923024,Kim Weston-Moran
nm3888576,Kim Yong-taek
nm0122394,Kimberly Burnett
nm11814706,Kimberly Marsh
nm0865798,Kimie Tokudaiji
nm0407475,Kimiko Ikegami
nm0846152,Kimiko Tachibana
nm0840617,Kimmy Suzuki
nm0837361,Kin Sugai
nm4739701,Kin-Wai Ho
nm1354704,King Constantine II
nm2544110,King Hou Chang
nm0645994,King Olav V
nm1251202,King Tut the Dog
nm0695835,Kinga Preis
nm0794224,Kiniko Shiratao
nm1649761,Kinji Fujiwa
nm1364624,Kinnosuke Takamatsu
nm1656128,Kinuko Wakamizu
nm0849011,Kinuyo Tanaka
nm0757296,Kinzô Sakura
nm0793795,Kinzô Shin
nm0564091,Kip McArdle
nm0358002,Kipp Hamilton
nm0793404,Kippei Shîna
nm0326663,Kira Golovko
nm0613645,Kira Muratova
nm0793666,Kiriko Shimizu
nm1046571,Kiril Ristoski
nm1640252,Kirill Marinchenko
nm0452817,Kirin Kiki
nm0051257,Kirk Baltz
nm0000018,Kirk Douglas
nm0028249,Kirsten Andreasen
nm0000379,Kirsten Dunst
nm0990310,Kirsten Johnson
nm0452386,Kirsten Kieferle
nm0157467,Kirsty Child
nm1677531,Kisha Batista
nm3064540,Kit Fong Leung
nm1063557,Kitt McDonald
nm0838618,Kitty Summerall
nm0846754,Kiwako Taichi
nm0648520,Kiyoharu Onaka
nm1073047,Kiyohiko Ichihara
nm0654685,Kiyohiko Ozaki
nm1214088,Kiyoko Suizenji
nm0849358,Kiyoko Tange
nm0875309,Kiyoko Tsuji
nm2612548,Kiyoko Ôkubo
nm0411714,Kiyomi Itô
nm0782644,Kiyoshi Aono
nm0634659,Kiyoshi Nonomura
nm3935874,Kiyoshi Tsuchiya
nm0648090,Klas-Gösta Olsson
nm0009152,Klaus Abramowsky
nm0094067,Klaus Bondam
nm0340470,Klaus Detlef Grevenhorst
nm0345063,Klaus Grünberg
nm0405551,Klaus Händl
nm0001428,Klaus Kinski
nm0530594,Klaus Löwitsch
nm0618225,Klaus Müller
nm2207625,Kleber Mendonça Filho
nm0421989,Klára Jerneková
nm1117328,Knud E. Andersen
nm0908970,Knut Walle
nm0398801,Ko Chun-Hsiung
nm1903055,Ko Takeuchi
nm0795906,Koasa Shunpûtei
nm0038977,Kogan Ashiya
nm0412504,Koji Iwabuchi
nm1757465,Koji Matsumoto
nm0441557,Kokinji Katsura
nm1162401,Koko
nm0462679,Kokuten Kôdô
nm0461727,Kolbjörn Knudsen
nm0475707,Komaki Kurihara
nm0406728,Kon Ichikawa
nm0648493,Kon Ômura
nm8110447,Konami Nakai
nm0160846,Kong Chu
nm0490576,Kong Lau
nm0465045,Kong Lung
nm1871469,Konrad Frey
nm1158915,Konstantin Feldman
nm0631710,Konstantin Kadochnikov
nm2599657,Konstantin Vasilyev
nm3217884,Koon-Jip Yip
nm0784119,Koreya Senda
nm14543935,Kori Ceballos
nm12662218,Kosuke Tanaka
nm0368969,Kotoe Hatsui
nm10273397,Kotone Furukawa
nm0154476,Kotti Chave
nm5574063,Krishnakamal Bhattacharya
nm0476572,Krishnan Kutty Nair
nm0234371,Kriss Dosanjh
nm0829576,Kristen Stewart
nm0377631,Krister Henriksson
nm0021910,Kristian Almgren
nm0276534,Kristian Figenschow
nm0011134,Kristin Adams
nm0000218,Kristin Scott Thomas
nm0012358,Kristina Adolphson
nm10780780,Kristinn Guðmundsson
nm0395800,Krisztina Horváth
nm12964669,Krso Family
nm0417370,Krystyna Janda
nm0322937,Krzysztof Globisz
nm0473076,Krzysztof Krzeminski
nm0538048,Krzysztof Majchrzak
nm0953130,Krzysztof Zanussi
nm0473314,Ku Feng
nm4318023,Kuei-Yen Chen
nm6937673,Kuei-Ying Hsu
nm0660911,Kukku Parameshwaram
nm8918010,Kumar Bangarappa
nm0881540,Kumeko Urabe
nm0594682,Kumi Mizuno
nm1065704,Kumija Kim
nm0643178,Kumiko Ôba
nm0474975,Kumkum
nm0498044,Kun Li
nm8927476,Kunal B. Patel
nm0848993,Kunie Tanaka
nm0593055,Kunihiko Mitamura
nm0038954,Kuniko Ashihara
nm0407401,Kuniko Igawa
nm2327466,Kuniko Kawanishi
nm0594381,Kuniko Miyake
nm0465162,Kunio Konishi
nm0613442,Kunio Murai
nm4044893,Kunio Satô
nm0848784,Kunio Tamura
nm0442879,Kunitarô Kawarazaki
nm0151755,Kuo-Chu Chang
nm0314777,Kurt Gerron
nm0471031,Kurt Kreuger
nm0704624,Kurt Raab
nm0839251,Kurt-Olof Sundström
nm0001748,Kurtwood Smith
nm1671913,Kurumi Yamabato
nm0648802,Kurôemon Onoe
nm0008354,Kusuo Abe
nm0359171,Kwok-Choi Hon
nm0482647,Kwok-Hung Lam
nm0156506,Kwok-Keung Cheung
nm0150987,Kwok-Pong Chan
nm0939209,Kwong-Leung Wong
nm0001717,Kyle Secor
nm0477871,Kylli Köngäs
nm0716242,Kynaston Reeves
nm0949107,Kyoko Yoshizawa
nm0774736,Kyra Schon
nm0463774,Kyôji Kokonoe
nm0014416,Kyôko Ai
nm0031719,Kyôko Anzai
nm0031795,Kyôko Aoi
nm0031884,Kyôko Aoyama
nm0256707,Kyôko Enami
nm1518573,Kyôko Izumi
nm0434593,Kyôko Kagawa
nm0457219,Kyôko Kishida
nm0476182,Kyôko Kusajima
nm0594076,Kyôko Mitsukawa
nm0556319,Kyôsuke Machida
nm0619236,Kyôzô Nagatsuka
nm0768566,Kyû Sazanka
nm0793562,Kyûsaku Shimada
nm0468489,Károly Kovács
nm1159294,Kô Ishida
nm0592754,Kô Mishima
nm0632757,Kô Nishimura
nm0645790,Kôen Okumura
nm0594640,Kôichi Mizuhara
nm2768059,Kôichi Sugisaki
nm1033299,Kôichi Uenoyama
nm7802138,Kôichi Yokozuka
nm0297893,Kôji Fujiyama
nm0299174,Kôji Furuhata
nm0411150,Kôji Ishizaka
nm0434552,Kôji Kaga
nm2596740,Kôji Kiyomura
nm0462020,Kôji Kobayashi
nm0594062,Kôji Mitsui
nm0619991,Kôji Nakahara
nm0465531,Kôji Nanbara
nm0782881,Kôji Sekiyama
nm0793338,Kôji Shitara
nm1783481,Kôji Suzuki
nm0465532,Kôji Takahashi
nm0875465,Kôji Tsuruta
nm0905268,Kôji Wada
nm0945131,Kôji Yakusho
nm0476210,Kôjirô Kusanagi
nm0613596,Kôju Murata
nm0847028,Kôkichi Takada
nm0590911,Kômei Minami
nm0406740,Kôshirô Matsumoto
nm0870316,Kôsuke Toyohara
nm0051812,Kôtarô Bandô
nm0866728,Kôtarô Tomita
nm0634593,Kôzô Nomura
nm0237066,L.C. Drane
nm0101026,L.E. Bowers Jr.
nm0507441,L.E. Lewis
nm6903642,La Bourette
nm0593865,Labina Mitevska
nm0275581,Ladislav Fialka
nm0415898,Ladislav Jakim
nm0417395,Ladislav Jandos
nm0433414,Ladislav Jánsky
nm0471790,Ladislav Krivácek
nm0290394,Lady Francisco
nm0746767,Lady Rowlands
nm0871681,Lady Tree
nm0136254,Laetitia Carcano
nm0144377,Laetitia Casta
nm3270435,Laetitia Dosch
nm0849311,Lai-Ying Tang
nm0498218,Lai-Yui Lee
nm0481789,Laika
nm0255554,Laila Eloui
nm0609952,Laila Mourad
nm0002565,Laine Megaw
nm0051365,Lajos Balázsovits
nm0468490,Lajos Kovács
nm1143736,Lakshmi Kanta
nm0051837,Lalchand Banerjee
nm0159539,Lali Chowdhury
nm0734498,Lalor Roddy
nm0812843,Laly Soldevila
nm0933727,Lambert Wilson
nm0536009,Lamberto Maggiorani
nm0874708,Lambros Tsagas
nm1972577,Lameesa R. Reemjheem
nm0425593,Lamont Johnson
nm0606718,Lana Morris
nm0001805,Lana Turner
nm0000448,Lance Henriksen
nm0562029,Lance May
nm0125627,Lando Buzzanca
nm6644314,Lanfranco Ceccarelli
nm4763737,Langouste Drobe
nm2938759,Langston Uibel
nm6840657,Langston Woodberry
nm0347482,Lara Guirao
nm0055558,Lara Wendel
nm0206478,Laraine Day
nm1588157,Larbi Batma
nm1065642,Larisa Kadyrova
nm0850490,Larisa Tarkovskaya
nm0907955,Larrington Walker
nm0083399,Larry Bird
nm0283532,Larry Flynn
nm11246378,Larry Freeman
nm2751586,Larry Johnson
nm0561750,Larry Maxwell
nm0683978,Larry Pine
nm0875918,Larry Tucker
nm1955257,Lars Eidinger
nm0252299,Lars Ekborg
nm0361319,Lars Hanson
nm2836936,Lars Jacob Holm
nm0439647,Lars Karlsson
nm0461847,Lars Knutzon
nm0586565,Lars Mikkelsen
nm0635070,Lars Nordh
nm0664885,Lars Passgård
nm0748964,Lars Rudolph
nm0005515,Lars Ulrich
nm0027741,Lars-Olof Andersson
nm0137324,Lars-Owe Carlberg
nm0469802,Lasse Krantz
nm0544906,Launce Maraschal
nm0079341,Laura Betti
nm0000368,Laura Dern
nm0174372,Laura Duke Condominas
nm3935285,Laura Freeman
nm0425610,Laura Johnson
nm5025010,Laura Kenny
nm0001473,Laura Linney
nm0563760,Laura Mañá
nm0643025,Laura Oakley
nm6699131,Laura Osma
nm2755651,Laura Patalano
nm11885180,Laura Peralta
nm0755548,Laura Sadler
nm0756162,Laura Saglio
nm0810479,Laura Smithson
nm1693019,Laura Vasiliu
nm0623787,Laurel Near
nm0296529,Lauren Friedman
nm0856708,Lauren Tewes
nm0046133,Laurence Badie
nm0059921,Laurence Baskcomb
nm0187876,Laurence Criner
nm0194759,Laurence Côte
nm0216382,Laurence Delannoy
nm0002131,Laurence Harvey
nm0510058,Laurence Lignières
nm0000059,Laurence Olivier
nm0597492,Laurence de Monaghan
nm0484929,Laurene Landon
nm0035988,Laurent Arnal
nm0135084,Laurent Capelluto
nm0344932,Laurent Grévill
nm0377226,Laurent Hennequin
nm0479360,Laurent Labasse
nm0539399,Laurent Malet
nm0598361,Laurent Monnier
nm0771701,Laurent Schilling
nm0846388,Laurent Taffein
nm0856187,Laurent Terzieff
nm0525154,Laurette Luez
nm0002173,Laurie Anderson
nm0582418,Laurie Metcalf
nm2419914,Laurie Simmons
nm9472182,Laurits Honoré Rønne
nm0266164,Lauritz Falk
nm0155479,Lawrence Chenault
nm0199325,Lawrence Dane
nm0229697,Lawrence Dobkin
nm0343749,Lawrence Grossmith
nm0360567,Lawrence Hanray
nm0461940,Lawrence Ko
nm1099381,Lawrence Pierott
nm0937835,Lawrence Wolf
nm0269531,Layla Fawzi
nm1000999,Layla Hamadah
nm4459941,Laïka
nm0557159,Lea Massari
nm0671942,Lea Penman
nm15929274,Lea Rose Sebastianis
nm10802258,Leance Debrossian
nm0883893,Leandro Vale
nm0612024,Leanne Mullen
nm0495776,Lebleba
nm0101350,Lee Bowman
nm0111240,Lee Broker
nm3752295,Lee Da-wit
nm0229917,Lee Dobson
nm0405062,Lee Hye-suk
nm7548573,Lee Lawson
nm0598777,Lee Montague
nm0665727,Lee Payton
nm0743605,Lee Ross
nm4933918,Lee Shaw
nm0875919,Lee Tucker
nm0477082,Lee-Na Kwan
nm0155594,Lei Cheng
nm0502229,Leib Lensky
nm3011554,Leif Edlund
nm0259158,Leif Ericson
nm0286929,Leif Forstenberg
nm0510305,Leif Liljeroth
nm0493271,Leigh Lawson
nm0566463,Leigh McCormack
nm0924181,Leigh Whipper
nm0309435,Leila Gastil
nm0211715,Leila Santos de Sousa
nm0325959,Lelia Goldoni
nm0527379,Lelio Luttazzi
nm0077827,Lella Bertante
nm0077734,Lello Bersani
nm0501437,Lemmy
nm0074822,Lena Bergman
nm0116067,Lena Brundin
nm1967370,Lena Duarte
nm2501633,Lena Dunham
nm0256890,Lena Endre
nm0342411,Lena Grinda
nm7365342,Lena Lin Solaro
nm0638784,Lena Nyman
nm10289903,Leng Thirith
nm0849892,Leni Tanzer
nm0387140,Lennart Hjulström
nm0540245,Lennart Malmer
nm0676561,Lennie Peters
nm0590350,Lennox Milne
nm0140504,Leo Carrillo
nm0144792,Leo Castelli
nm4733457,Leo Chen
nm0230812,Leo Dolan
nm0001991,Leo G. Carroll
nm5695689,Leo Garcia
nm0312890,Leo Genn
nm0007238,Leo Hurwitz
nm0571674,Leo McKern
nm0680584,Leo Phillips
nm0744235,Leo Rossi
nm0925118,Leo White
nm0932381,Leo Willis
nm0000748,Leon Ames
nm0064554,Leon Beaumon
nm0259003,Leon Ericksen
nm0481709,Leon Lai
nm0631102,Leon Niemczyk
nm0728132,Leon Rippy
nm0751287,Leon Russell
nm0751762,Leon Russom
nm1027683,Leona Aderias
nm3127621,Leonard Buschel
nm0540795,Leonard Maltin
nm0662444,Leonard Parker
nm0744436,Leonard Rossiter
nm0108348,Leonid Brezhnev
nm0236254,Leonid Dyachkov
nm0476311,Leonid Kushnir
nm0473822,Leonid Voron
nm0798611,Leonor Silveira
nm0049559,Leonora Balcarce
nm0749333,Leonora Ruffo
nm0872689,Leopoldo Trieste
nm5572154,Lepa Landek
nm0087511,Les Blank
nm0219499,Les Dennis
nm0648237,Les Olvides
nm15695009,Les Ombres
nm1176741,Les enfants Tooke
nm0263890,Lesley Ewen
nm1851850,Lesley Henry
nm0544334,Lesley Manville
nm0789093,Lesley Sharp
nm0038650,Leslie Ash
nm0044529,Leslie Azzoulai
nm0052203,Leslie Banks
nm0001989,Leslie Caron
nm0002000,Leslie Cheung
nm0001366,Leslie Howard
nm0680587,Leslie Phillips
nm3530228,Leslye Simak
nm1206701,Leticia Dolera
nm0532296,Leueen MacGrath
nm1164862,Lev Gorn
nm0421579,Levino Jensen
nm0375629,Levon Helm
nm0821139,Lewis J. Stadlen
nm0633372,Lewis Nkosi
nm0207623,Lex De Bruijn
nm0718939,Leïla Remili
nm0950521,Li Yu
nm0510769,Li-Mei Chen
nm1274149,Li-Yin Yang
nm0179738,Lia Corelli
nm0209637,Lia Di Leo
nm0192377,Liam Cunningham
nm0573054,Liam McMahon
nm0715068,Liam Redmond
nm0008467,Liane Abel Dietz
nm0136794,Lianella Carell
nm0508644,Liang Jingdong
nm0955599,Liang Zhen
nm6579433,Liang-Fong Hsu
nm0898047,Libby Villari
nm0211144,Libero De Rienzo
nm1450580,Liberto Malsan
nm0777617,Libgart Schwarz
nm0369741,Libuse Havelková
nm2235085,Libuse Komancová
nm0755941,Libuse Safránková
nm0083162,Lidia Biondi
nm0798408,Lidio Silva
nm0063332,Lidiya Bazilskaya
nm0807074,Lidiya Smirnova
nm0901542,Lidiya Volkova
nm0000630,Liev Schreiber
nm0394222,Lightnin Hopkins
nm0196604,Lilah Dadi
nm0722231,Lili Rheims
nm0000666,Lili Taylor
nm0484756,Lilia Landi
nm0104079,Lilian Braithwaite
nm0313838,Liliana Gerace
nm2671929,Liliana Mocanu
nm1158477,Liliane Bordoni
nm0537511,Liliane Maigné
nm0697750,Liliane Princet
nm0746371,Liliane Rovère
nm0881203,Lilith Ungerer
nm0613983,Liliya Murlykina
nm0954647,Lill-Tollie Zellman
nm0109265,Lilla Brignone
nm0565226,Lillah McCarthy
nm0012447,Lillian Adrian
nm0001273,Lillian Gish
nm0425645,Lillian Johnson
nm0492891,Lillian Lawrence
nm0500361,Lillian Leighton
nm0084419,Lilly Bistrattin
nm0201155,Lilly Darelli
nm1872735,Lilly Marchi
nm0671515,Lilo Pempeit
nm0497763,Lily Li
nm0482652,Lin-Lin Li
nm0060012,Lina Basquette
nm0133532,Lina Canalejas
nm0312902,Lina Gennari
nm0946020,Lina Yang
nm0065702,Linda Beckett
nm0071890,Linda Bennett
nm0160046,Linda Christian
nm0226143,Linda Diesem
nm0000400,Linda Fiorentino
nm0290234,Linda Francis
nm0318838,Linda Gillen
nm0349171,Linda Gutenberg
nm0396861,Linda Houston
nm0404643,Linda Hutton
nm0910075,Linda Lee Walter
nm0544371,Linda Manz
nm11679692,Linda Moshier
nm0790167,Linda Sini
nm0871298,Linden Travers
nm0001080,Lindsay Crouse
nm1812717,Lindsay Frame
nm0905464,Lindy Wade
nm0160348,Linford Christie
nm4560742,Ling Chiang
nm0512714,Ling-Ling Hung
nm0199006,Linh-Dan Pham
nm3010930,Linnea Cart-Lamy
nm0559820,Lino Mattera
nm0893341,Lino Ventura
nm0513299,Lio
nm0041172,Lionel Atwill
nm0303960,Lionel Gamlin
nm0809117,Lionel Mark Smith
nm0822034,Lionel Stander
nm0898296,Lionel Villeneuve
nm0200016,Lions Daniels
nm0088776,Lisa Blok-Linson
nm0110608,Lisa Brock
nm0200195,Lisa Daniely
nm0307781,Lisa Garneri
nm0309470,Lisa Gastoni
nm0675484,Lisa Jane Persky
nm2436809,Lisa Joyce
nm0471079,Lisa Kreuzer
nm0001435,Lisa Kudrow
nm0526479,Lisa Lundholm
nm0111524,Lisa Marie Bronson
nm0792209,Lisa Sheridan
nm0946026,Lisa Yang
nm0266170,Lisanne Falk
nm0610228,Lisbeth Movin
nm0116121,Lise Brunelle
nm0202233,Lise Daubigny
nm0216209,Lise Delamare
nm0253619,Lise Elina
nm0993039,Lise Guicheron
nm0867623,Lise Topart
nm0324493,Liselotte Goettinger
nm0539542,Lisette Malidor
nm0933769,Lisle Wilson
nm0015957,Lissi Alandh
nm0714485,Lita Recio
nm0090268,Little Bob
nm0514905,Liu Chia-Yung
nm0432775,Liu Junying
nm0490708,Liubomiras Laucevicius
nm0179828,Liv Corfixen
nm0880521,Liv Ullmann
nm0893425,Livia Venturini
nm8096950,Livio Berruti
nm7267985,Lixun Xie
nm8552868,Liyo Gong
nm0129751,Liz Caldwell
nm14543933,Liz Christin
nm0809131,Liz Smith
nm0812101,Liz Söllner
nm0102854,Liza Braconnier
nm3571139,Lloyd Greenway
nm12025588,Lloyd La Cour
nm0134229,LoLo Cannon
nm0561755,Lois Maxwell
nm0602914,Lois Moran
nm15506600,Lois Moran
nm0942604,Lois Wright
nm0102679,Lola Braccini
nm0136571,Lola Cardona
nm0263904,Lola Ewerlund
nm0304747,Lola Gaos
nm0618449,Lola Müthel
nm0804839,Lola Skrbková
nm0069196,Loleh Bellon
nm0508249,Loles León
nm0497782,Loletta Lee
nm12025582,Lolis Edward Elie
nm0150543,Lolita Chammah
nm0211591,Lolita De Silva
nm0786457,Lolita Sevilla
nm0151606,Lon Chaney
nm0001033,Lon Chaney Jr.
nm0519238,Long Zhao
nm1727852,Lopes Rodrigues
nm1931039,Lord Kitchener
nm9681397,Lord Pretender
nm0221955,Loredana Detto
nm1085951,Lorelei Linklater
nm0209905,Lorella De Luca
nm5871826,Loren Anthony
nm0248568,Loren Ecker
nm2910574,Lorenzo Zurzolo
nm2082216,Loreto Murray
nm0222643,Loretta Devine
nm0001614,Lori Petty
nm15100668,Lothario Lotho
nm0496596,Lotte Ledl
nm0502322,Lotte Lenya
nm0055261,Lou Barlow
nm0093684,Lou Bonacki
nm0094672,Lou Bonin
nm0144589,Lou Castel
nm0230697,Lou Doillon
nm0318153,Lou Gilbert
nm0414279,Lou Jacobi
nm2797606,Lou Profeta
nm0759242,Lou Salvador Jr.
nm0894693,Lou Vernon
nm1078429,Louis Baldy
nm0068748,Louis Bellanti
nm0096302,Louis Borel
nm0119479,Louis Bugette
nm0239985,Louis Ducreux
nm0258388,Louis Eppolito
nm0266658,Louis Fan
nm0282688,Louis Florencie
nm0308039,Louis Garrel
nm0310287,Louis Gauthier
nm0348927,Louis Guss
nm0431212,Louis Jouvet
nm0465503,Louis Koo
nm0498882,Louis Lefebvre
nm0001501,Louis Malle
nm0537873,Louis Maïss
nm0585699,Louis Miehe-Renard
nm0624369,Louis Negin
nm0989809,Louis Pré Fils
nm2870517,Louis Pérault
nm0712416,Louis Ravet
nm0756788,Louis Saintève
nm0758986,Louis Salou
nm0782564,Louis Seigner
nm0903330,Louis Vonelly
nm0957922,Louis Zorich
nm2404515,Louise Blachère
nm0132682,Louise Campbell
nm0156654,Louise Chevalier
nm0167113,Louise Closser Hale
nm0256563,Louise Emmons
nm0289125,Louise Fox
nm4745801,Louise Gustafsson
nm0686883,Louise Platt
nm0809148,Louise Smith
nm3326323,Louise Weard
nm0935141,Louise Wink
nm0732214,Louison Roblin
nm15034201,Louiza Aura
nm0406213,Loumi Iacobesco
nm0210695,Lourdes de Oliveira
nm0252666,Loutfi El Hakim
nm13990641,Lovleen Mishra
nm1783132,Lowell 'Sly' Dunbar
nm3017935,Lowell Landes
nm0516319,Lowell Lo
nm4483280,Loy Bowlin
nm1190639,Loye Payen
nm2838611,Lu Chien
nm0666087,Luana Patten
nm1480144,Luanna Anders
nm0467374,Lubomír Kostelka
nm0513795,Lubomír Lipský
nm0864739,Lubomír Tlalka
nm0865779,Lubor Tokos
nm0644794,Lubos Ogoun
nm0736312,Luc Roeg
nm0800253,Luc Simon
nm0228160,Luc-Antoine Diquéro
nm0001942,Luca Bercovici
nm0340854,Lucas Gridoux
nm0458877,Luce Klein
nm0815561,Luchy Soto
nm0098393,Lucia Bosè
nm0608598,Lucia Lynn Moses
nm0925154,Lucia White
nm2275740,Lucian Iftime
nm0029844,Luciana Angiolillo
nm2573277,Luciana Souza
nm0059010,Luciano Bartoli
nm0176364,Luciano Conti
nm0206993,Luciano De Ambrosis
nm0327337,Luciano Gonini
nm0901711,Luciano Volpato
nm0543169,Lucie Mannheim
nm0090775,Lucien Bodard
nm10802256,Lucien Bossy
nm0130270,Lucien Callamand
nm6364063,Lucien Carr
nm0296996,Lucien Frégis
nm0541485,Lucien Mancini
nm0622069,Lucien Nat
nm0698139,Lucien Prival
nm0091502,Lucienne Bogaert
nm0358866,Lucienne Hamon
nm0545400,Lucienne Marchand
nm0082520,Lucille Billingsley
nm0322635,Lucille Glenn
nm0904220,Lucio Vucina
nm0510126,Lucita Lijertwood
nm3086405,Lucy
nm10493258,Lucy Hosking
nm0484309,Lucy Lancy
nm0549237,Lucy Marlow
nm0751301,Lucy Russell
nm0765488,Lucy Saroyan
nm0465945,Ludek Kopriva
nm0613354,Ludek Munzar
nm0811881,Ludek Sobota
nm3122408,Ludevina Mendez Salazar
nm0109365,Ludovic Brillant
nm0072250,Ludwik Benoit
nm0525187,Lufta
nm0053700,Luigi Barbini
nm0181296,Luigi Cortese
nm0408641,Luigi Infantino
nm0650293,Luigi Ornaghi
nm0744242,Luigi Rossi
nm0075251,Luis Beristáin
nm0162223,Luis Ciges
nm0209759,Luis De Lima
nm0260330,Luis Escobar
nm0350079,Luis Guzmán
nm0378864,Luis Heredia
nm0530232,Luis López
nm0679133,Luis Peña
nm0209664,Luis Pérez de León
nm0716709,Luis Rego
nm0742881,Luis Roses
nm0872112,Luis Trenker
nm0217369,Luisa Della Noce
nm8198286,Luisa Leal
nm0517951,Luisa Loiano
nm0735010,Luisa Rodrigo
nm0586632,Lukas Miko
nm15366953,Lukman Jusuf
nm9846780,Lula Lynch
nm0315640,Luminita Gheorghiu
nm0151005,Lung Chan
nm0862479,Lung Ti
nm0140460,Lupe Carriles
nm14379067,Lupo Barbiero
nm1275648,Luque Gago
nm0012204,Luther Adler
nm0491248,Luz Laurent
nm0171701,Luz María Collazo
nm0270904,Lydia Feld
nm0461438,Lydia Knott
nm0480882,Lydia Lafleur
nm0362361,Lyn Harding
nm0824117,Lynda Steadman
nm0150619,Lyne Champagne
nm0166536,Lyne Clevers
nm13400522,Lynette Bell
nm0046633,Lynn Baggett
nm0136993,Lynn Carey
nm0137524,Lynn Carlin
nm0169565,Lynn Cohen
nm0387555,Lynn Hobart
nm0523344,Lynn Lowry
nm0001655,Lynn Redgrave
nm0708903,Lynne Ramsay
nm0708861,Lynne Ramsay Jr.
nm0072572,Lynnea Benson
nm0915194,Lyonel Watts
nm0314566,Lyubov Germanova
nm13400151,Lyudmila Kondratyeva
nm0689933,Lyudmila Polyakova
nm0767567,Lyudmila Saveleva
nm0874899,Lyudmila Tselikovskaya
nm12387250,Lyudmila Voynova-Krutikova
nm0299720,László Földényi
nm14097794,László Horváth
nm0844435,László Szabó
nm0238475,Léa Drucker
nm0305331,Léa Garcia
nm2244205,Léa Seydoux
nm1731613,Léa Wiazemsky
nm0804077,Léna Skerla
nm0036182,Léon Arvel
nm0488216,Léon Larive
nm0520978,Léon Lorin
nm0180115,Léonce Corne
nm0463098,Léonide Kogan
nm0557441,Léonide Massine
nm0027113,M. Cochise Anderson
nm0001826,M. Emmet Walsh
nm0411978,M. Ivanin
nm0561758,M.C. Maxwell
nm0448194,M.L. Kennedy
nm0423153,Ma Jinrei
nm0455028,Mabel King
nm0856102,Mabel Terry-Lewis
nm2373474,Mabi Abele
nm8384880,Mabousso Lo
nm0662002,MacDonald Parke
nm1293570,Macha Makeïeff
nm0617736,Macha Méril
nm0367935,Machiko Hasegawa
nm0457506,Machiko Kitagawa
nm0477553,Machiko Kyô
nm0619906,Machiko Naka
nm0812206,Machiko Soga
nm0841501,Mack Swain
nm0911703,Mackenzie Ward
nm6916036,Madame Chaatouf
nm0732876,Madame Robinson
nm0051495,Maddly Bamy
nm0053884,Madeleine Barbulée
nm13359377,Madeleine Berthod
nm0140914,Madeleine Carroll
nm0279036,Madeleine Fischer
nm0347605,Madeleine Guitty
nm0495495,Madeleine Lebeau
nm0654767,Madeleine Ozeray
nm0719233,Madeleine Renaud
nm0732877,Madeleine Robinson
nm0813247,Madeleine Sologne
nm0867598,Madeleine Top
nm0611538,Madhavi Mukherjee
nm13767857,Madhu Raja
nm0632572,Madjid Niroumand
nm0586568,Mads Mikkelsen
nm0077620,Mady Berry
nm0180900,Mady Correll
nm0164883,Mae Clarke
nm2701325,Maeve Jinkings
nm0090776,Mag Bodard
nm0637649,Magali Noël
nm0629199,Magaye Niang
nm0356420,Magda Haller
nm0890330,Magda Vásáryová
nm4721746,Magdalena Begay
nm0162123,Magdalena Cielecka
nm1222269,Magdalena Flores
nm1001235,Magdalena Kropiunig
nm0599700,Magdalena Montezuma
nm10493330,Magdalena V. Garcia
nm0001041,Maggie Cheung
nm0228245,Maggie Dirrane
nm0359177,Maggie Han
nm0642239,Maggie O'Neill
nm0001749,Maggie Smith
nm13755945,Magnus Almqvist
nm0450408,Magnus Kesster
nm0632269,Magnus Nilsson
nm0200900,Mahbanou Darabi
nm0252843,Mahmoud El Meligy
nm0375990,Mahmoud Hemida
nm3809514,Maho Yamada
nm0013843,Mahrokh Ahankhah
nm1060631,Mai Ballard
nm0955195,Mai Zetterling
nm2648269,Maiko Minami
nm0537600,Mailleray
nm0224821,Maimouna Hélène Diarra
nm0885251,Maine Vallée
nm0632274,Maj-Britt Nilsson
nm12267768,Majid Habibpoor
nm2146858,Majid Salehi
nm1000788,Majida El Roumi
nm5249190,Majlinda Kelmendi
nm0623478,Makhaola Ndebele
nm0346510,Makhouredia Gueye
nm0913831,Makiko Watanabe
nm0538683,Mako
nm0387231,Mako Hlubi
nm0585637,Mako Midori
nm0015115,Makoto Akatsuka
nm0297835,Makoto Fujita
nm0462182,Makoto Kobori
nm0594337,Makoto Miyagawa
nm1228447,Makoto Nonomura
nm0766491,Makoto Satô
nm0652716,Makoto Ôtake
nm0613364,Maksim Munzuk
nm0795500,Maksim Shtraukh
nm1854596,Malcolm Dome
nm0292803,Malcolm Frederick
nm0444602,Malcolm Keen
nm0000532,Malcolm McDowell
nm0809196,Malcolm Smith
nm0906618,Malcolm Waite
nm0233632,Malena Doria
nm0951423,Malgorzata Zabkowska
nm7176470,Malik J Ali
nm5014864,Malissa Bates
nm0723032,Malka Ribowska
nm1234049,Mallika
nm4391872,Malonn Lévana
nm0535079,Malou Madou
nm0672057,Malvina Penne
nm0689748,Malvina Polo
nm0797848,Malvina Silberberg
nm0162852,Mamadou Cisoko
nm0228091,Mamadou Dioumé
nm0788164,Mamata Shankar
nm0228026,Mame Ndoumbé Diop
nm0474730,Mami Kumagai
nm5569028,Mami Nishijima
nm0007123,Mammootty
nm1303176,Man Huang
nm1998668,Man Yan Chiu
nm3973450,Man-Gwan Wong
nm0151014,Man-Lei Chan
nm0628806,Man-Tat Ng
nm0605710,Manabu Morita
nm0297675,Manami Fuji
nm11328840,Manar Al Hilo
nm5265329,Manda Touré
nm0843355,Mandi Symonds
nm0344653,Mandy Grunwald
nm0560103,Mandy Matthews
nm5028766,Manfred Schulz
nm0019681,Manfredi Aliquo
nm1415541,Mang Fely
nm0155314,Mang-Ha Cheng
nm5566660,Manisha Chakraborty
nm3273598,Manko Kurenai
nm0924161,Manning Whiley
nm0210701,Manoel de Oliveira
nm0593953,Manoj Mitra
nm0394541,Manolo Morán
nm9827176,Manolo Pérez Moratilla
nm0484298,Manon Lanclos
nm16631206,Mansi Mungee
nm0882354,Mantarô Ushio
nm0267419,Manuchehr Farid
nm0018872,Manuel Alexandre
nm1591245,Manuel Bernaldez
nm0232375,Manuel Dondé
nm1839777,Manuel Galbán
nm2636310,Manuel Garcia-Rulfo
nm4740347,Manuel Gomes Miranda
nm0347584,Manuel Guitián
nm0635341,Manuel Noriega
nm0645327,Manuel Ojeda
nm9827173,Manuel Ruiz Serrana
nm1494399,Manuel Taglang
nm1732286,Manuel Videira
nm0431725,Manuel de Juan
nm4602870,Manuela Balsimelli
nm12443907,Maotao Hu
nm9198182,Mara Elena Andrei
nm0528752,Mara Lynn
nm0720781,Mara Revel
nm1173710,Marc Ernest Fourneau
nm0264211,Marc Eyraud
nm0335789,Marc Grapey
nm0415225,Marc Jacquier
nm0500984,Marc Lelou
nm0584879,Marc Michel
nm0622360,Marc Natol
nm16417797,Marc Santiago
nm0935425,Marc Winocourt
nm3207271,Marc Zinga
nm0029217,Marcel André
nm0030566,Marcel Anselin
nm0096774,Marcel Bories
nm0099783,Marcel Bourdel
nm0102518,Marcel Bozonnet
nm0102566,Marcel Bozzuffi
nm0197950,Marcel Dalio
nm1181036,Marcel Darbaud
nm0216596,Marcel Delaître
nm0241052,Marcel Duhamel
nm2142328,Marcel Fraval
nm0380304,Marcel Herrand
nm10659316,Marcel Jouet
nm6407986,Marcel Lucien
nm0529695,Marcel Lévesque
nm0560944,Marcel Maupi
nm0649096,Marcel Ophüls
nm0690333,Marcel Poncin
nm0702454,Marcel Pérès
nm0733958,Marcel Roche
nm0746249,Marcel Rouzé
nm2526988,Marcela Brezinová
nm0520931,Marceline Loridan Ivens
nm0584942,Marcella Michelangeli
nm0746279,Marcella Rovena
nm0036548,Marcelle Arnold
nm10802262,Marcelle Debrossian
nm0078106,Marcelle Faure-Bertin
nm0350763,Marcelle Géniat
nm0354325,Marcelle Hainia
nm0721014,Marcelle Rexiane
nm0134074,Marcello Cannavale
nm0000052,Marcello Mastroianni
nm0603091,Marcello Morante
nm0656496,Marcello Pagliero
nm0881969,Marcelo Uriona
nm0154788,Marchella Chebotarenko
nm1787838,Marcia Karp
nm2521504,Marcia Steinbrecher
nm5105099,Marcin Kowalczyk
nm0066879,Marco Behar
nm6261878,Marco Calamita
nm0274659,Marco Ferreri
nm0389424,Marco Hofschneider
nm0673260,Marco Perella
nm0958208,Marco Zuanelli
nm1344021,Marcos Hernández
nm0401935,Marcus Humphrey
nm6261876,Marcus O'Hara
nm3851090,Marcus Scribner
nm0464945,Marek Kondrat
nm0514351,Marek Litewka
nm0669922,Maren Pedersen
nm0487604,Marfa Lapkina
nm0059200,Margaret Barton
nm0077799,Margaret Bert
nm11222359,Margaret Chenier
nm0158632,Margaret Cho
nm0002121,Margaret Hamilton
nm0371135,Margaret Hayes
nm0479941,Margaret Lacey
nm0516994,Margaret Lockwood
nm0522702,Margaret Loveys
nm0565004,Margaret McCarron
nm0751983,Margaret Rutherford
nm0792212,Margaret Sheridan
nm0920569,Margaret Welsh
nm0074507,Margareta Bergfeldt
nm0166182,Margareth Clémenti
nm0126478,Margaretha Byström
nm0472234,Margaretha Krook
nm0903137,Margarethe von Trotta
nm0779540,Margaretta Scott
nm0147497,Margarita Ceballos
nm0410609,Margarita Isabel
nm5356128,Margarita Kenéfic
nm0523597,Margarita Lozano
nm0855486,Margarita Terekhova
nm0000029,Margaux Hemingway
nm0142318,Margherita Caruso
nm0320864,Margherita Girelli
nm0212869,Margia Dean
nm0025910,Margit Andelius
nm0137808,Margit Carlqvist
nm0141380,Margit Carstensen
nm0843348,Margit Symo
nm0192388,Margo Cunningham
nm0513327,Margo Lion
nm0553269,Margo Martindale
nm0822550,Margo Stanley
nm0071908,Margot Bennett
nm0437384,Margot Kane
nm0452288,Margot Kidder
nm0919402,Margreth Weivers
nm0143959,Marguerite Cassan
nm0239972,Marguerite Ducouret
nm0243921,Marguerite Duras
nm0350805,Marguerite Gérard
nm0365738,Marguerite Harrison
nm0604094,Marguerite Moreno
nm0210469,Marguerite de Morlaye
nm0017628,Mari Aldon
nm0040911,Mari Atsumi
nm0947547,Mari Carmen Yepes
nm0622412,Mari Natsuki
nm0710490,Mari Rantasila
nm0794207,Mari Shiraki
nm0843946,Mari Szemes
nm0879556,Mari Töröcsik
nm0949033,Mari Yoshimura
nm0019568,Maria Alice
nm0031337,Maria Antonietta Beluzzi
nm0095013,Maria Bonnevie
nm0006568,Maria Callas
nm0133008,Maria Campi
nm0138925,Maria Caro
nm0266029,Maria Falconetti
nm0303684,Maria Gambarelli
nm0306675,Maria Gardena
nm0290013,Maria Grazia Francia
nm0558326,Maria Grazia Sandri
nm3123740,Maria Guadalupe Chavez
nm0442844,Maria Kawamura
nm0443581,Maria Kazan
nm0453871,Maria Kimberly
nm0465350,Maria Konstadarou
nm0490334,Maria Latour
nm0187444,Maria Luisa Crescenzi
nm0526581,Maria Lundqvist
nm0579201,Maria Luísa Mendonça
nm0558801,Maria Mathiesen
nm0560749,Maria Mauban
nm0585170,Maria Michi
nm0254065,Maria Micol Ellero
nm2521898,Maria Mosholiou
nm0653642,Maria Ouspenskaya
nm0657145,Maria Pakulnis
nm1865985,Maria Pehipol
nm0143686,Maria Pia Casilio
nm0527787,Maria Pia Luzi
nm10802261,Maria Piednoir
nm0685651,Maria Pitarresi
nm1574827,Maria Popistasu
nm0770730,Maria Schell
nm0853736,Maria Tedeschi
nm0061306,Maria Teresa Battaglia
nm0953088,Maria Zanoli
nm1056444,Maria Zeheri
nm0210218,Maria de Medeiros
nm0733673,Maria do Roccio
nm0265813,Mariam Fakhr Eddine
nm1271832,Marian Ghenea
nm15703584,Marian Saastad Ottesen
nm0782480,Marian Seidowsky
nm0818025,Marian Spencer
nm0858011,Marian Thier
nm0968570,Mariana Anghileri
nm0024931,Marianne Aminoff
nm0219099,Marianne Denicourt
nm0265717,Marianne Faithfull
nm0373216,Marianne Hedengrahn
nm0001399,Marianne Jean-Baptiste
nm0425733,Marianne Johnson
nm0462367,Marianne Koch
nm0530458,Marianne Löfgren
nm0880716,Marianne O. Ulrichsen
nm0893941,Maribel Verdú
nm0224931,Marie Augustine Diatta
nm0042083,Marie Ault
nm0054292,Marie Bardischewski
nm8130163,Marie Becker
nm0068372,Marie Bell
nm0069252,Marie Belluc
nm0100292,Marie Bouteloup
nm0120431,Marie Bunel
nm0121783,Marie Burke
nm13422058,Marie Camera
nm0136487,Marie Cardinal
nm0149091,Marie Cesková
nm0208547,Marie De Geer
nm0221159,Marie Desgranges
nm0222394,Marie Devereux
nm0239447,Marie Dubois
nm0006741,Marie Déa
nm0318568,Marie Gili-Pierre
nm0351401,Marie Göranzon
nm0377519,Marie Henriau
nm0409764,Marie Iracane
nm0443811,Marie Kean
nm0481030,Marie Laforêt
nm0495985,Marie Lebée
nm0517919,Marie Lohr
nm6249945,Marie Lucas
nm0543719,Marie Mansart
nm0545054,Marie Marc
nm0618856,Marie Nademlejnská
nm1166897,Marie Pavlíková
nm0724688,Marie Richardson
nm0729691,Marie Rivière
nm0744638,Marie Rosulková
nm0757414,Marie Salacová
nm0821320,Marie Stafford
nm0839848,Marie Susini
nm0873005,Marie Trintignant
nm0030046,Marie-Ange Aniès
nm1178384,Marie-Blanche Dehaux
nm0056763,Marie-Christine Barrault
nm0294025,Marie-Claire Frémont
nm0712237,Marie-Claude Rauzier
nm0736655,Marie-Claude Roger
nm0102073,Marie-France Boyer
nm0585981,Marie-France Mignal
nm0685494,Marie-France Pisier
nm0746017,Marie-France Roussel
nm0106925,Marie-Hélène Breillat
nm0247995,Marie-Louise Ebeli
nm0814754,Marie-Louise Sorbon
nm0858043,Marie-Louise Thierry
nm0072225,Marie-Sidonie Benoist
nm0767084,Marie-Thérèse Saussure
nm14643700,Marietta
nm0338126,Marika Green
nm0031885,Mariko Aoyama
nm0297676,Mariko Fuji
nm0410976,Mariko Ishihara
nm0434553,Mariko Kaga
nm0644558,Mariko Ogawa
nm0645422,Mariko Okada
nm0837217,Mariko Sudô
nm0000447,Marilu Henner
nm0119321,Marilyn Buferd
nm0159629,Marilyn Chris
nm0247659,Marilyn Eastman
nm0663263,Marilù Parolini
nm0866186,Marilù Tolo
nm1108929,Marina Delivoria
nm16805387,Marina Kordoban
nm0900557,Marina Vlady
nm14326524,Marinana Camarasan
nm1475698,Marine Trichet
nm13120462,Marinela Piedrahita
nm0560602,Marinka Matuszewski
nm0166706,Marino Masé
nm0000728,Mario Adorf
nm0050966,Mario Balmaseda
nm0077344,Mario Berriatúa
nm0239634,Mario Dubuc
nm0274102,Mario Ferrari
nm0002869,Mario Gallo
nm0555227,Mario Iván Martínez
nm0417836,Mario Jannilli
nm0469831,Mario Kranz
nm0510810,Mario Limonta
nm0604098,Mario Moreno
nm0670643,Mario Peixoto
nm0685609,Mario Pisu
nm0811992,Mario Socrate
nm0819374,Mario Sponzo
nm0005522,Mario Van Peebles
nm0899887,Mario Vitale
nm0124592,Mario de Bustos
nm0124335,Marion Busia
nm0126410,Marion Byron
nm0129145,Marion Cajori
nm11453157,Marion Isaacs
nm0533045,Marion Mack
nm3571394,Marion Morris
nm0821637,Marion Stalens
nm0667542,Marisa Pavan
nm0691673,Marisa Porcel
nm0537343,Marise Maia
nm14475506,Marisela Villarruel
nm1948525,Marisol Gasé
nm0217022,Marissa Delgado
nm0729358,Maritza Rivera
nm0014446,Marius Aicher
nm0330961,Marius Goring
nm0229415,Mariusz Dmochowski
nm0470815,Mariya Kremneva
nm0513491,Mariya Lipkina
nm0899062,Mariya Vinogradova
nm0655452,Marja Packalén
nm0071913,Marjorie Bennett
nm0112131,Marjorie Brooks
nm0183143,Marjorie Cottreel
nm0309641,Marjorie Gateson
nm1748454,Marjorie Gestring
nm9010296,Marjorie Jones
nm0550323,Marjorie Mars
nm0946789,Marjorie Yates
nm0025018,Mark Amitin
nm0072949,Mark Benton
nm0095478,Mark Boone Junior
nm3609766,Mark Chao
nm0184108,Mark Cousins
nm0188646,Mark Crompton
nm0198480,Mark Daly
nm0000434,Mark Hamill
nm0155599,Mark Ho-nam Cheng
nm0416739,Mark James
nm0428753,Mark Jones
nm0485462,Mark Lane
nm0607238,Mark Morrison
nm3819185,Mark Nixon
nm0677297,Mark Peterson
nm0749263,Mark Ruffalo
nm0935047,Mark Wingett
nm0940697,Mark Woods
nm0671326,Markku Peltola
nm0954108,Marko Zecewic
nm0467800,Markos Kotsikos
nm2022292,Marku Ribas
nm0019986,Markus Allan
nm0777770,Markus Schweiger
nm0484762,Marla Landi
nm0559144,Marlee Matlin
nm0000017,Marlene Dietrich
nm0287168,Marlene Forte
nm2009554,Marlon Ramirez
nm0394070,Marlyn Hopewell
nm0018874,Marlène Alexandre
nm0423381,Marlène Jobert
nm0206026,Marpessa Dawn
nm0006739,Marquard Bohm
nm2370737,Marquise Vilsón
nm0211012,Marqués De Portago
nm0556850,Marsha Mason
nm0250616,Marshall Efron
nm0737074,Marshall Rogers
nm0860471,Marshall Thompson
nm0869495,Marshall Touchton
nm0396028,Marta Hoskins
nm1600742,Marta Lubos
nm4658761,Marta Mazurek
nm0736346,Marta Roel
nm3423463,Marte Engebrigtsen
nm0000588,Martha Plimpton
nm0713106,Martha Raye
nm0551762,Marthe Marty
nm0578129,Marthe Mellot
nm0828609,Marti Stevens
nm0044133,Martin Azarow
nm0072337,Martin Benrath
nm0072578,Martin Benson
nm0279046,Martin Fischer
nm0307043,Martin Garner
nm0339668,Martin Gregor
nm0373905,Martin Heidegger
nm0391411,Martin Hollý
nm0467170,Martin Kosleck
nm0489425,Martin LaSalle
nm0517218,Martin Loeb
nm15332571,Martin Lundström
nm0610675,Martin Mrazek
nm0697338,Martin Priest
nm3587751,Martin Scali
nm0000217,Martin Scorsese
nm0000640,Martin Sheen
nm0908013,Martin Walker
nm0927093,Martin Widerberg
nm0927423,Martin Wielgus
nm14958371,Martina Scrinzi
nm0138987,Martine Carol
nm0274949,Martine Ferrière
nm0310361,Martine Gautier
nm0890909,Martine Vatel
nm0107849,Martine de Breteuil
nm0402558,Martita Hunt
nm0050246,Marty Balin
nm3151432,Marty Christiansen
nm0693212,Marty Pottenger
nm0338139,Martyn Green
nm0012033,Martín Adjemián
nm1236801,Martín Serrano
nm6959025,Martín Wall
nm0294393,Maruchi Fresno
nm5445305,Maruia Shelton
nm0951546,Marusia Zach
nm4519728,Marva Buchanan
nm6857814,Marvin Coroy
nm0764646,Marvin Sapp
nm0063038,Mary Bayless
nm0100565,Mary Bovard
nm0106748,Mary Breen
nm0047720,Mary Brian
nm2555469,Mary Bronstein
nm0163515,Mary Clare
nm0202629,Mary Davenport
nm3058240,Mary Donahue
nm0233390,Mary Doran
nm0548266,Mary Ellen Mark
nm0285376,Mary Forbes
nm0370070,Mary Hawking
nm0383275,Mary Jane Higby
nm0005316,Mary Kay Place
nm0449844,Mary Kerridge
nm0334419,Mary Lou Grailau
nm1400208,Mary Lynn
nm0533712,Mary MacLaren
nm0641304,Mary Margaret O'Hara
nm0606783,Mary Morris
nm0612853,Mary Mounib
nm0763168,Mary Nell Santacroce
nm0639698,Mary O'Brien
nm0764339,Mary Santpere
nm0878500,Mary Twala
nm0881829,Mary Ure
nm0668976,Mary Vivian Pearce
nm1399588,Mary Wilson Price
nm0001862,Mary Woronov
nm1235696,Maryam Karimi
nm8533607,Maryanne Ng-Yew
nm4672752,Marylee & Russell Rogers
nm2352236,Maryse Viscard
nm0920898,Maryse Wendling
nm0393389,Marzio Honorato
nm0056686,María Barranco
nm0069296,María Belmar
nm0143018,María Casares
nm0273251,María Clara Fernández de Loaysa
nm1470282,María Duval
nm0282894,María Elena Flores
nm0290733,María Francés
nm0299661,María Félix
nm0410751,María Isbert
nm0152879,María José Charfole
nm0699949,María José Puerta
nm0305324,María Luisa García
nm0690592,María Luisa Ponte
nm7241318,María Mercedes Coroy
nm8198281,María Serrano
nm0844675,María Sánchez Aroca
nm5214293,María Telón
nm0892304,María Velasco
nm0891631,María Vico
nm0209368,María de la Riva
nm0785583,María del Mar Serrano
nm0702479,Marília Pêra
nm2344050,Masaaki Akahori
nm0197379,Masaaki Daimon
nm0386265,Masaaki Hirao
nm7015432,Masaaki Kôno
nm4225784,Masae Abe
nm1366376,Masaharu Arikawa
nm0632761,Masahiko Nishimura
nm0793618,Masahiko Shimazu
nm0441375,Masahiko Tsugawa
nm0609403,Masahiro Motoki
nm0793983,Masahiro Shinoda
nm1074399,Masahiro Toda
nm1473110,Masaichi Hamaguchi
nm0948499,Masakane Yonekura
nm0848785,Masakazu Tamura
nm2347861,Masaki Okada
nm4027243,Masaki Suda
nm0556051,Masako
nm1212338,Masako Aboshi
nm0617078,Masako Akeboshi
nm0034884,Masako Arisawa
nm14947267,Masako Chiba
nm0441534,Masako Katsuki
nm0477461,Masako Kyôzuka
nm0944902,Masako Yagi
nm0367938,Masami Hasegawa
nm0394724,Masami Horiuchi
nm1671571,Masami Morikawa
nm0851520,Masami Taura
nm5509020,Masanao Kawakane
nm0847393,Masanobu Takashima
nm0394699,Masanori Horimoto
nm0784778,Masanori Sera
nm0010395,Masao Adachi
nm0370574,Masao Hayama
nm0408005,Masao Imafuku
nm1473696,Masao Koshimizu
nm0476194,Masao Kusakari
nm0559420,Masao Matsuda
nm0592756,Masao Mishima
nm0643870,Masao Oda
nm0793674,Masao Shimizu
nm0906699,Masao Wakahara
nm0464897,Masaomi Kondô
nm5914800,Masashi Makita
nm2953505,Masataka Kubota
nm0014936,Masato Aizawa
nm0353717,Masato Hagiwara
nm1126905,Masatomo Nakabayashi
nm0619185,Masatoshi Nagase
nm0847157,Masaya Takahashi
nm0875369,Masaya Tsukida
nm0052491,Masayo Banri
nm0594393,Masayo Miyako
nm1387773,Masayo Umezawa
nm0652987,Masayoshi Ôtsuka
nm0408029,Masayuki Imai
nm16047057,Masayuki Kubota
nm0605270,Masayuki Mori
nm0794044,Masayuki Shionoya
nm0950784,Masayuki Yui
nm0556344,Masha Mashkova
nm0758317,Masoameh Salimi
nm0543977,Masood Mansouri
nm0292374,Massimo Fratus
nm0320988,Massimo Girotti
nm0691316,Massimo Popolizio
nm2404969,Massimo Vignelli
nm0952854,Masud Zandbegleh
nm1218907,Masumi Asano
nm0367370,Masumi Harukawa
nm0645426,Masumi Okada
nm0633154,Matasaburô Niwa
nm2592913,Mateo Garcia
nm3079991,Mateusz Kosciukiewicz
nm0927436,Mathias Wieman
nm0023832,Mathieu Amalric
nm0140649,Mathieu Carrière
nm0218843,Mathieu Demy
nm0440913,Mathieu Kassovitz
nm0771532,Mathieu Schiffman
nm0000528,Mathilda May
nm0630927,Mathilde Nielsen
nm0616344,Matilde Muñoz Sampedro
nm0885417,Mato Valtonen
nm0224406,Matoura Dia
nm0137977,Mats Carlson
nm7968631,Matt Hurley
nm1249596,Matt Koby
nm0566570,Matt McCormick
nm0601596,Matt Moore
nm0998480,Matt Newton
nm0099608,Matthew Boulton
nm2400521,Matthew Carter
nm0144048,Matthew Cassel
nm0206203,Matthew Dawson
nm0479612,Matthew Labyorteaux
nm0000546,Matthew Modine
nm0908022,Matthew Walker
nm0104966,Matthias Brandt
nm0297258,Matthias Fuchs
nm0352278,Matthias Habich
nm0412938,Matti Jaaranen
nm0648743,Matti Onnismaa
nm0671231,Matti Pellonpää
nm0250207,Mattie Edwards
nm0937058,Mattie Witting
nm0316702,Matyelok Gibbs
nm0361458,Maud Hansson
nm0713119,Maud Rayer
nm0242283,Maudie Dunham
nm16882855,Maura Jasper
nm0216319,Maureen Delaney
nm0001577,Maureen O'Sullivan
nm0838928,Mauri Sumén
nm0042695,Maurice Auzel
nm0052703,Maurice Baquet
nm0066519,Maurice Beerblock
nm0083234,Maurice Biraud
nm0102916,Maurice Braddell
nm0107496,Maurice Brenner
nm0076319,Maurice Bénard
nm13546364,Maurice Charlotin
nm0184142,Maurice Coussonneau
nm0935659,Maurice Dean Wint
nm0219062,Maurice Denham
nm0263052,Maurice Evans
nm0308041,Maurice Garrel
nm0318888,Maurice Gilles
nm0537629,Maurice Maillot
nm0608373,Maurice Moscovitch
nm0614515,Maurice Murphy
nm0681207,Maurice Pialat
nm0720783,Maurice Revel
nm0728208,Maurice Risch
nm0740067,Maurice Ronet
nm0776914,Maurice Schutz
nm0856764,Maurice Teynac
nm0299674,Maurice de Féraudy
nm5460328,Mauricea Conceição
nm0561142,Mauricet
nm1463135,Maurizio Di Paolantonio
nm0576862,Maurizio Mein
nm0001999,Maury Chaykin
nm0229489,Maurício do Valle
nm0707902,Mavelikara Ramachandran
nm0601603,Mavor Moore
nm13362475,Max Angst
nm0076692,Max Berner
nm13362529,Max Bolkart
nm0104967,Max Brandt
nm0109421,Max Brimmell
nm0142049,Max Cartier
nm0191504,Max Cullen
nm0197589,Max Dalban
nm0213172,Max Dearly
nm0247342,Max Earle
nm0296365,Max Fromm
nm0319184,Max Gillies
nm0996108,Max Handley
nm0379277,Max Hermann
nm0413181,Max Jackman
nm0480680,Max Laemmle
nm0561637,Max Maxudian
nm2030714,Max Trachter
nm0887706,Max Van Peebles
nm0908458,Max Wall
nm0884561,Max Wolf Valerio
nm0001884,Max von Sydow
nm0742438,Maxie Rosenbloom
nm0296351,Maxime Fromiot
nm0754144,Maximilian Rüthlein
nm0041602,Maxine Audley
nm0356294,May Hallatt
nm4671078,May Justice
nm13612216,May Leitz
nm0926599,May Whitty
nm16604319,Maya Gondry
nm1638321,Maya Hawke
nm0264330,Maynard Eziashi
nm0642902,Mayrata O'Wisiedo
nm0845053,Mayte Sanchez
nm1371186,Mayumi Kurata
nm0619337,Mayumi Nagisa
nm0644561,Mayumi Ogawa
nm1968057,Mayumi Tsukiji
nm0596384,Mayuri Mokushô
nm0119891,Mayya Bulgakova
nm11888419,Mbayang Gaye
nm0228027,Mbissine Thérèse Diop
nm1971931,Md. Moslemuddin
nm0731409,Meade Roberts
nm0001533,Meat Loaf
nm0343743,Mechthild Großmann
nm0229111,Medea Japaridze
nm0000212,Meg Ryan
nm3360917,Megan Channell
nm0654208,Megan Owen
nm0887707,Megan Van Peebles
nm0420923,Megs Jenkins
nm0038374,Megumi Asaoka
nm0643894,Megumi Odaka
nm0072279,Mehdi Benoufa
nm0880742,Mehmet Ulusoy
nm0013844,Mehrdad Ahankhah
nm12403453,Mei-Feng Chen
nm0576625,Mei-Mei Hung
nm1231872,Meifeng Chen
nm0785167,Meika Seri
nm0435299,Meiko Kaji
nm0577150,Meiying Jia
nm0002072,Mel Ferrer
nm0397495,Mel Howard
nm0809321,Mel Smith
nm14643703,Mela
nm0000429,Melanie Griffith
nm0571580,Melanie Mackenzie
nm0563039,Melanie Mayron
nm0629517,Melanie Nicholls-King
nm0271629,Melbourne I. Feltman
nm0076659,Melina Bernecker
nm0227039,Melinda Dillon
nm0455688,Melinda Kinnaman
nm12613164,Melisa Lopez
nm1060686,Melissa A. Dunn
nm0370781,Melissa Hayden
nm2467980,Melissa Murdock
nm0834320,Melissa Stribling
nm13253441,Melitta Brunner
nm0017934,Melkon Alekyan
nm0693799,Melvil Poupaud
nm0178259,Melville Cooper
nm0068956,Melvin Belli
nm0887708,Melvin Van Peebles
nm0552777,Melvyn Martin
nm1662525,Mely Mallari
nm0139214,Memmo Carotenuto
nm0516327,Meng Lo
nm0510849,Meng-chin 'Adriene' Lin
nm0016554,Mercedes Albert
nm0318171,Mercedes Gilbert
nm0608187,Mercedes Morán
nm0178260,Merian C. Cooper
nm0643353,Merle Oberon
nm0077902,Merlin Berth
nm0448224,Merna Kennedy
nm7412246,Merrill Garbus
nm0923266,Merritt Wever
nm8622974,Merton
nm4918569,Merve Dizdar
nm0001201,Mia Farrow
nm0361135,Mia Hansen-Løve
nm0000477,Mia Kirshner
nm1985859,Mia Wasikowska
nm0583964,Miao Tien
nm0168131,Micha Cochina
nm2754649,Michael 'Gringo' Nieto
nm0017739,Michael Aldridge
nm0045937,Michael Badalucco
nm0050163,Michael Balfour
nm0000841,Michael Ballhaus
nm0077888,Michael Bertenshaw
nm0082689,Michael Bilton
nm0111721,Michael Brooke
nm0098292,Michael Brostrup
nm0962130,Michael Brown
nm0117188,Michael Bryant
nm0000323,Michael Caine
nm0152249,Michael Chaplin
nm0185954,Michael Craig
nm0200599,Michael Dante
nm0219221,Michael Denison
nm0226818,Michael Dillane
nm0234711,Michael Doucet
nm0000140,Michael Douglas
nm0255573,Michael Elphick
nm0256387,Michael Emil
nm1092022,Michael Esper
nm1055413,Michael Fassbender
nm0328982,Michael Goodliffe
nm0001284,Michael Gough
nm0185163,Michael Graham Cox
nm0372360,Michael Healy
nm0383449,Michael Higgins
nm0386066,Michael Hinz
nm0389660,Michael Hogben
nm0394588,Michael Hordern
nm0408284,Michael Imperioli
nm0000461,Michael Ironside
nm1558628,Michael J Rogers
nm0689488,Michael J. Pollard
nm0998350,Michael Jong-Quin Huang
nm0000474,Michael Keaton
nm0809353,Michael Keith Smith
nm0931324,Michael Kenneth Williams
nm0453117,Michael Killanin
nm0482175,Michael Lake
nm0491135,Michael Laurence
nm0503627,Michael Lerner
nm0003909,Michael Lonsdale
nm0535421,Michael Maertens
nm0535854,Michael Magee
nm1019360,Michael Martin
nm0557219,Michael Massee
nm0573158,Michael McManus
nm0575974,Michael Medwin
nm0001589,Michael Palin
nm0397503,Michael R. Howard
nm0714878,Michael Redgrave
nm0719692,Michael Rennie
nm0728346,Michael Rispoli
nm0748125,Michael Rubin
nm0928795,Michael Shamus Wiles
nm0809338,Michael Smith
nm4287645,Michael Sorkin
nm1511554,Michael Sullivan
nm0867573,Michael Toost
nm0875951,Michael Tucker
nm0151155,Michael Wai-Man Chan
nm0912046,Michael Wardle
nm0928697,Michael Wilding
nm0000699,Michael Wincott
nm0939255,Michael Wong
nm1652433,Michael Zegen
nm0048068,Michal Bajor
nm1772518,Michal Bregant
nm0374803,Michal Hejný
nm0667691,Michal Pavlata
nm0850494,Michal Tarkowski
nm5584702,Michalina Olszanska
nm0029223,Michel André
nm0041509,Michel Auclair
nm0042104,Michel Aumont
nm0064650,Michel Beaune
nm0078158,Michel Berto
nm0092330,Michel Boisrond
nm0109276,Michel Briguet
nm0139140,Michel Caron
nm0143948,Michel Cassagne
nm0151303,Michel Chanderli
nm0176039,Michel Constantin
nm0183716,Michel Cournot
nm0187668,Michel Creuze
nm0213502,Michel Debord
nm0239816,Michel Duchaussoy
nm0262014,Michel Etcheverry
nm0275093,Michel Ferry
nm0291987,Michel François
nm0301556,Michel Galabru
nm0381134,Michel Herubel
nm0468209,Michel Kovachevitch
nm0494336,Michel Le Gouill
nm0006166,Michel Legrand
nm0505676,Michel Lewin
nm0622041,Michel Nastorg
nm1700839,Michel Palmer
nm0681566,Michel Piccoli
nm0718874,Michel Renaudeau
nm0785664,Michel Serrault
nm0800302,Michel Simon
nm0816428,Michel Soyet
nm0836977,Michel Subor
nm0855801,Michel Terrazon
nm0859732,Michel Thomass
nm0900062,Michel Vitold
nm0901401,Michel Voletti
nm0042475,Michele Austin
nm0541967,Michele Manenti
nm0591533,Michele Minns
nm0757129,Michele Sakara
nm0093655,Micheline Bona
nm0154989,Micheline Cheirel
nm0289932,Micheline Francey
nm0696163,Micheline Presle
nm0738300,Micheline Rolla
nm0052216,Michelle A. Banks
nm0068886,Michelle Bellerose
nm0350445,Michelle Gylemo
nm0391969,Michelle Holmes
nm0680645,Michelle Phillips
nm0718348,Michelle Reis
nm0735442,Michelle Rodriguez
nm0829672,Michelle Stewart
nm0931329,Michelle Williams
nm0000706,Michelle Yeoh
nm0533943,Micheál MacLiammóir
nm4501511,Michi Azuma
nm0855384,Michie Terada
nm13667565,Michiko Ai
nm0032894,Michiko Araki
nm0352601,Michiko Hada
nm4601700,Michiko Ito
nm0476673,Michiko Kuwano
nm1508894,Michiko Oikawa
nm1022000,Michiko Ono
nm0755953,Michiko Saga
nm0837417,Michiko Sugata
nm0652988,Michiko Ôtsuka
nm0948434,Michino Yokoyama
nm3472072,Michinori Yoshida
nm0385843,Michio Hino
nm0411723,Michio Ito
nm0590902,Michirô Minami
nm0594702,Michitarô Mizushima
nm0033171,Michiyo Aratama
nm0463152,Michiyo Kogure
nm0644856,Michiyo Yasuda
nm0047643,Michèle Bailly
nm0062369,Michèle Baumgartner
nm0089038,Michèle Blondeel
nm0107894,Michèle Breton
nm1092533,Michèle Chahan
nm0971400,Michèle Comte
nm0320758,Michèle Girardon
nm0322486,Michèle Gleizer
nm0580440,Michèle Mercier
nm0599284,Michèle Montel
nm0604331,Michèle Moretti
nm0006807,Michèle Morgan
nm0617741,Michèle Méritz
nm0753648,Michèle Rème
nm0761187,Michèle Sand
nm0285795,Mick Ford
nm0001396,Mick Jagger
nm0428851,Mick Jones
nm0852909,Mick Taylor
nm16393571,Mickael Rakovski
nm0048776,Mickey Baker
nm0193459,Mickey Curtis
nm0200040,Mickey Daniels
nm0461658,Mickey Knox
nm2316017,Mickey Sumner
nm0842435,Mickey Swenson
nm1216782,Midori Isomura
nm0457845,Midori Kiuchi
nm0879790,Midori Uchiyama
nm6757325,Mie Fuji
nm0357240,Mie Hama
nm0457519,Mie Kitahara
nm0620332,Mie Nakao
nm0447689,Mieko Kondô
nm0766306,Mieko Satô
nm0847302,Mieko Takamine
nm0951181,Mieko Yûki
nm1559284,Mighty Duke
nm11004258,Miguel Chavez
nm0001208,Miguel Ferrer
nm0276727,Miguel Figueroa
nm0558245,Miguel Mateo 'Miguelín'
nm0370717,Miguel Palenzuela
nm0681467,Miguel Picazo
nm0693925,Miguel Poveda
nm0762153,Miguel Sandoval
nm0785260,Miguel Sermão
nm0813691,Miguel Ángel Solá
nm1171700,Mihai Bratila
nm0631621,Miho Nikaido
nm0793083,Mihoko Shibata
nm0466345,Mihály Kormos
nm0054334,Mijanou Bardot
nm5517248,Mikael Allu
nm13400507,Mike Austin
nm0089280,Mike Bloomfield
nm0094476,Mike Bongiorno
nm0103561,Mike Bradwell
nm0172531,Mike Collins
nm8252599,Mike Conley
nm0199361,Mike Danning
nm0232826,Mike Donilon
nm0232592,Mike Donlin
nm8551430,Mike Gordon
nm7968700,Mike Hartsock
nm0463002,Mike Koewler
nm17527557,Mike Lesser
nm0551062,Mike Marshall
nm16882863,Mike Mascis
nm0604914,Mike Morgan
nm0120878,Mike Moroff
nm2402298,Mike Parker
nm5404816,Mike Sida
nm15710979,Mike Slye
nm16345593,Mike Tyler
nm0125730,Mikhail Bychkov
nm0327150,Mikhail Gomorov
nm0440397,Mikhail Kozakov
nm0476843,Mikhail Kuznetsov
nm0623442,Mikhail Nazvanov
nm0955541,Mikhail Zharov
nm0409959,Miki Irie
nm0423101,Miki Jinbo
nm6817171,Miki Mori
nm0620397,Miki Nakatani
nm0643887,Miki Odagiri
nm0762807,Miki Sanjô
nm0946591,Miki Yashiro
nm0386179,Mikijirô Hira
nm0875207,Mikiko Tsubouchi
nm0621456,Mikio Narita
nm0855395,Mikio Terashima
nm0310167,Mikkel Gaup
nm5657929,Miko Hirata
nm0480554,Mikulás Ladizinský
nm0664186,Mila Parély
nm0822275,Mila Stanic
nm12858491,Mila Troncoso
nm0422539,Milada Jezková
nm0525260,Milan Lugomirski
nm0608196,Milan Morávek
nm0841383,Milan Svrcina
nm0205192,Mildred Davis
nm0622450,Mildred Natwick
nm0237244,Milena Dravic
nm0952043,Milena Zahrynowska
nm0152187,Miles Chapin
nm0539942,Miles Malleson
nm0541766,Miles Mander
nm0999419,Miles Thompson
nm1589584,Milford Graves
nm5988725,Milisuthando Bongela
nm2308688,Milivoj Uzelac Jr.
nm0092702,Millan Bolander
nm0674012,Millie Perkins
nm0925242,Millie White
nm0558936,Milly Mathis
nm2975818,Milos Ctrnacty
nm0001232,Milos Forman
nm0465716,Milos Kopecký
nm0718727,Milos Rejchrt
nm0901065,Milos Vognic
nm0904705,Milos Vávra
nm0932204,Milos Willig
nm0953730,Milos Zavadil
nm0532648,Milt Machlin
nm0321248,Milton Gittleman
nm0328604,Milton Gonçalves
nm0740854,Milton Rosa
nm0743099,Milton Rosmer
nm1569349,Mimi Branescu
nm6693244,Mimi Klausner
nm0625624,Mimi Nelson
nm0689433,Mimi Pollak
nm0002069,Mimsy Farmer
nm0034147,Mimí Ardú
nm5651810,Min Bok-gi
nm6877833,Mina Kavani
nm0451371,Mina Mohammad Khani
nm0469027,Minako Katsuki
nm2964162,Minako Kotobuki
nm2065912,Minda Martin
nm10220246,Mine Sögüt
nm2888181,Minfen Zhao
nm1141596,Ming Hsu
nm0438067,Ming Kao
nm0526705,Ming Yan Lung
nm5977373,Ming-Suen Jeng
nm0831467,Mink Stole
nm4104320,Mino Aco
nm0914808,Minor Watson
nm0855385,Minori Terada
nm0156928,Minoru Chiaki
nm0387973,Minoru Hodaka
nm0847031,Minoru Takada
nm0847394,Minoru Takashima
nm0645011,Minoru Ôki
nm0051813,Minosuke Bandô
nm0945253,Minosuke Yamada
nm0866681,Minpei Tomimoto
nm0146235,Minto Cato
nm0028965,Miodrag Andric
nm0591875,Miou
nm0591877,Miou-Miou
nm4739772,Miquelina Barros
nm0634800,Mir Hossein Noori
nm1708668,Mira Billotte
nm0432380,Miranda July
nm0722614,Miranda Rhyne
nm0028303,Mircea Andreescu
nm0038375,Mirei Asaoka
nm0041565,Mireille Audibert
nm0047644,Mireille Bailly
nm0014800,Mireille Darc
nm1178763,Mireille Laurenchet
nm0558871,Mireille Mathieu
nm0639044,Mireille Nègre
nm0674629,Mireille Perrey
nm2409524,Mirela Apostu
nm1893752,Mirela Cioaba
nm1347075,Mirela Oprisor
nm0723280,Mirella Ricciardi
nm0394244,Miriam Hopkins
nm0437985,Miriam Kantorková
nm0439507,Miriam Karlin
nm0538460,Miriam Makeba
nm16159340,Miriam Mallon
nm0555256,Miriam Martínez
nm1673982,Miriam Matejovsky
nm0320746,Mirna Girardi
nm0194166,Miroslav Cvrk
nm0392705,Miroslav Holub
nm0532714,Miroslav Machácek
nm0538717,Miroslav Makoviychuk
nm0559146,Miroslava Matlochová
nm0048121,Miroslaw Baka
nm0589019,Mirta Miller
nm0879947,Misa Uehara
nm0465209,Misako Konno
nm0849036,Misako Tanaka
nm0866696,Misako Tominaga
nm0913843,Misako Watanabe
nm0367373,Misayo Haruki
nm0041681,Mischa Auer
nm14893913,Misha Malcolm
nm0048784,Missy Baker
nm5176270,Missy Franklin
nm0944886,Missy Yager
nm0203869,Mitch Davies
nm0239307,Mitch Dubin
nm0338564,Mitchell Greenberg
nm0395975,Mitsuaki Hoshino
nm5964071,Mitsugu Fujita
nm0409302,Mitsuharu Inoue
nm0047963,Mitsuko Baishô
nm0406755,Mitsuko Ichimura
nm0411017,Mitsuko Ishii
nm0476179,Mitsuko Kusabue
nm0593930,Mitsuko Mito
nm0594244,Mitsuko Miura
nm0605281,Mitsuko Mori
nm0948989,Mitsuko Yoshikawa
nm5476098,Mitsumura Ikebe
nm0619213,Mitsuo Nagata
nm0386294,Mitsuru Hirata
nm0708479,Mitsusaburô Ramon
nm7015433,Mitsuya Koizumi
nm1743016,Mitsuyo Mizushima
nm0847033,Miwa Takada
nm0297860,Miwako Fujitani
nm0015128,Miyoko Akaza
nm0476675,Miyuki Kuwano
nm5489147,Miyuki Yoshizawa
nm0637984,Mizan Kirby
nm0840646,Mizuho Suzuki
nm0472416,Mladen Krstevski
nm0234261,Mlle Doryans
nm0567560,Mo McDermott
nm1291630,Mo-Lin Yu
nm0782891,Mobutu Sese Seko
nm0264303,Moeko Ezawa
nm0450185,Mohamad Ali Keshavarz
nm8541050,Mohamad Atef
nm5599991,Mohamad Dolati
nm16397973,Mohamad H. Bzeih
nm12650044,Mohamad Ramezani Pour
nm0008131,Mohamed Abdel Gawad
nm0069934,Mohamed Ben Kassen
nm0609832,Mohamed Mounir
nm15163224,Mohammad Dadras
nm0267060,Mohammad Farakani
nm0722072,Mohammad Reza Nematzadeh
nm0787512,Mohammad Shahani
nm0059504,Mohammadreza Baryar
nm0049084,Mohammed Bakhtiar
nm0998138,Mohammed Tawfik
nm0012881,Mohan Agashe
nm0324843,Mohan Gokhale
nm2733342,Mohsen Hassanain
nm0435760,Mohsen Kafili
nm0538532,Mohsen Makhmalbaf
nm0595989,Mohsen Mohieddin
nm10806302,Mohsen Shah Mohammadi
nm17098309,Mohtaram Shirzad
nm1466339,Moichi Tanabe
nm1977060,Moin Ahmed
nm0514263,Moira Lister
nm0790452,Moira Shearer
nm0144827,Molly Castelloe
nm0662793,Molly Parkin
nm1272943,Molly Rush
nm0788340,Molly Shannon
nm4427660,Moloy Roy
nm0621190,Momar Nar Sene
nm0442708,Momoko Kôchi
nm0230734,Mona Dol
nm0311957,Mona Geijer-Falkner
nm0515421,Mona Lisa
nm1132749,Mona Mairesse
nm0540204,Mona Malm
nm0617527,Mona Mårtenson
nm0227528,Monette Dinay
nm0632807,Money Mark
nm1715144,Monica Barladeanu
nm0900143,Monica Vitti
nm0955199,Monica Zetterlund
nm0639295,Monika Nüchtern
nm0872331,Monika Treut
nm0903258,Monika von Zallinger
nm0077989,Monique Bertho
nm0154319,Monique Chaumette
nm0184318,Monique Couturier
nm1177341,Monique Godard
nm0377306,Monique Hennessy
nm0494538,Monique Le Porrier
nm0582195,Monique Messine
nm0617585,Monique Mélinand
nm0738331,Monique Rolland
nm1320135,Monique Simonet
nm0013845,Monoochehr Ahankhah
nm0172560,Monte Collins
nm0739617,Montse García Romeu
nm2292317,Montserrat Marañon
nm0038653,Monty Ash
nm0497920,Moon Lee
nm0573834,Morag McNee
nm0135247,Moran Caplat
nm1080104,Morgan Brown
nm0881518,Morgan Upton
nm0940971,Morgan Woodward
nm0443559,Morio Kazama
nm10773518,Moriz Seeler
nm0334234,Morland Graham
nm5871830,Morningstar Angeline
nm0647752,Moroni Olsen
nm4852221,Morris Hugh
nm0482368,Morris Lalara
nm4173770,Morten Svartveit
nm1922789,Mortimer Burroughs
nm0783527,Morton Selten
nm1410360,Morven Christie
nm0850425,Mostafa Tari
nm5055799,Motell Gyn Foster
nm3727181,Motoji Fujiwara
nm0228088,Mouss Diouf
nm0088831,Moussa Blogo
nm0228028,Moustapha Diop
nm0876997,Moustapha Touré
nm0944838,Moustapha Yade
nm11177903,Moxi Zishi
nm0103696,Moya Brady
nm0263395,Mrs. Evelyn
nm11214660,Mucheng Guo
nm0847628,Muga Takewaki
nm0000738,Muhammad Ali
nm0351641,Muharrem Gürses
nm6795649,Mui Duc Giang
nm0611617,Mukri
nm13395887,Mung-Sek Kei
nm0612840,Muni
nm0613512,Murali
nm1832197,Murat Baran
nm4935291,Muriel Buck Humphrey
nm0173578,Muriel Combe
nm13422063,Muriel Cutler
nm1449891,Muriel Gaines
nm0313549,Muriel George
nm0809421,Muriel Smith
nm0614046,Murph
nm0189927,Murray Cruchley
nm0578527,Murray Melvin
nm0868092,Musa Torkizadeh
nm8237692,Musab Ekici
nm1953752,Mustafa Razvi
nm0757299,Mutsuko Sakura
nm1970665,Mutsuo Yoshioka
nm13403156,Mykola Avilov
nm4671069,Myles Horton
nm0123824,Myra Burwell
nm0102078,Myriam Boyer
nm0629200,Myriam Niang
nm4852225,Myrtle Berman
nm0714019,Márcia Real
nm0740179,Mária Ronyecz
nm0850950,Mária Tasnádi Fekete
nm0000749,Mädchen Amick
nm0033390,Märta Arbin
nm0233549,Märta Dorff
nm0491259,Mélanie Laurent
nm5420915,Mélinée Leclerc
nm1129627,Mélodie Berenfeld
nm0617190,Míla Myslíková
nm0685140,Míriam Pires
nm0709654,Mónica Randall
nm3319116,Münir Can Cindoruk
nm0044744,N. Babanini
nm0247982,Nabila Ebeid
nm0221631,Nada Despotovich
nm0278500,Nada Fiorelli
nm0374799,Nada Hejna
nm0881782,Nada Urbánková
nm0456409,Nadao Kirino
nm2028715,Nadav Lapid
nm0315938,Nader Ghoulami
nm15703322,Nadia Bonnevie
nm0173536,Nadia Comaneci
nm0434191,Nadia Kaci
nm0527398,Nadia Lutfi
nm0653080,Nadia Ottaviani
nm0050913,Nadine Ballot
nm0636146,Nadine Nortier
nm7420521,Nadège Ouedraogo
nm0108946,Naemi Briese
nm1717426,Nagamasa Yamada
nm0867392,Nagiko Tôno
nm0268854,Naglaa Fathi
nm0406563,Nagwa Ibrahim
nm4580178,Naian González Norvind
nm0636363,Nailea Norvind
nm0837867,Naim Suleymanoglu
nm0913319,Naima Wasfy
nm0927711,Naima Wifstrand
nm1680142,Najarra Townsend
nm5599978,Najibeh Habibi
nm0632385,Najwa Nimri
nm0848791,Nami Tamura
nm0442789,Namiko Kawashima
nm0325667,Nan Goldin
nm7987902,Nan Ji
nm14915699,Nan Yan
nm11184474,Nana Benamer
nm4515891,Nana Manu
nm3535066,Nana Mensah
nm0559652,Nanako Matsushima
nm0000262,Nancy Allen
nm16162109,Nancy Arlin
nm0358075,Nancy Hamilton
nm0477088,Nancy Kwan
nm0697066,Nancy Price
nm0207112,Nancy de Antonio
nm0430493,Nanding Josef
nm0023828,Nandjiwarra Amagula
nm0116515,Nando Bruno
nm0162030,Nando Cicero
nm0649756,Nando Orfei
nm0314590,Nane Germon
nm0299345,Naoe Fushimi
nm0837534,Naoki Sugiura
nm5256518,Naoko Fujiyama
nm0473541,Naoko Kubo
nm1975623,Naoko Yamazaki
nm0652740,Naoko Ôtani
nm0615531,Naomasa Musaka
nm0001984,Naomi Campbell
nm1428706,Naomi Hoshi
nm0794193,Naomi Shiraishi
nm0828653,Naomi Stevens
nm0915208,Naomi Watts
nm6228755,Naomi Yang
nm2655853,Naoto Fukasawa
nm0847562,Naoto Takenaka
nm0476196,Naoya Kusakawa
nm2914750,Naoyuki Asahina
nm0200044,Napoleon J. Daniels
nm0595323,Nar Modou
nm1230844,Narain
nm5574054,Narayan Ghosh
nm9391980,Narges Delaram
nm0004291,Nargis
nm3268160,Nariman Massoumi
nm6852883,Naruko Satô
nm0370644,Narutoshi Hayashi
nm15588301,Naser Hashemi
nm17098308,Naser Omoumii
nm2082033,Nasrin Khusrawi
nm0315838,Nass-El Ghiwane
nm0000176,Nastassja Kinski
nm0154848,Nat Chediak
nm0671738,Nat Pendleton
nm13359286,Natale Bertocco
nm0015197,Natalia Akerman
nm10423537,Natalia Aranguren
nm0419160,Natalia Jasen
nm0712944,Natalia Ray
nm15795277,Natalie Monarrez
nm1560585,Natalie Quick
nm17088121,Natalie Robinson
nm0000081,Natalie Wood
nm4472370,Nataly Rocha
nm0009125,Natalya Abramova
nm0094081,Natalya Bondarchuk
nm0125608,Natalya Buzko
nm0248217,Natalya Leble
nm0707725,Natalya Ralleva
nm2983400,Natasa Stork
nm0001670,Natasha Richardson
nm0739778,Natasha Romulus
nm0805656,Natasha Slayton
nm2302939,Nate Barnett
nm0244631,Nate Dushku
nm0362462,Nate Hardman
nm1676649,Nate Parker
nm6066190,Nate Wilson
nm6422163,Natey Jones
nm0039580,Nathalie Asnar
nm0000882,Nathalie Baye
nm0100280,Nathalie Boutefeu
nm0126724,Nathalie Bécue
nm0217677,Nathalie Delon
nm0416166,Nathalie Jem
nm0431477,Nathalie Joyaut
nm0433333,Nathalie Juvet
nm0450145,Nathalie Keryan
nm0622440,Nathalie Nattier
nm0625037,Nathalie Nell
nm0664339,Nathalie Pascaud
nm0723865,Nathalie Richard
nm0079846,Nathan Bexton
nm14598156,Nathan Callot
nm0284593,Nathan Fong
nm0434896,Nathaniel Kahn
nm0116040,Natja Brunckhorst
nm0434706,Natsuko Kahara
nm0915614,Naunton Wayne
nm0794944,Naydra Shore
nm0957831,Nayer Mohseni Zonoozi
nm0314006,Nazario Gerardi
nm8091742,Naëlle Dariya
nm14475503,Naíma Sentíes
nm2508931,Ndeye Ade Sokhna
nm0228030,Ndiawar Diop
nm10220244,Necati Özer
nm0000885,Ned Beatty
nm0068709,Ned Bellamy
nm0893449,Nedumudi Venu
nm0225698,Neil Dickson
nm0855057,Neil Tennant
nm0624935,Nejnikov
nm0249644,Nekohachi Edoya
nm9177527,Nelia Da Costa
nm1071572,Nell Bassett
nm0048798,Nellie Bly Baker
nm0556188,Nello Mascia
nm0579635,Nello Meniconi
nm0070713,Nelly Benedetti
nm0096501,Nelly Borgeaud
nm0299140,Nelly Furtado
nm0660561,Nelly Pappaert
nm0217043,Nelson Delgado
nm5444264,Nelson Freitas
nm17345703,Nelson Rath
nm0031652,Nemesio Antúnez
nm0462042,Nenji Kobayashi
nm0076464,Nerio Bernardi
nm1095270,Neset Berküren
nm1263552,Netty Herawati
nm0666332,Neva Patterson
nm0104507,Neville Brand
nm0544623,Neville Mapp
nm0555655,Neyle Morrow
nm0532277,Niall MacGinnis
nm0050437,Nicholas Ball
nm0115556,Nicholas Bruce
nm0358749,Nicholas Hammond
nm0360389,Nicholas Hannen
nm0431445,Nicholas Joy
nm0483679,Nicholas Lamont
nm9465418,Nicholas Malmberg
nm0712947,Nicholas Ray
nm0011244,Nick Adams
nm0053256,Nick Barbaro
nm0178645,Nick Copeland
nm0211346,Nick De Ruiz
nm1563361,Nick Erickson
nm0714919,Nick Reding
nm0762191,Nick Sandow
nm0001763,Nick Stahl
nm0912263,Nick Waring
nm0441588,Nicky Katt
nm0672496,Nico Pepe
nm0656452,Nicola Pagett
nm0060661,Nicolas Bataille
nm0099398,Nicolas Boukhrief
nm0000115,Nicolas Cage
nm0137798,Nicolas Carlotti
nm0214893,Nicolas Deguy
nm0245164,Nicolas Duvauchelle
nm0969145,Nicolas Foutrier
nm0765324,Nicolas Sarkozy
nm0873499,Nicolas Tronc
nm0074303,Nicole Berger
nm0129885,Nicole Calfan
nm0158956,Nicole Chollet
nm5184332,Nicole Clément
nm0183671,Nicole Courcel
nm0226873,Nicole Dillenberg
nm0232240,Nicole Donati
nm0305368,Nicole Garcia
nm0386821,Nicole Hiss
nm0415209,Nicole Jacquet
nm0000173,Nicole Kidman
nm0592317,Nicole Mirel
nm0712950,Nicole Ray
nm0716672,Nicole Regnault
nm0836677,Nicole Stéphane
nm0891309,Nicole Vauthier
nm0000971,Nicoletta Braschi
nm0663247,Nicoletta Parodi
nm0672857,Nicolás D. Perchicot
nm0034390,Niels Arestrup
nm0943150,Nien-Jen Wu
nm0115558,Nigel Bruce
nm0665902,Nigel Patrick
nm16345585,Nigel Turvey
nm0457953,Nijiko Kiyokawa
nm6412766,Nik Pajic
nm2175233,Nikaku Shofukutei
nm0991940,Nikiforos Naneris
nm0587416,Nikola Milic
nm9884274,Nikolai Anikin
nm1101378,Nikolai Arsky
nm0462667,Nikolai Kodin
nm0645613,Nikolai Okhlopkov
nm0654774,Nikolai Ozerov
nm0687451,Nikolai Plotnikov
nm0782899,Nikolai Sektimenko
nm0783965,Nikolai Semyonov
nm0846163,Nikolai Tacheyev
nm10533721,Nikolay Avilov
nm0122168,Nikolay Burlyaev
nm0003540,Nikolay Cherkasov
nm0333191,Nikolay Grabbe
nm0342458,Nikolay Grinko
nm0473041,Nikolay Kryuchkov
nm0785108,Nikolay Sergeev
nm0223353,Nilotpal Dey
nm0014363,Nils Aréhn
nm0253307,Nils Elffors
nm0259206,Nils Ericson
nm0356317,Nils Hallberg
nm15332572,Nils Karlsson
nm0691555,Nils Poppe
nm0851731,Nils Tavernier
nm0882573,Nils Utsi
nm0884800,Nils-Aslak Valkeapää
nm0054632,Nimai Barik
nm0038099,Nina Arvesen
nm6261879,Nina Calamita
nm0228686,Nina Divísková
nm0344911,Nina Grégoire
nm0396125,Nina Hoss
nm0475365,Nina Kunzendorf
nm0508327,Nina Li Chi
nm2013193,Nina Lorenzo
nm0571904,Nina Mae McKinney
nm0672304,Nina Pens Rode
nm0689869,Nina Poltavtseva
nm0750850,Nina Ruslanova
nm0927094,Nina Widerberg
nm0936391,Nina Wise
nm0887684,Nina van Pallandt
nm0433650,Nine-Christine Jönsson
nm0205793,Ninetto Davoli
nm0081915,Nino Bignamini
nm0144875,Nino Castelnuovo
nm1181023,Nino D'Agata
nm0542063,Nino Manfredi
nm0545528,Nino Marchesini
nm0786465,Ninón Sevilla
nm0712952,Niranjan Ray
nm0315907,Nirmal Ghosh
nm0167799,Nirvana Cobb
nm0458917,Nita Klein
nm0438903,Nizwar Karanj
nm0000890,Noah Beery Jr.
nm6329378,Noah Chasin
nm4392517,Noah Vero
nm0949927,Noah Young
nm0449554,Noberto Kerner
nm0425903,Noble Johnson
nm0015331,Noboru Akima
nm1149453,Noboru Kiritachi
nm0593057,Noboru Mitani
nm0620407,Noboru Nakaya
nm2589495,Noboru Sakashita
nm5077088,Nobu Kawaguchi
nm0565277,Nobu McCarthy
nm0299346,Nobuko Fushimi
nm5196724,Nobuko Matsuzono
nm0594421,Nobuko Miyamoto
nm0652961,Nobuko Otowa
nm0906685,Nobuko Wakaba
nm0437520,Nobuo Kaneko
nm0442803,Nobuo Kawakami
nm0620206,Nobuo Nakamura
nm0849042,Nobuo Tanaka
nm0756859,Nobutake Saitô
nm14554554,Nodar Gvakharia
nm0425904,Noel Johnson
nm0932529,Noel Willman
nm0106040,Noelia Bravo Herrera
nm0114356,Noeline Brown
nm0038280,Noghre Asadi
nm0575594,Nona Medici
nm0042124,Nora Aunor
nm3077622,Nora Covali
nm0339669,Nora Gregor
nm0628419,Nora Newsome
nm0842677,Nora Swinburne
nm1768149,Nora Waldstätten
nm12025581,Noray Francis
nm0701423,Norbert Pycha
nm1851917,Noreen McCallum
nm0586524,Norihei Miki
nm0368028,Norihiko Hashida
nm1795822,Norikatsu Hanamura
nm1374420,Noriko Arita
nm0383022,Noriko Hidaka
nm1420439,Noriko Hodaka
nm0393352,Noriko Honma
nm0457613,Noriko Kitazawa
nm0538586,Noriko Maki
nm0559548,Noriko Matsumoto
nm0784279,Noriko Sengoku
nm1760645,Noriko Watari
nm1959101,Norio Ôtsuka
nm0001903,Norma Aleandro
nm0071034,Norma Bengell
nm0089695,Norma Blum
nm0681368,Norma Picadilly
nm0922272,Norma West
nm0064114,Norman Beaton
nm0083424,Norman Bird
nm0109847,Norman Briski
nm3571330,Norman Collins
nm0228710,Norman Dix
nm1678066,Norman Foster
nm0426938,Norman Johnstone
nm0449908,Norman Kerry
nm0516093,Norman Lloyd
nm0537551,Norman Mailer
nm0571841,Norman McKinnel
nm0005342,Norman Reedus
nm0744395,Norman Rossington
nm0668866,Norman Vincent Peale
nm0941076,Norman Wooland
nm0079243,Nosrat Bagheri
nm0252880,Nour El-Sherif
nm0683345,Nova Pilbeam
nm4374524,Noémie Merlant
nm0002021,Noël Coward
nm0740696,Noël Roquevert
nm0154012,Noëlle Châtelet
nm0500530,Noëlle Leiris
nm0774776,Noëlle Schönwald
nm0154142,Nripati Chatterjee
nm0616543,Ntare Guma Mbaho Mwine
nm0280346,Nuala Fitzgerald
nm0072893,Nuno Bento
nm0537345,Nuno Leal Maia
nm0891424,Nuno Vaz
nm0481186,Nuria Lage
nm1180719,Nurul Islam Bablu
nm0922851,Nydia Westman
nm0565279,Nyla McCarthy
nm0000743,Néstor Almendros
nm0163538,O.B. Clarence
nm0368394,O.E. Hasse
nm0011762,Obaka Adedunyo
nm2897990,Octavio Calderon
nm12593544,Octavio Sanders
nm6987564,Odessa Warren Grey
nm0054436,Odette Barencey
nm1057903,Odette Barrière
nm0431641,Odette Joyeux
nm0491028,Odette Laure
nm0685049,Odette Piquet
nm1308054,Odette Robert
nm0152750,Odette Roger
nm0847851,Odette Talazac
nm0313280,Odile Geoffroy
nm4055575,Odin Lund Biron
nm0816527,Odoardo Spadaro
nm0881292,Oduvil Unnikrishnan
nm0328402,Ofelia González
nm0462648,Oja Kodar
nm0794555,Oksana Shlapak
nm5517335,Ola Gullner
nm0523821,Olaf Lubaszenko
nm0729959,Olav Riégo
nm8728614,Olaye Benjamin
nm2530294,Oldrich Hora
nm0008751,Ole Abildgaard
nm0627109,Ole Neumann
nm0508485,Oleg Li
nm0845867,Oleg Tabakov
nm0900541,Oleg Vladimirsky
nm0946160,Oleg Yankovskiy
nm5698254,Oleksandr Yarema
nm13106812,Oleksandr Yatsentyuk
nm8157833,Olena Khokhlatkina
nm0009318,Olga Abrego
nm14136468,Olga Amelchenko
nm0031468,Olga Antonova
nm0055835,Olga Barnet
nm0107539,Olga Breno
nm0323659,Olga Gobzeva
nm0439466,Olga Karlatos
nm0457972,Olga Kizilova
nm0512058,Olga Lindo
nm0592500,Olga Mironova
nm0770658,Olga Scheinpflugová
nm0812765,Olga Solbelli
nm0874781,Olga Tschechowa
nm0897256,Olga Viklandt
nm0137585,Olimpia Carlisi
nm0290274,Olin Francis
nm0398250,Olin Howland
nm0188133,Olinto Cristina
nm0137010,Olive Carey
nm0203882,Oliver Ford Davies
nm0426799,Oliver Johnston
nm0001657,Oliver Reed
nm0857789,Olivette Thibault
nm2897783,Olivia Asiedu-Poku
nm0000848,Olivia Barash
nm0093740,Olivia Bonamy
nm0358850,Olivia Hamnett
nm1105785,Olivia Magnani
nm0009769,Olivier Achard
nm0000801,Olivier Assayas
nm0065904,Olivier Becquaert
nm0190211,Olivier Cruveiller
nm0238382,Olivier Drouot
nm0332709,Olivier Gourmet
nm0404021,Olivier Hussenot
nm0657042,Olivier Pajot
nm0663227,Olivier Parnière
nm0674702,Olivier Perrier
nm0705005,Olivier Rabourdin
nm0868779,Olivier Torres
nm0084956,Olle Björklund
nm0085006,Olle Björling
nm3011338,Olle Liljas
nm0890005,Olli Varja
nm0075108,Olof Bergström
nm0761320,Olof Sandborg
nm0862071,Olof Thunberg
nm0927110,Olof Widgren
nm0935389,Olof Winnerstrand
nm0959818,Olof Ås
nm0109259,Omar Brignoli
nm0252823,Omar El-Hariri
nm0346511,Omar Gueye
nm0653466,Omar Ouedraogo
nm0768430,Omar Sayed
nm0001725,Omar Sharif
nm0883845,Omar Valdés
nm0031511,Omero Antonutti
nm7194021,Omoye Uzamere
nm0950546,On-On Yu
nm0947487,Ona Lu Yenke
nm0590979,Onik Minasyan
nm11355387,Onur Berk Arslanoglu
nm0218225,Orane Demazis
nm0657509,Oreste Palella
nm2955684,Orestis Tsanakis
nm0266324,Oriana Fallaci
nm2801412,Orietta Notari
nm0001560,Ornella Muti
nm0171170,Ornette Coleman
nm0000080,Orson Welles
nm0618565,Osami Nabe
nm3470801,Osamu Hitomi
nm0457601,Osamu Kitayama
nm0757016,Osamu Sakai
nm0847698,Osamu Takizawa
nm0376681,Oscar 'Dutch' Hendrian
nm1265738,Oscar Ferrigno Jr.
nm0393028,Oscar Homolka
nm0416805,Oscar James
nm0611096,Oscar Müller
nm0631131,Oscar Niemeyer
nm0642679,Oscar O'Shea
nm0834325,Oscar Stribolt
nm5249302,Oscar Yellow Wolf
nm0405802,Oskar Höcker
nm0921459,Oskar Werner
nm0023641,Osman Alyanak
nm0164341,Ossie Clark
nm0044742,Ostadvali Babaei
nm0869224,Otello Toso
nm0060584,Othon Bastos
nm0087307,Othón Blanco
nm0192412,Otis Cunningham
nm0714727,Otis Redding
nm2403818,Otmar Hoefer
nm2393924,Otome Tsukimiya
nm0345100,Otto Grünmandl
nm1149183,Otto Hradecký
nm0480150,Otto Lackovic
nm13301287,Otto Mønsted Acthon
nm0761420,Otto Sander
nm0801433,Otto Simánek
nm0907170,Otto Waldis
nm0921532,Otto Wernicke
nm10432924,Ottylia Liu
nm15076419,Oumar Gueye
nm0131183,Ousmane Camara
nm1079916,Oussama Nadir
nm0228033,Ousseynou Diop
nm0617394,Outi Mäenpää
nm0691652,Ove Porath
nm0621416,Owen Nares
nm0005562,Owen Wilson
nm5227416,Ozzy Agu
nm5517136,P.A. Emanuelsson
nm3639025,P.C. Peri
nm0605365,P.H. Moriarty
nm5120699,P.J. Boudousqué
nm0446739,P.J. Kelly
nm3774478,Paavo Nurmi
nm0638196,Paavo Nurmi
nm0681444,Pablo Picasso
nm13577111,Pablo Schils
nm0040140,Pacifico Astrologo
nm0555275,Paco Martínez
nm0222471,Padmadevi
nm0670481,Pai Wei
nm0051428,Pair Bambi
nm0657404,Palau
nm0403131,Pam Huntington
nm0079670,Pamela Bevan
nm0110219,Pamela Britton
nm0114386,Pamela Brown
nm0138340,Pamela Carme
nm0317293,Pamela Gidley
nm0366465,Pamela Hart
nm0817530,Pamela Speed
nm0898408,Pamela Villoresi
nm1434574,Panchanan Bhattacharya
nm2681947,Pancho Pelagio
nm0075825,Pandro S. Berman
nm0881439,Panicker Upendran
nm0473005,Panteleymon Krymov
nm3216029,Paola Antonelli
nm0081820,Paola Biggio
nm0346751,Paola Guidi
nm0510094,Paola Liguori
nm0605288,Paola Mori
nm0685632,Paola Pitagora
nm0093678,Paolo Bonacelli
nm0660080,Paolo Paoloni
nm0832375,Paolo Stoppa
nm0901783,Paolo Volponi
nm15975063,Paov Pitu
nm15076424,Pape Jean Diop
nm0824785,Paprika Steen
nm10744200,Pare Gol Atashjameh
nm0243484,Paris Duprée
nm1241993,Park Myung-shin
nm12719478,Park Yu-rim
nm0000205,Parker Posey
nm0939275,Parkman Wong
nm0428975,Parnelli Jones
nm0557552,Parvaneh Massoumi
nm0266792,Parviz Fanizadeh
nm0041332,Pascal Aubier
nm0094726,Pascal Bonitzer
nm0339621,Pascal Greggory
nm0483740,Pascal Lamorisse
nm1615654,Pascal Rambert
nm0729620,Pascal Rivet
nm0865734,Pascal Tokatlian
nm0644685,Pascale Ogier
nm0758498,Pascale Salkin
nm0102419,Pascale de Boysson
nm0132059,Pasquale Campagnola
nm0148284,Pasquale Cennamo
nm0111266,Pasqualina Brolis
nm0179976,Pat Corley
nm0322334,Pat Gleason
nm0363545,Pat Harmon
nm0366876,Pat Hartley
nm0387783,Pat Hoch
nm0456334,Pat Kirck
nm0480783,Pat Laffan
nm0568182,Pat McDonough
nm0573715,Pat McNamara
nm0612359,Pat Mullin
nm0614584,Pat Murphy
nm0002285,Pat O'Brien
nm0747710,Patch 'Red Beard' Ruadh
nm0265168,Patcheen Faherty
nm3697267,Patra Au
nm0471080,Patric Kreuzer
nm0161717,Patrice Chéreau
nm0207215,Patrice De Bailliencourt
nm0433017,Patrice Moullet
nm0000099,Patricia Arquette
nm0001997,Patricia Charbonneau
nm0172590,Patricia Collins
nm0213133,Patricia DeArcy
nm0351717,Patricia Ha
nm0384962,Patricia Hilliard
nm0448265,Patricia Kennedy
nm0209801,Patricia Llaca
nm0575756,Patricia Medina
nm0642571,Patricia O'Rourke
nm0706994,Patricia Raine
nm1058400,Patricia Ree Gilbert
nm0721209,Patricia Reyes Spíndola
nm0733540,Patricia Roc
nm0910329,Patricia Walters
nm4105220,Patricio Abari
nm0084349,Patricio Bisso
nm0013934,Patrick Aherne
nm0041756,Patrick Auffay
nm0049346,Patrick Baladi
nm0056556,Patrick Barr
nm0000872,Patrick Bauchau
nm0076759,Patrick Bernhard
nm0121823,Patrick Burke
nm16503173,Patrick Gardner
nm0324009,Patrick Godfrey
nm3062826,Patrick Hon
nm0431033,Patrick Jouané
nm0453304,Patrick Kilpatrick
nm0494433,Patrick Le Mauff
nm0503243,Patrick Lepcynski
nm0524915,Patrick Ludlow
nm12961996,Patrick Marks
nm0001526,Patrick McGoohan
nm0587791,Patrick Mille
nm0669351,Patrick Pearson
nm0684001,Patrick Pineau
nm4909198,Patrick Procktor
nm0745377,Patrick Rotman
nm0000664,Patrick Swayze
nm0862892,Patrick Tierney
nm0873743,Patrick Troughton
nm0893770,Patrick Verde
nm0060340,Patrizia Basso
nm0082996,Patrizia Bini
nm0446763,Patsy Kelly
nm0701299,Patsy Puttnam
nm0520545,Patti Love
nm0005446,Patti Smith
nm1078411,Paul Alex
nm0021390,Paul Allio
nm0024409,Paul Ambrose
nm0024644,Paul America
nm0042489,Paul Austin
nm0044139,Paul Azaïs
nm0044918,Paul Babiak
nm0048817,Paul Baker
nm0000860,Paul Bartel
nm0064722,Paul Beauvais
nm0066669,Paul Begala
nm0070801,Paul Benedict
nm0076350,Paul Bernard
nm0083910,Paul Bisciglia
nm0086129,Paul Blain
nm0094585,Paul Bonifas
nm0102554,Paul Bozzi
nm0103363,Paul Bradley
nm2286934,Paul Brennan
nm0125084,Paul Butler
nm0125298,Paul Butterfield
nm0129538,Paul Calderon
nm0132770,Paul Campbell
nm0147928,Paul Celan
nm0151787,Paul Chang Chung
nm0157971,Paul Chun
nm0186567,Paul Crauchet
nm0199399,Paul Daneman
nm0200497,Paul Danquah
nm7582333,Paul Davidson
nm0218056,Paul Demange
nm0227704,Paul Dini
nm0233209,Paul Dooley
nm0239532,Paul Dubov
nm0241339,Paul Dullac
nm0245184,Paul Duvergé
nm15100666,Paul Eyam Nzie Okpokam
nm0265732,Paul Faivre
nm0289907,Paul Franceschi
nm0291289,Paul Frankeur
nm0293224,Paul Freedman
nm0293550,Paul Freeman
nm0322339,Paul Gleason
nm2560372,Paul Grant
nm2563293,Paul Grimstad
nm0244849,Paul Guers
nm0365173,Paul Harris
nm0367670,Paul Harvey
nm0377219,Paul Hennen
nm1746997,Paul Hilton
nm0403929,Paul Huson
nm0405695,Paul Hébert
nm0412955,Paul Jabara
nm0447349,Paul Kemp
nm0449392,Paul Kermack
nm0515282,Paul Livingston
nm0510134,Paul Lukas
nm0557407,Paul Massie
nm0005200,Paul McCartney
nm0005204,Paul McCrane
nm0001524,Paul McGann
nm0575823,Paul Medland
nm0582890,Paul Meurisse
nm0611858,Paul Mulholland
nm0612219,Paul Muller
nm0644343,Paul Oettly
nm0647378,Paul Ollivier
nm0667573,Paul Pavel
nm0732079,Paul Robeson
nm0773973,Paul Schneider
nm0776584,Paul Schulze
nm0800650,Paul Simonon
nm0823728,Paul Stassino
nm0829717,Paul Stewart
nm0842622,Paul Swift
nm0854808,Paul Temps
nm0884292,Paul Valentine
nm9533948,Paul Vernstad
nm0898416,Paul Villé
nm3559009,Paula Beer
nm0561128,Paula Morris
nm15702071,Paula Ramsden
nm0872632,Paula Trickey
nm0028114,Paule Andral
nm0256053,Paule Emanuele
nm0637662,Paule Noëlle
nm0239513,Paulette Dubost
nm0002104,Paulette Goddard
nm2621785,Pauline Acquart
nm0142120,Pauline Carton
nm0151065,Pauline Chan
nm1670179,Pauline Yuk-Wan Wong
nm0042623,Paulo Autran
nm0675828,Paulo César Peréio
nm4739344,Paulo Jorge Gonçalves
nm0430991,Paulo José
nm2556206,Paulo Nunes
nm0837282,Paulyn Sun
nm0097907,Pavel Bosek
nm0434387,Pavel Kadochnikov
nm0484968,Pavel Landovský
nm0667897,Pavel Pavlovský
nm0689194,Pavel Polishchuk
nm0781327,Pavel Sedlacek
nm0795328,Pavel Shpringfeld
nm0874535,Pavel Trávnícek
nm0551392,Pavla Marsálková
nm0553878,Pavla Martinkova
nm0688895,Pavla Polaskova
nm0034594,Pearl Argyle
nm10493329,Pearl Gabaldon
nm0566480,Pearl McCormack
nm0655590,Pearl Padamsee
nm0000784,Pedro Armendáriz
nm0001917,Pedro Armendáriz Jr.
nm0059636,Pedro Basauri 'Pedrucho'
nm11857579,Pedro Chavez
nm0255851,Pedro Elviro
nm0962204,Pedro Gonzalez
nm0523609,Pedro Luis Lozano
nm0555290,Pedro Miguel Martínez
nm0682907,Pedro Pietri
nm0760198,Pedro Sempson
nm0273709,Pedrín Fernández
nm0006244,Peer Raben
nm0001919,Peggy Ashcroft
nm0192033,Peggy Cummins
nm0281758,Peggy Fleming
nm0623660,Peggy Neal
nm0155607,Pei-Pei Cheng
nm0481785,Pekka Laiho
nm1438685,Pemo Ojala
nm0240178,Penelope Dudley-Ward
nm0671831,Peng Tien
nm1166890,Penny Patterson
nm13256188,Pentti Aloren
nm0004851,Penélope Cruz
nm2518733,Peparuolo
nm0154605,Pepe Chavez
nm0677804,Pepito Petray
nm0487333,Peppe Lanzetta
nm0495568,Pepper LaBeija
nm0208375,Peppino De Filippo
nm0223698,Peppino Di Capri
nm0118480,Per Buckhøj
nm0433678,Per Jörnelius
nm0651807,Per Oscarsson
nm0590508,Pera Milosavljevic
nm0378612,Percy Herbert
nm0549385,Percy Marmont
nm0021655,Pernilla Allwin
nm2015658,Perry Dizon
nm0485878,Perry Lang
nm0660786,Pervin Par
nm1745486,Pete Teo
nm0035861,Peter Armstrong
nm0075655,Peter Berling
nm0101248,Peter Bowles
nm0001967,Peter Boyle
nm0106539,Peter Breck
nm0110835,Peter Broderick
nm0119988,Peter Bull
nm0124191,Peter Bush
nm0142575,Peter Carver
nm0148149,Peter Cellier
nm0153998,Peter Chatel
nm0178741,Peter Copley
nm0001088,Peter Cushing
nm0205854,Peter Davy
nm0232194,Peter Donat
nm2562200,Peter E. Hopkins
nm11298512,Peter Elwell
nm0264235,Peter Eyre
nm0004906,Peter Facinelli
nm0000393,Peter Falk
nm0002075,Peter Finch
nm0278752,Peter Firth
nm0280132,Peter Fitz
nm0001228,Peter Fonda
nm0300272,Peter Gabriel
nm0001251,Peter Gallagher
nm0322706,Peter Glenville
nm0338886,Peter Greene
nm0352741,Peter Haddon
nm0412212,Peter Ivatts
nm0524257,Peter J. Lucas
nm0435201,Peter Kaiser
nm0440914,Peter Kassovitz
nm0449489,Peter Kern
nm0469808,Peter Krantz
nm0510245,Peter Lilienthal
nm0511856,Peter Lindgren
nm0000048,Peter Lorre
nm0567945,Peter McDonald
nm0568493,Peter McEnery
nm0596409,Peter Moland
nm1511537,Peter Moore
nm0615333,Peter Murray-Hill
nm0628956,Peter Ngor Chi-Kwan
nm0000564,Peter O'Toole
nm0659025,Peter Pan
nm2963019,Peter Plaugborg
nm0729912,Peter Rizzo
nm0744979,Peter Roth
nm0771593,Peter Schildt
nm1792049,Peter Schlesinger
nm0795914,Peter Shupenes
nm0001811,Peter Ustinov
nm0891092,Peter Vaughan
nm0911007,Peter Wang
nm0917694,Peter Weibel
nm0000693,Peter Weller
nm0925970,Peter Whitford
nm0927835,Peter Wight
nm0886870,Peter van Eyck
nm0903274,Peter von Zerneck
nm0148393,Petr Cepek
nm0380729,Petr Herrmann
nm0465948,Petr Kopriva
nm0148678,Petra Cernocká
nm2947894,Petrica Sapdaru
nm0814379,Petrine Sonne
nm14466284,Petro Chychuk
nm0164379,Petula Clark
nm0114436,Phil Brown
nm16657486,Phil Conley
nm0200057,Phil Daniels
nm0205289,Phil Davis
nm0361915,Phil Harberts
nm0624827,Phil Neilson
nm0005824,Phil Parmet
nm0711113,Phil Rash
nm0014035,Philip Ahlm
nm0001311,Philip Baker Hall
nm1271285,Philip Berrigan
nm0151068,Philip Chan
nm0230164,Philip Dodds
nm3464684,Philip Ettinger
nm0295546,Philip Friend
nm0001275,Philip Glass
nm0335073,Philip Granger
nm0413946,Philip Jackson
nm0426004,Philip Johnson
nm0500110,Philip Leider
nm0952911,Philip Zandén
nm1071274,Philipp Heiss
nm0679991,Philippe
nm0012497,Philippe Adrien
nm0039808,Philippe Asselin
nm0043354,Philippe Avron
nm0144798,Philippe Castelli
nm0167515,Philippe Clévenot
nm0216168,Philippe Delaigue
nm0222555,Philippe Devillers
nm0228009,Philippe Dionnet
nm0233812,Philippe Dormoy
nm0237612,Philippe Dreux
nm0239947,Philippe Duclos
nm0241498,Philippe Dumat
nm0380881,Philippe Hersent
nm1081573,Philippe Katerine
nm0490734,Philippe Laudenbach
nm0006573,Philippe Leroy
nm0517407,Philippe Loffredo
nm0529645,Philippe Léotard
nm0546539,Philippe Mareuil
nm0549076,Philippe Marlaud
nm0549508,Philippe Maron
nm0605429,Philippe Morier-Genoud
nm0634159,Philippe Noiret
nm0657932,Philippe Pallut
nm3740761,Philippe Rigollot
nm1306666,Philippe Starck
nm0868881,Philippe Torreton
nm0876381,Philippe Tullier
nm3741812,Philippe Urraca
nm0901812,Philippe Volter
nm0003606,Philippe de Broca
nm0664297,Philippine Pascal
nm8909639,Philleo Nash
nm0477231,Phillip Chung-Fung Kwok
nm0438071,Phillip Ko
nm0759252,Phillip Salvador
nm0041935,Phoebe Augustine
nm10396584,Phoebe DeGroot
nm0058132,Phyllis Barry
nm3582643,Phyllis Bobbitt
nm0130829,Phyllis Calvert
nm0517642,Phyllis Logan
nm0624840,Phyllis Neilson-Terry
nm0628233,Phyllis Newman
nm0214729,Pia Degermark
nm0512523,Pia Lindström
nm9233953,Pia Riihioja
nm0291058,Piano Frank
nm0873343,Pier Luigi Troglio
nm0000112,Pierce Brosnan
nm0605195,Piero Morgia
nm0896235,Piero Vida
nm0017310,Pierre Alcover
nm0034079,Pierre Arditi
nm0053289,Pierre Barbaud
nm2484601,Pierre Barrera
nm0060715,Pierre Batcheff
nm9201752,Pierre Beacousin
nm0078108,Pierre Bertin
nm0086443,Pierre Blaise
nm0087018,Pierre Blanchar
nm0087094,Pierre Blanchard
nm0105482,Pierre Brasseur
nm13253603,Pierre Brunet
nm0128143,Pierre Caden
nm0136467,Pierre Cardin
nm0167509,Pierre Clémenti
nm0171772,Pierre Collet
nm0183172,Pierre Cottrell
nm0213705,Pierre Decazes
nm0221849,Pierre Desty
nm0222929,Pierre Devos
nm0228075,Pierre Diot
nm0233713,Pierre Doris
nm0245240,Pierre Dux
nm0258527,Pierre Epstein
nm0286248,Pierre Forget
nm0289541,Pierre Frag
nm0294382,Pierre Fresnay
nm0460074,Pierre Klossowski
nm0479742,Pierre Labry
nm0479807,Pierre Lacan
nm0488535,Pierre Larquey
nm0508061,Pierre Leymarie
nm0536252,Pierre Magnier
nm0536536,Pierre Maguelon
nm0539402,Pierre Malet
nm0597662,Pierre Moncorbier
nm2582755,Pierre Niney
nm0636669,Pierre Nougaro
nm0637160,Pierre Novion
nm0638113,Pierre Nunzi
nm0653443,Pierre Oudrey
nm0687219,Pierre Plessis
nm0719749,Pierre Renoir
nm1059298,Pierre Renverseau
nm0720105,Pierre Repp
nm0007069,Pierre Richard
nm0723918,Pierre Richard-Willm
nm0758415,Pierre Salinger
nm1019946,Pierre Seel
nm0956643,Pierre Zimmer
nm4470450,Pierre Zimmermann
nm0959916,Pierre Étaix
nm0241534,Pierre-François Dumeniaud
nm0996565,Pierre-Yves Burton
nm0220102,Pierrette Deplanque
nm1559738,Pietari
nm0131904,Pietro Cammarata
nm0137716,Pietro Carloni
nm0147566,Pietro Ceccarelli
nm0265989,Pietro Falcone
nm8292402,Pietro Franzone
nm1186230,Pietro Sermonti
nm0867894,Pietro Tordi
nm0423152,Piggy Chan
nm0466260,Pimme Korhonen
nm4476358,Pin-chun Chou
nm0062471,Pina Bausch
nm0092813,Pina Boldrini
nm0348483,Pinaki Sengupta
nm0351719,Ping Ha
nm0803310,Ping-Lam Siu
nm0151793,Ping-Yu Chang
nm0207863,Pio De Castro III
nm0532536,Piotr Machalica
nm0765164,Pipo Sarguera
nm0334886,Pippa Grandison
nm0013790,Pippo Agusta
nm0547690,Pir Marini
nm1091840,Piri Ádám
nm0890887,Piroska Vaszary
nm0682605,Piéral
nm13574427,Platt Adams
nm10598828,Plymouth Harman Ansbergs
nm0407855,Pola Illéry
nm13400423,Polina Astakhova
nm0271806,Polly Ling-Feng Shang-Kuan
nm0908116,Polly Walker
nm1537862,Pope John XXIII
nm0691201,Popeck
nm0761133,Porfiria Sanchíz
nm0356004,Porter Hall
nm0618277,Poul Müller
nm0717086,Poul Reichhardt
nm0720632,Poul Reumert
nm7722940,Pouya Payvar
nm0593957,Prabir Mitra
nm0611546,Prasad Mukherjee
nm0765271,Prasenjit Sarkar
nm0503499,Preben Lerdorff Rye
nm0097891,Premangshu Bose
nm0928985,Prentice Wilhite
nm0288003,Preston Foster
nm9045157,Prime Time
nm0138712,Primo Carnera
nm2614923,Prince Adu
nm1160085,Prokhorenko
nm0304365,Promode Ganguly
nm0898546,Pruitt Taylor Vince
nm0768795,Prunella Scales
nm0645252,Puka Oinonen
nm0535991,Pupella Maggio
nm0611547,Purnendu Mukherjee
nm0395814,Putyi Horváth
nm14554552,Pyotr Breus
nm0606153,Pyotr Morozov
nm0957717,Pál Zolnay
nm0294972,Péter Fried
nm4321583,Péter Tóth
nm0676201,Pîtâ
nm0543894,Q
nm0494010,Q. Lazzarus
nm1235001,Qing Feng Zhou
nm13238591,Qingyun Zhou
nm0702671,Qinqin Li
nm1235551,Qiong Wu
nm0703071,Queen Frederica of Greece
nm0203042,Queer David
nm0644686,Quentin Ogier
nm0370204,Quinn Hawkins
nm1988636,Quoc Dung Nguyen
nm1263587,R.D. Ismail
nm0113465,R.L. Brown
nm0753526,RZA
nm0474855,Raaj Kumar
nm0315917,Rabi Ghosh
nm0068622,Rachael Bella
nm0006692,Rachael Crawford
nm0359707,Rachael Handy
nm0000337,Rachael Leigh Cook
nm4470589,Rachel Beaudry
nm0004761,Rachel Blanchard
nm0218051,Rachel Deman
nm0222694,Rachel Devirys
nm0341737,Rachel Griffiths
nm1852529,Rachel Howe
nm0447499,Rachel Kempson
nm5741307,Rachel Leung
nm0731499,Rachel Roberts
nm0874086,Rachel True
nm0001829,Rachel Ward
nm0001838,Rachel Weisz
nm0952802,Rachel Zan Huss
nm16503169,Rachele Potrich
nm10396583,Rachika Samarth
nm2087817,Rade Ljubisavljevic
nm0784884,Rade Serbedzija
nm1042277,Radha
nm0117505,Radoslav Brzobohatý
nm0525570,Radovan Lukavský
nm0196766,Rae Daggett
nm0209420,Raf De La Torre
nm0561250,Raf Mauro
nm0885203,Raf Vallone
nm0052486,Rafael Banquells
nm2592137,Rafael Casal
nm0385867,Rafael Hinojosa
nm0575759,Rafael Medina
nm2742329,Rafael Morais
nm0846749,Rafael Taibo
nm0031958,Rafaela Aparicio
nm3123207,Rafaela Cervantes de Gomez
nm13169648,Rafaela Fuentes
nm0408155,Rafal Imbro
nm0534238,Rafe Macpherson
nm0426020,Rafer Johnson
nm0141123,Raffaella Carrà
nm1001079,Ragaa Hussein
nm0719350,Raimo Rendi
nm0706926,Raimu
nm0001202,Rainer Werner Fassbinder
nm0937327,Rainer Woelk
nm0406737,Raizô Ichikawa
nm17098307,Rajab Mojdehi
nm0619771,Rajam K. Nair
nm0944929,Rajaram Yagnik
nm0006348,Rajendra Kumar Tuli
nm1871000,Ralf Berzsenyi
nm15202755,Ralph Barnebeck
nm0000897,Ralph Bellamy
nm0087721,Ralph Blasi
nm0098274,Ralph Boston
nm0114460,Ralph Brown
nm0120490,Ralph Bunker
nm0126049,Ralph Byrd
nm0138120,Ralph Carlsson
nm1375414,Ralph Jesser
nm0724732,Ralph Richardson
nm0874298,Ralph Truman
nm0947068,Ralph Yearsley
nm0390326,Ram John Holder
nm0045084,Ramachandra Babu
nm16631205,Ramana Athreya
nm0708440,Rammellzee
nm4852211,Rams
nm0110023,Ramón Brito
nm0011278,Randall Adams
nm0001642,Randy Quaid
nm0049302,Rani Bala
nm0765272,Rani Sarkar
nm0159529,Ranjit Chowdhry
nm0784029,Ranjit Sen
nm0015047,Ranko Akagi
nm0359248,Ranko Hanai
nm0767974,Ranko Sawa
nm0082380,Raoul Billerey
nm0216867,Raoul Delfosse
nm0545808,Raoul Marco
nm0669704,Raoul Peck
nm0270830,Raphael Fejtö
nm0226769,Raphaël Diligent
nm5757168,Raphie de Santos
nm0080555,Raquel Bianca
nm0310490,Raquel Gavia
nm0599603,Raquel Monteza
nm0720952,Raquel Revuelta
nm0367006,Ras Daniel Hartman
nm5591368,Rasik Banerjee
nm0653468,Rasmané Ouédraogo
nm0181395,Raul Cortez
nm0000471,Raul Julia
nm0774231,Raul Schnoor
nm0788170,Ravi Shankar
nm0417146,Rawshan Zamil
nm0178318,Ray Cooper
nm5757165,Ray Davies
nm17345704,Ray Dinsen
nm0304318,Ray Gange
nm3529569,Ray Johnson
nm0564044,Ray McAnally
nm0575114,Ray Meagher
nm0001537,Ray Milland
nm0598017,Ray Monge
nm0694608,Ray Powers
nm0759522,Ray Salyer
nm0763631,Ray Santiago
nm0832834,Ray Stough
nm0853576,Ray Teal
nm0860617,Ray Thompson
nm0001827,Ray Walston
nm0935653,Ray Winstone
nm0936403,Ray Wise
nm10321795,Raya Martigny
nm4447180,Rayan Boubekri
nm0014656,Raymond Aimos
nm0089364,Raymond Blot
nm0000994,Raymond Burr
nm0124482,Raymond Bussières
nm0132797,Raymond Campbell
nm0137287,Raymond Carl
nm0167343,Raymond Clunie
nm0179690,Raymond Cordy
nm0222930,Raymond Devos
nm0350826,Raymond Gérôme
nm0403171,Raymond Huntley
nm2203760,Raymond Johnson
nm0498064,Raymond Lee
nm0501259,Raymond Lemeri
nm0522577,Raymond Lovell
nm0554329,Raymond Martos
nm0557339,Raymond Massey
nm0582854,Raymond Meunier
nm0670964,Raymond Pellegrin
nm0737353,Raymond Rognoni
nm0940359,Raymond Woodley
nm0149351,Raymonde Chabrun
nm0972609,Raymonde Vattier
nm0894508,Raymonde Vernay
nm1951867,Razia Mujahid
nm5599965,Razieh Jafari
nm0209516,Raúl De Lange
nm0306456,Raúl García
nm0319786,Raúl Gimenez
nm0222480,Reba Devi
nm3095598,Rebecca Caldwell
nm3806398,Rebecca Chiles
nm0356017,Rebecca Hall
nm0639780,Rebecca O'Brien
nm0659029,Rebecca Pan
nm4671108,Rebecca Simpson
nm0083714,Reed Birney
nm0352914,Reed Hadley
nm9589054,Reese Antoinette
nm0103840,Regina Braga
nm0650495,Regina Orozco
nm0065888,Reginald Beckwith
nm0219666,Reginald Denny
nm0293559,Reginald Freeman
nm0306786,Reginald Gardiner
nm8314158,Reginald Hoffer
nm0654239,Reginald Owen
nm0851188,Reginald Tate
nm0267403,Reginaldo Faria
nm0527602,Regine Lutz
nm3712747,Regis Lazard
nm0993648,Rei Okamoto
nm15332570,Reidar Liaklev
nm0373880,Reihan Heidari
nm5771777,Reiji Akitsu
nm0846848,Reijo Taipale
nm1030445,Reika Kazami
nm1929776,Reika Kirishima
nm0442848,Reikichi Kawamura
nm0031798,Reiko Aoi
nm1650019,Reiko Arai
nm0199029,Reiko Dan
nm0297881,Reiko Fujiwara
nm0386953,Reiko Hitomi
nm0594652,Reiko Minakami
nm6520910,Reiko Mizuki
nm0846961,Reiko Tajima
nm0644948,Reiko Ôhara
nm0849439,Reikô Tani
nm0778306,Reinhold Schünzel
nm0658637,Reino Palmroth
nm0718295,Reiren Wang
nm0498071,Reisen Ri
nm0945468,Reizaburô Yamamoto
nm0465549,Rem Koolhaas
nm0945469,Ren Yamamoto
nm0652592,Ren Ôsugi
nm0541675,Rena Mandel
nm7502230,Renan Capivara
nm0514852,Renata Litvinova
nm0543167,Renate Mannhardt
nm0005655,Renato Berta
nm0135310,Renato Capogna
nm0598840,Renato Montalbano
nm0759395,Renato Salvatori
nm0855722,Renato Terra
nm0284967,Renaud Fontanarosa
nm0555718,Renaud Mary
nm0041281,Rene Auberjonois
nm0185206,Rene Cox
nm0396881,Renee Houston
nm0410902,Renji Ishibashi
nm0586733,Rentarô Mikuni
nm0747159,Renuka Roy
nm13362478,Renzo Alvera
nm0149027,Renzo Cesana
nm0723242,Renzo Ricci
nm0744021,Renzo Rossellini
nm0064374,René Beaudin
nm0074470,René Bergeron
nm0076370,René Bernard
nm0088085,René Blech
nm0099412,René Bouloc
nm0243544,René Dupuy
nm6916037,René Gilleron
nm2356516,René Gros
nm0350764,René Génin
nm0379683,René Hernandez
nm0389425,René Hofschneider
nm0480231,René Lacoste
nm0499151,René Lefèvre
nm0858051,René Thierry
nm0941548,René Worms
nm0209209,René de la Cruz
nm0025518,Renée Amzallag
nm0085007,Renée Björling
nm0181867,Renée Cosima
nm0219627,Renée Dennsy
nm0239813,Renée Duchateau
nm0269197,Renée Faure
nm0307171,Renée Gardès
nm0756679,Renée Saint-Cyr
nm0853041,Renée Taylor
nm4094995,Reshmah Madhoo
nm0217062,Rex Delgado
nm0001322,Rex Harrison
nm0002270,Rex Ingram
nm2749745,Reyad El Kasabgy
nm0181397,Rez Cortez
nm2767895,Reza Bani Ahmad
nm5675446,Reza Heidari
nm9680632,Reza Ramezani
nm0400874,Rhetta Hughes
nm0281766,Rhonda Fleming
nm0949521,Ric Young
nm4318424,Ricardo Scofidio
nm0874579,Ricardo Trêpa
nm0271466,Riccardo Fellini
nm0274783,Riccardo Ferri
nm0308523,Riccardo Garrone
nm0727826,Riccardo Rioli
nm0018685,Richard Alexander
nm0000277,Richard Attenborough
nm0049838,Richard Balducci
nm0000865,Richard Basehart
nm11246377,Richard Bennett
nm0074335,Richard Berger
nm0006939,Richard Berry
nm0091369,Richard Boes
nm1080791,Richard Bovnoczki
nm0001972,Richard Briers
nm0109175,Richard Bright
nm0116054,Richard Brundage
nm0000009,Richard Burton
nm0230112,Richard C. Dodd
nm0139156,Richard Caron
nm0000328,Richard Chamberlain
nm0156739,Richard Chevolleau
nm0183675,Richard Courcet
nm3355471,Richard Cunningham
nm1060331,Richard Daggett
nm0200068,Richard Daniels
nm1747492,Richard Degener
nm0000377,Richard Dreyfuss
nm0001290,Richard E. Grant
nm0002057,Richard Edson
nm0002070,Richard Farnsworth
nm0290670,Richard Francoeur
nm0313582,Richard George
nm0000152,Richard Gere
nm0324559,Richard Gofe
nm0330543,Richard Gordon
nm0340668,Richard Grey
nm0341743,Richard Griffiths
nm0001321,Richard Harris
nm0375176,Richard Hell
nm0420955,Richard Jenkins
nm0437128,Richard Kanayan
nm0494886,Richard Leacock
nm0000500,Richard Linklater
nm0519618,Richard Loo
nm0526234,Richard Lund
nm0203466,Richard M. Davidson
nm0557956,Richard Masur
nm1851507,Richard McMullen
nm0597544,Richard Monahan
nm0603082,Richard Morant
nm0628827,Richard Ng
nm0633271,Richard Nixon
nm0639782,Richard O'Brien
nm0639972,Richard O'Callaghan
nm0000089,Richard Paul
nm0692466,Richard Portnow
nm0718637,Richard Reitinger
nm1102173,Richard Romain
nm0745780,Richard Roundtree
nm0759898,Richard Sammel
nm4671054,Richard Story
nm0865262,Richard Todd
nm0875983,Richard Tucker
nm11966268,Richard V. Armstrong
nm0915077,Richard Wattis
nm0916253,Richard Webb
nm0001847,Richard Widmark
nm0934014,Richard Wilson
nm0934013,Richard Wilson
nm0941416,Richard Wordsworth
nm0508502,Richie Li
nm2067911,Rick Aquino
nm0043455,Rick Axberg
nm0607540,Rick Morrow
nm2399585,Rick Poynor
nm0723169,Rick Riccardo
nm0780293,Rick Scully
nm0947153,Ricky Chun-Tong Wong
nm0401204,Ricky Hui
nm3056514,Rico Rodriguez
nm0948438,Rie Yokoyama
nm1082465,Rieko Sumi
nm1471564,Riichi Aikawa
nm0946683,Rikiya Yasuoka
nm0652710,Rikiya Ôtaka
nm0027810,Rikke Louise Andersson
nm0548635,Rimma Markova
nm0945470,Rin'ichi Yamamoto
nm0603761,Rina Morelli
nm0810676,Rinaldo Smordoni
nm0823592,Ringo Starr
nm0441172,Rino Katase
nm1801436,Rino Shimazaki
nm4020145,Rio Peng
nm0001800,Rip Torn
nm4104109,Riri Afuang
nm0128233,Rita Cadillac
nm0240209,Rita Dudusová
nm0426089,Rita Johnson
nm0515196,Rita Livesi
nm0526949,Rita Lupino
nm0537392,Rita Maiden
nm0598981,Rita Montaner
nm0600147,Rita Montone
nm0656321,Rita Page
nm1455536,Rita Piccione
nm0719764,Rita Renoir
nm0750931,Rita Russek
nm0878240,Rita Tushingham
nm0315547,Ritwik Ghatak
nm0407441,Riyoko Ikeda
nm12593547,Rjai Johnson
nm0005588,Rob LaBelle
nm2597010,Rob Sowulski
nm2895440,Robb Reiner
nm0001059,Robbie Coltrane
nm0787641,Robbie Shakespeare
nm0798887,Robert A. Silverman
nm0011310,Robert Adams
nm0016581,Robert Albert
nm0034013,Robert Arden
nm0035877,Robert Armstrong
nm0041222,Robert Atzorn
nm0044010,Robert Ayres
nm0051085,Robert Balpo
nm0056719,Robert Barrat
nm0060130,Robert Bassac
nm0000296,Robert Beltran
nm0070361,Robert Benchley
nm0072319,Robert Benoît
nm0075835,Robert Berman
nm0086706,Robert Blake
nm0088940,Robert Blome
nm0105838,Robert Braun
nm2610482,Robert Bumbes
nm0120625,Robert Bunzi
nm0126280,Robert Byrne
nm2061820,Robert C. Gibson
nm0001019,Robert Carradine
nm0147204,Robert Cawdron
nm0156706,Robert Chevassu
nm0168205,Robert Cochran
nm0178509,Robert Coote
nm0180452,Robert Cornthwaite
nm0196616,Robert Dadiès
nm0197592,Robert Dalban
nm0001108,Robert Davi
nm0000134,Robert De Niro
nm11128834,Robert Dean
nm0221518,Robert Desnos
nm0226207,Robert Dietl
nm0233306,Robert DoQui
nm0232196,Robert Donat
nm0001888,Robert Douglas
nm0000375,Robert Downey Jr.
nm0002049,Robert Downey Sr.
nm0237707,Robert Drew
nm0242290,Robert Dunham
nm0242749,Robert Dunn
nm2317304,Robert Dunn
nm0249187,Robert Edeson
nm0254609,Robert Elliott
nm0448305,Robert F. Kennedy
nm0269376,Robert Favart
nm0284858,Robert Fontaine
nm0001233,Robert Forster
nm11704431,Robert François
nm0312687,Robert Gendreu
nm0340063,Robert Greig
nm0344188,Robert Grubb
nm0375818,Robert Helpmann
nm0386542,Robert Hirsch
nm0396136,Robert Hossein
nm0404665,Robert Hutton
nm1152718,Robert Kashy
nm0460694,Robert Knepper
nm17459876,Robert Lange
nm0494285,Robert Le Fort
nm0494670,Robert Le Vigan
nm0685677,Robert Lee Pitchlynn
nm0507673,Robert Lewis
nm0509672,Robert Liensol
nm0005162,Robert Loggia
nm0528559,Robert Lynen
nm0533387,Robert MacKenzie
nm5695748,Robert Malmuth
nm0567460,Robert McDarra
nm0574743,Robert McWade
nm3850358,Robert Milicevic
nm0000053,Robert Mitchum
nm0605923,Robert Morley
nm0628579,Robert Newton
nm0629711,Robert Nichols
nm0654701,Robert Ozanne
nm0658434,Robert Palmer
nm1500155,Robert Pattinson
nm0680732,Robert Phillips
nm0694293,Robert Powell
nm0719328,Robert Rendel
nm0752813,Robert Ryan
nm0763059,Robert Sansom
nm0276031,Robert Scott Field
nm0001727,Robert Shaw
nm0821041,Robert Stack
nm0827137,Robert Stephens
nm0887449,Robert Van Loon
nm0885137,Robert Vattier
nm0907480,Robert Walker Jr.
nm0913094,Robert Warwick
nm0120494,Robert Z'Dar
nm0209536,Robert de Laroche
nm0193799,Roberta Custer
nm2616254,Roberta Rovelli
nm6994207,Robertino Rossellini
nm0000905,Roberto Benigni
nm0131209,Roberto Camardiel
nm0297553,Roberto Fugazot
nm0948762,Roberto García York
nm0515644,Roberto Llamas
nm0583332,Roberto Meyer
nm1546409,Roberto Morales
nm0614035,Roberto Murolo
nm1195819,Roberto Onorati
nm0660007,Roberto Paoletti
nm2503068,Roberto Sorrentino
nm7415457,Roberto Sosa
nm0554929,Roberto Sosa
nm0089348,Roberts Blossom
nm0160617,Robin Christopher
nm0410216,Robin Irvine
nm0426113,Robin Johnson
nm0486403,Robin Langford
nm0689576,Robin Polley
nm0719914,Robin Renucci
nm1675910,Robin Rosenberg
nm0795105,Robin Short
nm1199850,Robyn Parsons
nm14643702,Rocco
nm0195525,Rocco D'Assunta
nm0797382,Rocco Siffredi
nm0896523,Rocco Vidolazzi
nm13422028,Rochelle DuBoff
nm0714871,Rockets Redglare
nm0065932,Rod Bedall
nm5392286,Rod Dixon
nm0001768,Rod Steiger
nm0400905,Roddy Hughes
nm0692261,Rodessa Barrett Porter
nm0038896,Rodney Ascher
nm0079815,Rodney Bewes
nm0367696,Rodney Harvey
nm0010240,Rodolfo Acosta
nm0699885,Rodrigo Puebla
nm0042997,Rody Averty
nm6062925,Rogeena
nm0086134,Rogelio Blain
nm5511614,Roger Alan Koza
nm0020999,Roger Allan
nm0088436,Roger Blin
nm0164441,Roger Clark
nm1911344,Roger Constant
nm0217069,Roger Delgado
nm0241484,Roger Dumas
nm0244813,Roger Dutoit
nm0255900,Roger Elwin
nm0288602,Roger Fouts
nm0289516,Roger Fradet
nm0296064,Roger Fritz
nm0301224,Roger Gaillard
nm0372732,Roger Heathcott
nm0385152,Roger Hilsman
nm0393385,Roger Honorat
nm0420700,Roger Jendly
nm0422341,Roger Jett
nm0515193,Roger Livesey
nm0592443,Roger Miremont
nm0672295,Roger Penrose
nm0681856,Roger Pickering
nm0682655,Roger Pierre
nm0683012,Roger Pigaut
nm0706157,Roger Rafal
nm1051156,Roger Rizzi
nm0764918,Roger Sarbib
nm0816279,Roger Souza
nm0871105,Roger Trapp
nm0871755,Roger Treherne
nm0887161,Roger Van Hool
nm0427260,Roget Joly
nm0154968,Rogheyeh Chehreh-Azad
nm0759992,Rogério Samora
nm1196037,Rokeya Prachy
nm0869601,Rokkô Toura
nm0067861,Roko Belic
nm5572175,Roko Cirkovic
nm0125909,Rolan Bykov
nm0025445,Roland Amstutz
nm0078109,Roland Bertin
nm0087141,Roland Blanche
nm0191745,Roland Culver
nm0373345,Roland Hedlund
nm0378075,Roland Henschke
nm0545659,Roland Marchisio
nm0598394,Roland Monod
nm0856609,Roland Teubner
nm0869765,Roland Toutain
nm0950019,Roland Young
nm1236764,Rolando Hernández
nm0639282,Rolando Núñez
nm0065572,Rolf Becker
nm0215098,Rolf Deininger
nm0388744,Rolf Hoppe
nm0456786,Rolf Kirkvaag
nm0289840,Rolla France
nm7620409,Romain Blachier
nm0099679,Romain Bouquet
nm0244151,Romain Duris
nm0332647,Romain Goupil
nm1087177,Romain Lagarde
nm15262778,Romain Maricau
nm0092129,Roman Bohnen
nm0279244,Roman Fiser
nm0505198,Roman Levchenko
nm0000591,Roman Polanski
nm0867728,Roman Toporow
nm0001960,Romane Bohringer
nm15262779,Romane Violeau
nm0739355,Romy
nm0002769,Romy Schneider
nm0429171,Ron Cephas Jones
nm0164978,Ron Clarke
nm0177267,Ron Cook
nm16657485,Ron Delany
nm0224710,Ron Diamond
nm3095554,Ron Dolce
nm10533725,Ron Hill
nm0515296,Ron Livingston
nm0671459,Ron Pember
nm0000579,Ron Perlman
nm0010580,Ronald Adam
nm0021004,Ronald Allen
nm0122430,Ronald Burnett
nm0172903,Ronald Colman
nm0396697,Ronald E. House
nm0389901,Ronald F. Hoiseck
nm0349749,Ronald Guttman
nm0355182,Ronald Halicki
nm0385711,Ronald Hines
nm0397580,Ronald Howard
nm0594865,Ronald Mlodzik
nm0623752,Ronald Nealy
nm0681975,Ronald Pickup
nm0820105,Ronald Squire
nm0939309,Ronald Wong
nm1665537,Ronald Zehrfeld
nm3088189,Ronan Bouroullec
nm0086867,Ronee Blakley
nm0950552,Rongguang Yu
nm0068498,Ronnie Bell
nm0147367,Ronnie Lazaro
nm0001074,Ronny Cox
nm1296438,Roque Santos
nm0244041,Rosa Elena Durgel
nm0902823,Rosa von Praunheim
nm0326951,Rosa-Maria Gomes
nm0709736,Rosalia Randazzo
nm0190194,Rosalie Crutchley
nm0889518,Rosalie Varda
nm0751426,Rosalind Russell
nm0099583,Rosalyn Boulter
nm0424228,Rosamund John
nm0263851,Rosamund Kwan
nm0000275,Rosanna Arquette
nm0954704,Roschdy Zem
nm0000779,Roscoe 'Fatty' Arbuckle
nm0097040,Roscoe Born
nm0439850,Roscoe Karns
nm0001975,Roscoe Lee Browne
nm0037279,Rose Arrick
nm0000535,Rose McGowan
nm0765313,Rose Sarkisyan
nm0954114,Rosel Zech
nm0116211,Roselyne Brunet
nm2520444,Rosemarie Castoro
nm1679669,Rosemarie DeWitt
nm0213619,Rosemary DeCamp
nm0553013,Rosemary Martin
nm0703302,Rosette
nm0474935,Roshan Kumari
nm0786022,Roshan Seth
nm0001609,Rosie Perez
nm1603998,Roslyn Ruff
nm1455058,Ross Lipman
nm0133962,Rossana Canghiari
nm0547140,Rossana Mariano
nm0740735,Rossana Rory
nm0106387,Rossano Brazzi
nm0266194,Rossella Falk
nm10659320,Rossette Lubrano
nm0658041,Rossy de Palma
nm0563475,Rosy Mazzacurati
nm0759619,Rosy Samad
nm0890248,Rosy Varte
nm0541149,Rouben Mamoulian
nm0756442,Roula Said
nm0255436,Roushan Karam Elmi
nm0581953,Roxane Mesquida
nm0052770,Roy Bara
nm0112234,Roy Brooks
nm0125123,Roy Butler
nm0156558,Roy Cheung
nm0455702,Roy Kinnear
nm0358774,Roz Hammond
nm1304089,Ru Bai
nm0764257,Rubens Santos
nm0002039,Ruby Dee
nm0255968,Ruby Elzy
nm0372164,Ruby Head
nm1344959,Rubén González
nm1675434,Rudelle
nm0203958,Rudi Davies
nm0223384,Rudolf Deyl
nm0398703,Rudolf Hrusínský
nm0420628,Rudolf Jelínek
nm0459030,Rudolf Klein-Rogge
nm0502361,Rudolf Lenz
nm0771869,Rudolf Schündler
nm0831543,Rudolf Stolle
nm0107055,Rudolf Waldemar Brem
nm0060015,Rudy Basquez
nm0094036,Rudy Bond
nm0894494,Ruel Vernal
nm0749363,Rufus
nm0859476,Rufus Thomas
nm0942782,Rufus Wright
nm0346614,Ruma Guha Thakurta
nm0512528,Rune Lindström
nm0051846,Runki Banerjee
nm0948078,Ruocheng Ying
nm0189313,Rupert Crosse
nm0000391,Rupert Everett
nm0001291,Rupert Graves
nm0432216,Rupert Julian
nm0038377,Ruriko Asaoka
nm0848560,Russ Tamblyn
nm14439481,Russell Farazi
nm0452352,Russell Kiefel
nm2963760,Russell M. Haeuser
nm0777749,Russell Schweickart
nm0139566,Rustica Carpio
nm10493256,Rusty Tidenberg
nm0017377,Rutanya Alda
nm13422021,Ruth Bloch
nm0093447,Ruth Bolton
nm0232766,Ruth Donnelly
nm0002106,Ruth Gordon
nm0539300,Ruth Maleczech
nm0645874,Ruth Olafs
nm1331888,Ruth Price
nm0790689,Ruth Sheen
nm0812408,Ruzica Sokic
nm0176839,Ry Cooder
nm3144639,Ryan Begay
nm5285214,Ryan Cassata
nm0000202,Ryan Phillippe
nm0648773,Ryo Ono
nm0467876,Ryszard Kotys
nm2102815,Ryuji Ishiyama
nm2142123,Ryuko Fuji
nm15434793,Ryuko Tendoh
nm9882685,Ryutaro Gomi
nm0906682,Rywka Wajsbrot
nm0407411,Ryô Ikebe
nm15082704,Ryô Nishikawa
nm3086126,Ryôga Hayashi
nm0879743,Ryôhei Uchida
nm0847609,Ryôichi Takeuchi
nm0848407,Ryôichi Tamagawa
nm0370577,Ryôji Hayama
nm0044455,Ryônosuke Azuma
nm0434595,Ryôsuke Kagawa
nm0442863,Ryôtarô Kawanami
nm0594709,Ryôtarô Mizushima
nm1074391,Ryôtarô Sugi
nm0757098,Ryûichi Sakamoto
nm0457492,Ryûji Kita
nm9201572,Ryûji Kosaka
nm0437482,Ryûnosuke Kaneda
nm0875370,Ryûnosuke Tsukigata
nm0411733,Ryûsei Itô
nm0327104,Ryûtarô Gomi
nm0620212,Ryûzaburô Nakamura
nm0793567,Ryûzô Shimada
nm0213535,Régis Debray
nm0360568,Régis Hanrion
nm0671303,Réka Pelsöczy
nm0456968,Rüdiger Kirschstein
nm0901057,Rüdiger Vogler
nm0386100,S. William Hinzman
nm6530844,S.E. Gontarski
nm0912343,S.J. Warmington
nm0390819,S.M. Holland
nm0438502,S.P. Kapoor
nm2161889,Saadia Bentaïeb
nm0044535,Sabine Azéma
nm0321856,Sabine Glaser
nm0369202,Sabine Haudepin
nm0541148,Sabine Mamou
nm0754744,Sabine Sun
nm0040319,Sabira Atayeva
nm10428193,Sabrina De La Hoz
nm0272677,Sabrina Ferilli
nm0754942,Sabu
nm0202135,Saburô Date
nm1149137,Saburô Hiromatsu
nm0793985,Saburô Shinoda
nm0347589,Sacha Guitry
nm0685782,Sacha Pitoëff
nm3272660,Sachiko Itô
nm0462049,Sachiko Kobayashi
nm0613561,Sachiko Murase
nm1156054,Sachiko Ozaki
nm0757021,Sachio Sakai
nm9150637,Sadaf Asgari
nm0768031,Sadako Sawamura
nm0849930,Sadika Taohidi
nm5964363,Sadiq Daba
nm0714236,Sady Rebbot
nm0442740,Saeda Kawaguchi
nm0602392,Safar Ali Moradi
nm0004787,Saffron Burrows
nm0015636,Safia El Emari
nm0670724,Safka Pekkonen
nm5574267,Saga Garðarsdóttir
nm0765850,Saho Sasazawa
nm0451100,Said Khalil
nm0052570,Saira Banu
nm7086544,Saisiri Xoomsai
nm0475411,Sakari Kuosmanen
nm0433520,Sakke Järvenpää
nm0412532,Sakurako Iwama
nm1040907,Sakyo Mikami
nm6022039,Sal Jobe
nm0000543,Sal Mineo
nm1000789,Salah El-Saadany
nm0623434,Salah Nazmi
nm0957668,Salah Zulfikar
nm0653470,Salif Ouedraogo
nm13322249,Salih Sigirci
nm0015328,Salim Akil
nm0553028,Sallie Martin
nm0675381,Sallie Perryman
nm0398141,Sally Ann Howes
nm0247575,Sally Easter
nm0286692,Sally Forrest
nm0336931,Sally Gray
nm0311249,Sally M. Gearhart
nm0642063,Sally O'Neil
nm0947313,Sally Yeh
nm16165833,Salomé Lopes
nm5184557,Salomé Wimille
nm1276591,Salvador Mateo
nm0761055,Salvador Sánchez
nm0939991,Salvador Wood
nm2992307,Salvatore Abbruzzese
nm2954640,Salvatore Ruocco
nm0709951,Salvo Randone
nm0018723,Sam Alexander
nm0077669,Sam Berry
nm7945602,Sam Corker Jr.
nm1729516,Sam Downey
nm0338316,Sam Green
nm0430175,Sam Jordan
nm0457811,Sam Kittrell
nm0477330,Sam Kydd
nm0505249,Sam Levene
nm1433314,Sam Lisenco
nm0515194,Sam Livesey
nm0524274,Sam Lucas
nm0525174,Sam Lufkin
nm0000554,Sam Neill
nm0696351,Sam Presti
nm0786598,Sam Sewell
nm0900572,Sam Vlahos
nm0001832,Sam Waterston
nm5757164,Sam Watts
nm0002058,Samantha Eggar
nm10986914,Samapriya Dasi
nm0293739,Sami Frey
nm0449197,Samia Kerbash
nm0931638,Samm-Art Williams
nm0155618,Sammi Cheng
nm0205423,Sammi Davis
nm0005033,Sammo Kam-Bo Hung
nm0112239,Sammy Brooks
nm0092229,Samuel Boidin
nm0226191,Samuel Dietert
nm0297076,Samuel Fröler
nm0002087,Samuel Fuller
nm0401207,Samuel Hui
nm14457158,Samuel Kircher
nm0494078,Samuel Le Bihan
nm0850907,Samuel Tasinaje
nm1144805,San'emon Arashi
nm0949215,Sanaa Younes
nm13225700,Sanae Khamlichi
nm0619997,Sanae Nakahara
nm0847408,Sanae Takasugi
nm0073958,Sandra Bergamini
nm0000928,Sandra Bernhard
nm8272878,Sandra Drzymalska
nm4095580,Sandra Franchina
nm0590452,Sandra Milo
nm0538079,Sandra Montaigu
nm0599298,Sandra Monteleoni
nm0644897,Sandra Oh
nm0832633,Sandra Storme
nm0094789,Sandrine Bonnaire
nm0238386,Sandrine Drouot
nm0241487,Sandrine Dumas
nm0002142,Sandrine Holt
nm2432662,Sandrine Pinna
nm0289975,Sandro Franchina
nm0659745,Sandro Panseri
nm0572865,Sandy McLeod
nm1997737,Sandy Ninja
nm0832161,Sandy Stone
nm0925790,Sandy Whitelaw
nm0934097,Sandye Wilson
nm0577073,Sanford Meisner
nm2385917,Sanming Han
nm0718820,Santa Relli
nm0154155,Santi Chatterjee
nm6126848,Santiago Fondevila
nm4510776,Santiago Londoño
nm0514069,Santina Lisio
nm0244904,Santosh Dutta
nm0802373,Santosh Singha
nm14475504,Saori Gurza
nm0021329,Sara Allgood
nm0238138,Sara Driver
nm3010533,Sara Eriksson
nm0408886,Sara Inglis
nm0506870,Sara Lewinstein
nm0837406,Sara Sugarman
nm0072262,Sarah Benoit
nm0161511,Sarah Churm
nm0437998,Sarah Kants
nm0489857,Sarah Lassez
nm0001631,Sarah Polley
nm0827319,Sarah Stephenson
nm12175355,Sarah Weber
nm0890049,Sarah-Jane Varley
nm0223474,Saraj D. Dhamdhara
nm0015293,Sardar Akhtar
nm9370003,Sari
nm0002004,Sarita Choudhury
nm0721419,Sarita Reyes
nm0882237,Saro Urzì
nm14873428,Sarvin Zabetian
nm5934325,Sasa Paul-Szel
nm8598028,Sasha Merci
nm1319467,Satasinh Manila
nm0080362,Satindra Bhattacharya
nm5570307,Satish Haldar
nm1209115,Satoko Abe
nm0202136,Satoko Date
nm0009834,Satomi Achiwa
nm0462050,Satomi Kobayashi
nm3017331,Satomi Satô
nm0264692,Saturnin Fabre
nm0051851,Satya Banerjee
nm0051810,Satya Bannerjee
nm0159291,Sau Lan Chow
nm1165638,Saul Kitchener
nm0495404,Saul Levitt
nm0007210,Saul Rubinek
nm1912907,Sayaka Hitomi
nm0651532,Sayaka Osawa
nm0949056,Sayaka Yoshino
nm4948481,Sayed Abdel Karim
nm0441389,Sayoko Katô
nm1190502,Sayoko Ninomiya
nm2580055,Sayuri Kawauchi
nm0849481,Sayuri Tanima
nm0949045,Sayuri Yoshinaga
nm9459068,Sayyed Y. Bey
nm11827798,Saïd Aouita
nm0846548,Saïd Taghmaoui
nm13332857,Scarlett Cholleton
nm0570286,Scott Hunter McGuire
nm1022823,Scott Ian
nm0571609,Scott McKenzie
nm0667182,Scott Paulin
nm17345710,Scott Rhodes
nm0839152,Scott Sunderland
nm0361916,Scottie Harberts
nm0065717,Scotty Beckett
nm0370221,Screamin' Jay Hawkins
nm1017646,Sean Blakemore
nm0000125,Sean Connery
nm1491264,Sean Doyle
nm0528445,Sean Lynch
nm0000576,Sean Penn
nm0998342,Sean Price Williams
nm0752834,Sean Vertigo
nm0000707,Sean Young
nm0530886,Season Ma
nm0021047,Sebastian Allen
nm0273797,Sebastian Armesto
nm0088935,Sebastian Blomberg
nm4515915,Sebastian Blyckert
nm1660012,Sebastian Coe
nm4515871,Sebastian Hegmar
nm9863633,Sebastian Kowollik
nm0789970,Sebastian Shaw
nm1659221,Sebastian Stan
nm3739332,Sebastien Canonne
nm8198283,Sebastián Cuevas Iriarte
nm0222490,Sefalika Devi
nm0008161,Seif Abdelrahman
nm0759622,Seifollah Samadian
nm0441390,Seiichi Katô
nm0847504,Seiichi Takegawa
nm0559687,Seiji Matsuyama
nm0594348,Seiji Miyaguchi
nm0632764,Seiji Nishimura
nm0648543,Seijirô Onda
nm0475236,Seishirô Kuno
nm1259151,Seiya Nakano
nm0442951,Seizaburô Kawazu
nm0000688,Sela Ward
nm1517600,Selahattin Genç
nm0004757,Selma Blair
nm0445367,Selma Keklikian
nm0414038,Selmer Jackson
nm6360411,Selome Emnetu
nm0578080,Selton Mello
nm0946216,Sen Yano
nm0070882,Sennuccio Benelli
nm1136671,Seok-je Kang
nm1319257,Seon-ae Ko
nm0083643,Serafima Birman
nm0612876,Seraj Munir
nm1747580,Serban Georgevici
nm14755967,Serena Hu
nm0779783,Seret Scott
nm0077673,Serge Berry
nm0205821,Serge Davri
nm0006092,Serge Gainsbourg
nm0466047,Serge Korber
nm16971336,Serge Michel
nm0100353,Serge Onteniente
nm0716577,Serge Reggiani
nm0060288,Serge Rezvani
nm16165834,Serge Richard
nm0088480,Sergei Blinnikov
nm0437726,Sergei Kanishchev
nm0463783,Sergei Kokoryov
nm0691350,Sergei Popov
nm0947627,Sergei Yermilov
nm0067417,Sergey Bekhterev
nm0094083,Sergey Bondarchuk
nm0538710,Sergey Makovetskiy
nm0631963,Sergey Nikonenko
nm0945073,Sergey Yakovlev
nm0180959,Sergio Corrieri
nm0266949,Sergio Fantoni
nm0748207,Sergio Rubini
nm0870806,Sergio Tramonti
nm0618463,Serigne N'Diayes
nm0361697,Setsuko Hara
nm0394696,Setsuko Horikoshi
nm0476219,Setsuko Kusano
nm1650192,Setsuko Shinobu
nm0793977,Setsuko Shinoi
nm0906745,Setsuko Wakayama
nm0708136,Setti Ramdane
nm0224224,Settimio Di Porto
nm8040682,Seun Ajayi
nm0759721,Seune Samb
nm15832958,Severino Cavalcanti
nm2518048,Severino Pisacane
nm0201089,Severn Darden
nm0001025,Seymour Cassel
nm13422064,Seymour Cutler
nm0381113,Seymour Hertzberg
nm0545810,Señor Marco
nm0000818,Shabana Azmi
nm0787183,Shadia
nm0411265,Shafikul Islam
nm1973723,Shah Alam Dewan
nm15228572,Shahin Abzan
nm0315843,Shahpour Ghobadi
nm1164832,Shahram Golchin
nm0611561,Shailen Mukherjee
nm0477099,Shan Kwan
nm5171778,Shane Salter
nm7535565,Shannon Baker
nm4609589,Shannon Beer
nm2221724,Shannon Murphy
nm0931678,Shannon Walker Williams
nm0080370,Shanti Bhattacherjee
nm2205904,Shao-Huai Chang
nm3385826,Shaohua Zhang
nm0764762,Sharada
nm0788762,Shari
nm0838795,Shari Summers
nm0156522,Sharla Cheung
nm0846616,Sharmila Tagore
nm2618372,Sharon Abella
nm0029512,Sharon Angela
nm0076603,Sharon Bernbaum
nm0268331,Sharon Farrell
nm0336950,Sharon Gray
nm0507746,Sharon Lewis
nm9573750,Sharon Lyn Chalkin
nm0000232,Sharon Stone
nm1852046,Sharon Wall
nm0493391,Shaun Lawton
nm2531646,Shauna Baker
nm0004999,Shawn Hatosy
nm1284845,Shawn Yue
nm0809938,Shawnee Smith
nm8940844,Shay Walker
nm1464207,Shaymerden Khakimzhanov
nm0336952,Shayne Gray
nm0619690,Sheela Naik
nm0012947,Sheila Agee
nm0572430,Sheila McLaughlin
nm0593724,Sheila Mitchell
nm0715693,Sheila Reid
nm0779966,Sheila Scott Wilkinson
nm0799257,Sheila Sim
nm0923417,Sheilagh Weymouth
nm9988111,Shekeb Sekander
nm0001167,Shelley Duvall
nm0279784,Shelley Fisher
nm0477698,Shelley Kästner
nm0550332,Shelly Mars
nm0743835,Shelly Ross
nm0636065,Sheree North
nm5695710,Sheri Vecchio
nm0792354,Sherlyn
nm15710981,Shermane Powell
nm3107563,Sherry Mandell
nm8631509,Sherwan Haji
nm13253436,Sherwin Badger
nm0498247,Sheryl Lee
nm10493257,Shevaa Deva
nm0945188,Shi-Kwan Yen
nm0155365,Shiang-chyi Chen
nm1473662,Shichiro Kojima
nm0410935,Shigeki Ishida
nm1748064,Shigeo Arai
nm0023715,Shigeru Amachi
nm0071163,Shigeru Benibayashi
nm0412831,Shigeru Izumiya
nm0477772,Shigeru Kôyama
nm0875503,Shigeru Tsuyuguchi
nm0846185,Shigeto Tachihara
nm0151815,Shih Chang
nm0793384,Shih Kien
nm6312199,Shih-Yun Tsou
nm0297788,Shiho Fujimura
nm0756866,Shikô Saitô
nm9121760,Shiloh Verrico
nm0412615,Shima Iwashita
nm0457223,Shin Kishida
nm0740644,Shin Roppongi
nm0754955,Shin Saburi
nm0851309,Shin Tatsuoka
nm0865799,Shin Tokudaiji
nm0385443,Shin'ichi Himori
nm0875495,Shin'ichi Tsutsumi
nm0945850,Shin'ichi Yanagisawa
nm0586352,Shin'ichirô Mikami
nm0621197,Shin'yô Nara
nm11304868,Shin-hui Chen
nm16376436,Shina Peng
nm4465175,Shinako Nakagawa
nm0793008,Shing Fui-On
nm0437549,Shingo Kanemoto
nm0945601,Shingo Yamashiro
nm0945849,Shingo Yanagisawa
nm0397604,Shingzie Howard
nm0620314,Shinichi Nakano
nm1837670,Shinichi Uchida
nm0847487,Shinji Takeda
nm0849062,Shinji Tanaka
nm0559705,Shinjiro Matsuzaki
nm0038354,Shinjirô Asano
nm1814885,Shinkichi Noda
nm0880298,Shinko Ujiie
nm1594794,Shinobu Aoki
nm0652718,Shinobu Ôtake
nm0038320,Shinpachirô Asaka
nm0038951,Shinsuke Ashida
nm0590929,Shinsuke Minami
nm0410982,Shintarô Ishihara
nm0441526,Shintarô Katsu
nm0276043,Shirley Anne Field
nm0164999,Shirley Clarke
nm0247881,Shirley Eaton
nm0376602,Shirley Henderson
nm0477100,Shirley Kwan
nm0000511,Shirley MacLaine
nm0831471,Shirley Stoler
nm0945354,Shirley Yamaguchi
nm0594723,Shiro Mizutani
nm0411883,Shirô Itô
nm0457216,Shirô Kishibe
nm0762965,Shirô Sano
nm0651506,Shirô Ôsaka
nm10255204,Shirô Ôtsuji
nm0401208,Shiu-Hung Hui
nm0442881,Shizue Kawarazaki
nm0622406,Shizue Natsukawa
nm0945309,Shizue Yamagishi
nm0440375,Shizuko Kasagi
nm1156002,Shizuko Nishigaki
nm0645833,Shizumi Okuzaki
nm0620077,Shizuo Chûjô
nm0811794,Shobana
nm2284624,Shohei Tanaka
nm0013037,Shohreh Aghdashloo
nm2631895,Shokaku Shôfukutei
nm1724515,Shotaro Ichikawa
nm1307105,Shou Lin Xu
nm0156822,Shouweikar
nm0795517,Shu Qi
nm0628874,Shu-Chun Ni
nm0155371,Shu-Fang Chen
nm0398764,Shu-shen Hsiao
nm16040684,ShuHuan Wang
nm1958332,Shuai Ji
nm0508513,Shuang Li
nm14022199,Shui-Tong Chu
nm1272367,Shujing Lin
nm0765169,Shukri Sarhan
nm0490614,Shun Lau
nm0915680,Shun'ya Wazaki
nm0950751,Shun-Yee Yuen
nm0441038,Shunji Kasuga
nm0622420,Shunji Natsume
nm1670248,Shunsaku Kashima
nm3311861,Shunsuke Mizoguchi
nm0256370,Shuntarô Emi
nm0634600,Shusei Nomura
nm13622949,Shweta Prajapati
nm0315929,Shyamal Ghoshal
nm0409267,Shôbun Inoue
nm0633028,Shôgen Nitta
nm0793569,Shôgo Shimada
nm0385846,Shôhei Hino
nm0463656,Shôichi Kofujita
nm0654726,Shôichi Ozawa
nm0946660,Shôji Yasui
nm0645160,Shôji Ôki
nm0644512,Shôjirô Ogasawara
nm0297908,Shôki Fukae
nm0837548,Shôsaku Sugiyama
nm1390842,Shôsei Mutô
nm13951151,Shôsuke Hirose
nm2202409,Shôta Sometani
nm1758567,Shôtarô Akagi
nm0359297,Shôtarô Hanayagi
nm0620228,Shôtarô Nakamura
nm1686921,Shôzaburô Abe
nm0620634,Shôzô Nanbu
nm1824272,Shûichi Doki
nm0762966,Shûji Sano
nm16812346,Si Mohamed Baghdadi
nm0553067,Sian Martin
nm0398904,Sibelle Hu
nm0047056,Sibylle Baier
nm0467954,Sid Ali Kouiret
nm0578412,Sid Melton
nm0154162,Siddhartha Chatterjee
nm16205719,Siden In
nm16437944,Sidney Atkinson
nm0074367,Sidney Berger
nm0085782,Sidney Blackmer
nm0194939,Sidney D'Albrook
nm0416228,Sidney James
nm5094898,Siegfried Eifrig
nm0752211,Sif Ruud
nm0750079,Sig Ruman
nm0299827,Sigge Fürst
nm0373887,Signe Heide Steen
nm0936166,Signe Wirff
nm0000244,Sigourney Weaver
nm3335498,Sigrid Bouaziz
nm6261880,Sigrid Mölg
nm0624653,Sigrid Neiiendam
nm0073899,Sigurd Berg
nm0705129,Sigurd Rachman
nm0909436,Sigurd Wallén
nm7048542,Silas Monyatse
nm4104621,Silberio Galvez
nm0784661,Silu Seppälä
nm0087729,Silvana Blasi
nm0181122,Silvana Corsini
nm0542146,Silvana Mangano
nm1885475,Silvana Veronese
nm6320498,Silvero Pereira
nm0063128,Silvia Baylé
nm0272146,Silvia Fenz
nm0597840,Silvia Monelli
nm0597985,Silvia Monfort
nm0622023,Silvia Nastase
nm0683831,Silvia Pinal
nm0686491,Silvia Planas
nm0046785,Silvio Bagolini
nm16437943,Silvio Cator
nm0380148,Silvio Hernández
nm7028840,Simon Al-Bazoon
nm7968542,Simon Bennett
nm0128136,Simon Cadell
nm0001003,Simon Callow
nm0160985,Simon Chuckster
nm2310375,Simon Hsu
nm0429254,Simon Jones
nm6966885,Simon Lee
nm0750971,Simon Russell Beale
nm0754671,Simon Sabela
nm3525868,Simon Sears
nm0912268,Simon Waring
nm0945189,Simon Yam
nm0004490,Simon de La Brosse
nm0705240,Simona Racková
nm0041457,Simone Aubry
nm0201561,Simone Darot
nm0284507,Simone Fonder
nm4558732,Simone Jackson
nm3013376,Simone Sacchettino
nm0797531,Simone Signoret
nm0800386,Simone Simon
nm0043648,Sinthia Ayala
nm0278239,Siobhan Finneran
nm6563952,Siphiwe Nzima-Ntskhe
nm10387860,Siri Forberg
nm14244928,Siri Jøntvedt
nm0253730,Sirri Elitas
nm0269809,Sirvart Fazlian
nm0000651,Sissy Spacek
nm0611566,Sita Mukherjee
nm0864784,Siu-Chun To
nm0939281,Siu-Fung Wong
nm0157785,Siu-Ho Chin
nm0490618,Siu-Ming Lau
nm0864786,Siu-Ming To
nm0259001,Siv Ericks
nm1107894,Sivakumar
nm0540250,Sixten Malmerfeldt
nm0700681,Skinny Puppy
nm12458827,Skylar Marshall
nm3192969,Slaine Jenkins
nm0805298,Slash
nm14924791,Slight Sounds
nm3210254,Slim
nm0838843,Slim Summerville
nm5249489,Slim Tyebo
nm0019609,Slobodan Aligrudic
nm0315871,Smaran Ghosal
nm0577288,Smaïl Mekki
nm0250366,Snitz Edwards
nm13633904,Snæbjörg Guðmundsdóttir
nm0401210,So-Ying Hui
nm1974741,Soaeb Islam
nm0883698,Socorro Valdez
nm0078229,Sofia Bertolotto
nm0157105,Sofiko Chiaureli
nm1468687,Sofya Belskaya
nm0252850,Soheir El-Morshidy
nm0148825,Solange Certain
nm0813217,Solo
nm12783310,Solomiia Kyrylova
nm4609643,Solomon Glave
nm0673251,Solomon Perel
nm0231652,Solveig Dommartin
nm0097900,Somen Bose
nm15156177,Somenosuke Hayashiya
nm0559559,Someshô Matsumoto
nm14797882,Somikazi Ntikinca
nm0884404,Sona Valentová
nm3129283,Song Diefeng
nm0814324,Songshen Zuo
nm0000968,Sonia Braga
nm0234286,Sonia Dos Humildes
nm9880444,Sonia Yuan
nm1060641,Sonja Bennett
nm0377012,Sonja Henie
nm0626849,Sonja Neudorfer
nm0927733,Sonja Wigert
nm0355010,Sonnie Hale
nm0054554,Sonny Barger
nm3107581,Sonny Max Glickman
nm0033065,Sonsoles Aranguren
nm6628353,Sook-Rang Wang
nm0000047,Sophia Loren
nm0968797,Sophie Cattani
nm0197895,Sophie Dalezio
nm0461747,Sophie Knudsen
nm0498275,Sophie Lee
nm0719765,Sophie Renoir
nm0732231,Sophie Robin
nm0756713,Sophie Saint-Just
nm0829838,Sophie Stewart
nm12496351,Sophourn Has
nm0471961,Sossen Krohg
nm0154164,Soumitra Chatterjee
nm10015897,Sourav Banerjee
nm16205714,Sovann Nhoeb
nm0542405,Spanky Manikan
nm0046528,Spartak Bagashvili
nm0153556,Spencer Charters
nm0853565,Spencer Teakle
nm0000075,Spencer Tracy
nm0872483,Spencer Trevor
nm0000490,Spike Lee
nm0283754,Spyros Fokas
nm1110038,Stacey Marbrey
nm0854909,Stacey Tendeter
nm0043525,Staffan Axelsson
nm0356445,Staffan Hallerstam
nm0821239,Stafford
nm8844277,Stan Holder
nm0506242,Stan Levitt
nm0141133,Stanislas Carré de Malberg
nm0580720,Stanislas Merhar
nm0332892,Stanislav Govorukhin
nm6210353,Stanislav Marin
nm13652346,Stanislav Potiak
nm0310702,Stanislaw Gawlik
nm0407010,Stanislaw Igar
nm0584680,Stanislaw Michalski
nm0586725,Stanislaw Mikulski
nm0590595,Stanislaw Milski
nm0048939,Stanley Baker
nm0090008,Stanley Blystone
nm0220886,Stanley DeSantis
nm0338590,Stanley Greenberg
nm0338346,Stanley Greene
nm0391361,Stanley Holloway
nm0561628,Stanley Maxted
nm0606274,Stanley Morrell
nm0725897,Stanley Ridges
nm0298689,Stanley Sui-Fan Fung
nm0001804,Stanley Tucci
nm0912664,Stanley Warnow
nm0915409,Stanley Waxman
nm0130593,Starr Calloway
nm0066114,Stefan Bednarczyk
nm0163410,Stefan Clapczynski
nm0194356,Stefan Czapsky
nm0194430,Stefan Czernecki
nm2932086,Stefan Czyzewski
nm0270540,Stefan Feierbach
nm8026571,Stefan Gota
nm0344793,Stefan Gryff
nm0489281,Stefan Larsson
nm0688893,Stefan Polasek
nm0053912,Stefania Barca
nm0412652,Stefania Iwinska
nm0754584,Stefania Sabatini
nm0762248,Stefania Sandrelli
nm0766370,Stefano Satta Flores
nm0835207,Steffi Stroux
nm0202072,Stella Dassas
nm1886524,Stella Maeve
nm0562917,Stella Mayo
nm0849703,Stella Tanner
nm0959184,Stella Zázvorková
nm0001745,Stellan Skarsgård
nm0027829,Sten Andersson
nm0472989,Stepan Krylov
nm0626161,Stepan Nercessian
nm0387916,Stephan Hockey
nm4470486,Stephane Glacier
nm0106887,Stephanie Brehme
nm0125389,Stephanie Buttle
nm0266966,Stephanie Lai
nm4183731,Stephanie Lynn Wilson
nm0605174,Stephanie Morgenstern
nm0892956,Stephanie Venditto
nm16437952,Stephen Anderson
nm0033776,Stephen Archibald
nm0052442,Stephen Bannon
nm0000963,Stephen Boyd
nm0151822,Stephen Chang
nm0153679,Stephen Chase
nm0155380,Stephen Chen
nm0004834,Stephen Collins
nm0228246,Stephen Dirrane
nm0370071,Stephen Hawking
nm0480099,Stephen Lack
nm2476996,Stephen Laurier
nm0001653,Stephen Rea
nm12025580,Stephen Severin
nm0791156,Stephen Shellen
nm0834519,Stephen Strimpell
nm0148930,Stepánka Cervenková
nm0488377,Stevan Larner
nm0592861,Stevan Miskovic
nm2904057,Steve 'Lips' Kudlow
nm2011724,Steve Abbott
nm3228243,Steve Baker
nm0063393,Steve Baës
nm0095886,Steve Boozer
nm0097578,Steve Borton
nm0110917,Steve Brodie
nm0000114,Steve Buscemi
nm0166170,Steve Clemente
nm0168215,Steve Cochran
nm0176869,Steve Coogan
nm2155389,Steve Doughton
nm0248514,Steve Eckardt
nm0263740,Steve Evets
nm0373156,Steve Hedden
nm0447208,Steve Kenis
nm4197925,Steve McCoy
nm0000537,Steve McQueen
nm0614730,Steve Murphy
nm0710292,Steve Rankin
nm0721961,Steve Reynolds
nm0788631,Steve Schapiro
nm0771993,Steve Schirripa
nm0806384,Steve Smagghe
nm0001872,Steve Zahn
nm0697637,Steven Chester Prince
nm0444198,Steven Keats
nm16604320,Steven Matejovsky
nm0942833,Steven Wright
nm0021078,Stewart Allen
nm0001289,Stewart Granger
nm0739182,Stewart Rome
nm0084983,Stig Björkman
nm0257810,Stig Engström
nm0433512,Stig Järrel
nm0645041,Stig Olin
nm0868998,Stig Torstensson
nm0252286,Stina Ekblad
nm0001776,Sting
nm0033014,Stojan 'Stole' Arandjelovic
nm0656608,Stratos Pahis
nm0260020,Stuart Erwin
nm0329556,Stuart Goodwin
nm0334324,Stuart Graham
nm0546765,Stuart Margolin
nm0950954,Stuart Ong
nm0740452,Stuart Roosa
nm0870204,Stuart Townsend
nm0481270,Sture Lagerwall
nm0000804,Stéphane Audran
nm0100490,Stéphane Bouy
nm0293889,Stéphane Freiss
nm0602209,Stéphane Moquet
nm0897399,Stéphane Vilar
nm0461927,Su-Yun Ko
nm0709980,Subash Rane
nm0154166,Subhendu Chatterjee
nm0052343,Subir Banerjee
nm0154167,Subrata Chatterjee
nm1432530,Sudheesh
nm1495633,Sue Ann Kahn
nm0086730,Sue Ellen Blake
nm3571419,Sue Kaul
nm0003711,Sue Randall
nm0504999,Suet-Mei Leung
nm0751819,Sufia Rustam
nm0031889,Sugisaku Aoyama
nm0837712,Sukezô Sukedakaya
nm0810058,Sukie Smith
nm3737262,Sukio Fukuoka
nm0837797,Sukumari
nm4510428,Suliman Elnour
nm0410983,Sumao Ishihara
nm0665402,Sumati Patel
nm0765823,Sumie Sasaki
nm0383026,Sumiko Hidaka
nm0475732,Sumiko Kurishima
nm0594667,Sumiko Mizukubo
nm0757102,Sumiko Sakamoto
nm0764407,Sumita Sanyal
nm0945269,Sumiyo Yamada
nm0704612,Sun Ra
nm0150844,Sung-Young Chen
nm0004570,Sunil Dutt
nm0159350,Supriya Choudhury
nm0611475,Suprova Mukerjee
nm0000769,Susan Anspach
nm0055794,Susan Barnes
nm0067118,Susan Behshid
nm0075857,Susan Berman
nm5404863,Susan Brustman
nm0357338,Susan Hamann
nm0001333,Susan Hayward
nm0389623,Susan Hogan
nm0523056,Susan Lowe
nm0635628,Susan Norman
nm0723898,Susan Richards
nm0756492,Susan Saiger
nm0000215,Susan Sarandon
nm0789987,Susan Shaw
nm0001782,Susan Strasberg
nm0835445,Susan Stryker
nm0896510,Susan Vidler
nm0918280,Susan Weiner
nm0941096,Susan Wooldridge
nm12949384,Susana Ortiz Cobos
nm0352099,Susanna Haavisto
nm0664666,Susanna Pasolini
nm0948772,Susannah York
nm0521443,Susanne Lothar
nm0579429,Susanne Meneghel
nm0109192,Susie Bright
nm0297843,Susumu Fujita
nm0475830,Susumu Kurobe
nm0645398,Susumu Okabe
nm0855398,Susumu Terajima
nm8392076,Suzanne Bothke
nm0167235,Suzanne Cloutier
nm0200659,Suzanne Dantès
nm0282127,Suzanne Fletcher
nm0282530,Suzanne Flon
nm0316738,Suzanne Gibbs
nm0401099,Suzanne Huguenin
nm0501260,Suzanne Lemeri
nm0515758,Suzette Llewellyn
nm0541746,Suzi Mandell
nm0419289,Suzie Jaspard
nm4482913,Suzy Daughtry
nm0216177,Suzy Delair
nm0360422,Suzy Hannier
nm0697512,Suzy Prim
nm0932787,Suzy Willy
nm0466304,Svante Korkiakoski
nm0770147,Svein Scharffenberg
nm0511409,Sven Lindberg
nm0005815,Sven Nykvist
nm0774563,Sven Scholander
nm0138133,Sven-Eric Gamble
nm0030153,Sverre Anker Ousdal
nm0345695,Sverrir Gudnason
nm0463321,Sveta Kohli
nm0434024,Svetlana Kabanova
nm0451454,Svetlana Kharitonova
nm0625986,Svetlana Nemolyaeva
nm0611575,Swapan Mukherjee
nm15718987,Swaraj Mitter Gupta
nm0154169,Swatilekha Sengupta
nm0001436,Swoosie Kurtz
nm0724784,Sy Richardson
nm0871320,Sy Travers
nm0343991,Sybil Grove
nm0530997,Sybil Maas
nm0722347,Sybil Rhoda
nm0861345,Sybil Thorndike
nm0082813,Sybille Binder
nm0200745,Sybille Danzer
nm0773525,Sybille Schmitz
nm0079000,Sydney Best
nm0152261,Sydney Chaplin
nm0335764,Sydney Granville
nm0419125,Sydney Jarvis
nm6567393,Sydney Orta
nm0826316,Syliane Stella
nm0466977,Sylva Koscina
nm0411664,Sylvain Itkine
nm0060663,Sylvia Bataille
nm0151827,Sylvia Chang
nm3107697,Sylvia Consky
nm0248681,Sylvia Eckhausen
nm0000482,Sylvia Kristel
nm0550204,Sylvia Marriott
nm0767038,Sylvia Saurel
nm0796662,Sylvia Sidney
nm0843401,Sylvia Syms
nm0014826,Sylviane Aisenstein
nm0332136,Sylviane Goudal
nm0843294,Sylvie
nm0502156,Sylvie Lenoir
nm0670771,Sylvie Pelayo
nm0717031,Sylvie Reichenbach
nm0724966,Sylvie Richez
nm0781881,Sylvie Segalas
nm0856500,Sylvie Testud
nm0886142,Sylvie Van den Elsen
nm0890233,Sylvie Vartan
nm1050001,Syndra Kahn
nm0652677,Sándor Oszter
nm0047592,Sébastien Bailleul
nm0216599,Sébastien Delbaere
nm5252829,Sébastien Faglain
nm0786313,Séverin-Mars
nm0133836,Séverine Caneele
nm0503495,Sévérine Lerczinska
nm0945522,Sô Yamamura
nm0457954,Sôji Kiyokawa
nm0768032,Sônosuke Sawamura
nm0645436,Sôtarô Okada
nm0934196,T-Bone Wilson
nm0571435,T.P. McKenna
nm1035024,T.S. Alexander
nm0623493,Tabata Ndiaye
nm0948398,Tadanori Yokoo
nm0620092,Tadao Nakamaru
nm0847396,Tadao Takashima
nm5664912,Tadashi Azuma
nm0202138,Tadashi Date
nm1370710,Tadashi Fukuro
nm0645399,Tadashi Okabe
nm0879932,Tadayoshi Ueda
nm0102940,Tadeusz Bradecki
nm0276779,Tadeusz Fijewski
nm0350328,Tadeusz Gwiazdowski
nm0401291,Tadeusz Huk
nm0417361,Tadeusz Janczar
nm0475160,Tadeusz Kunikowski
nm0518591,Tadeusz Lomnicki
nm12764084,Taehee Kim
nm0022009,Tage Almqvist
nm0429711,Tage Jonsson
nm0803637,Tage Sjögren
nm0480432,Tahereh Ladanian
nm17098306,Tahereh Samadpour
nm0137226,Tahiyyah Karyuka
nm0156495,Tai-Bo
nm0867401,Taiji Tonoyama
nm1423926,Taijirô Tamura
nm0793932,Taiko Shinbashi
nm0286103,Tailinh Agoyo
nm1702381,Taishen Cheng
nm0297922,Taizô Fukami
nm0536737,Taj Mahal
nm0477107,Tak-Hing Kwan
nm0848796,Takahiro Tamura
nm0297797,Takako Fujino
nm0409960,Takako Irie
nm0765825,Takamaru Sasaki
nm0398513,Takanobu Hozumi
nm0411750,Takao Itô
nm0882476,Takao Usui
nm4235336,Takao Yoshizawa
nm0958828,Takao Zushi
nm0247938,Takashi Ebata
nm1177042,Takashi Etajima
nm1148757,Takashi Fujiki
nm12818880,Takashi Miki
nm0619822,Takashi Naitô
nm0634601,Takashi Nomura
nm0793766,Takashi Shimura
nm3450503,Takashi Sue
nm0880002,Takashi Ueno
nm10771095,Takashi Yamaguchi
nm0847490,Takatoshi Takeda
nm5309717,Takaya Hijikata
nm5471622,Takayuki Iwama
nm0837278,Takayuki Suematsu
nm0613598,Takehiro Murata
nm0256629,Takenori Emoto
nm0157384,Takeo Chii
nm0855435,Takeo Terashita
nm0437580,Takeshi Kaneshiro
nm0441399,Takeshi Katô
nm0001429,Takeshi Kitano
nm0476185,Takeshi Kusaka
nm0757104,Takeshi Sakamoto
nm2517533,Takeshi Yoshida
nm0619821,Taketoshi Naitô
nm0594693,Takiko Mizunoe
nm0411112,Takkô Ishimori
nm14643699,Tako
nm1149440,Taku Kido
nm5496234,Takuma Nagao
nm14503567,Takumi Matsumoto
nm1102191,Takumi Saitô
nm0847737,Takurô Tatsumi
nm4468273,Takuto Sueoka
nm0297805,Takuya Fujioka
nm1393641,Takuya Fujisaki
nm0442940,Takuzô Kawatani
nm0453769,Takuzô Kumagai
nm0847779,Talagongo
nm0114755,Tally Brown
nm0848383,Tam Sin-Hung
nm0620241,Tamao Nakamura
nm0221508,Tamara Desni
nm0644791,Tamara Ogorodnikova
nm0913535,Tamara Washington
nm0787979,Tamara Xanath
nm0000844,Tamasaburô Bandô
nm0442709,Tamio Kawachi
nm0648868,Tamitaro Onoue
nm0370567,Tamotsu Hayakawa
nm1165548,Tamotsu Kawasaki
nm2634424,Tamás Darnyi
nm0904933,Tamás Végvári
nm0926799,Tamás Wichmann
nm9840263,Tanbâ Matasaburô
nm2325018,Tang Wei
nm0490003,Tania Latarjet
nm0539965,Tania Mallet
nm14690782,Tania Morgan
nm0691047,Tania Popa
nm0957764,Tania Zolty
nm0457498,Tanie Kitabayashi
nm1302444,Tanya Smith
nm0955504,Tao Zhao
nm0793729,Tappei Shimokawa
nm8110449,Tappei Shôfukutei
nm1776703,Tarik O'Regan
nm0445134,Tarja Keinänen
nm1474098,Taro Maruyama
nm0410937,Tarô Ishida
nm0849076,Tarô Tanaka
nm0945500,Tarô Yamamoto
nm0156579,Tat-Ming Cheung
nm0158656,Tat-Wah Tso
nm14318989,Tate Coston
nm0609675,Tatiana Moukhine
nm0721169,Tatiana Rey
nm5794945,Tatiana Spivakova
nm1083038,Tatsu Nakamura
nm0256873,Tatsuo Endô
nm0559581,Tatsuo Matsumura
nm0559662,Tatsuo Matsushita
nm1670495,Tatsuo Nagai
nm0756870,Tatsuo Saitô
nm0297686,Tatsuya Fuji
nm0410965,Tatsuya Ishiguro
nm0586227,Tatsuya Mihashi
nm0619938,Tatsuya Nakadai
nm1213665,Tatsuya Okamoto
nm0251177,Tatsuyoshi Ehara
nm0492262,Tatyana Lavrova
nm0540918,Tatyana Malykh
nm1626152,Tatyana Midnaya
nm0759967,Tatyana Samoylova
nm13169649,Tatín Vera
nm2486568,Tau Chu
nm0252621,Tawfik El Deken
nm0852420,Taylor Gordon
nm0574929,Taylor Mead
nm0629737,Taylor Nichols
nm7009572,Tayo Cittadella Jacobsen
nm16047055,Tazuko Okashita
nm0001409,Tchéky Karyo
nm1998536,Te-Nan Lai
nm0769070,Tecla Scarano
nm0148081,Teco Celio
nm0091526,Ted Bogan
nm0403903,Ted Husing
nm0208125,Ted de Corsia
nm0464182,Teddy Kollek
nm0847197,Teiji Takahashi
nm0854024,Teiji Ômiya
nm2482791,Teishiro Nishijima
nm13574426,Tell Berna
nm12689809,Temilola Olatunbosun
nm2276340,Teodor Corban
nm10220247,Teoman Toraman
nm0018776,Terence Alexander
nm0233065,Terence Donovan
nm0565357,Terence Macartney-Filgate
nm0726600,Terence Rigby
nm0000654,Terence Stamp
nm0179662,Terenzio Cordova
nm0073672,Teresa Berezowska
nm0107674,Teresa Brescianini
nm0289983,Teresa Franchini
nm0319834,Teresa Gimpera
nm0321076,Teresa Gisbert
nm0412748,Teresa Izewska
nm0670930,Teresa Pellati
nm0594909,Teresa Sun-Kwan Mo
nm1518068,Teresa Sánchez
nm0215907,Teresa del Río
nm0299717,Teri Földi
nm0000414,Teri Garr
nm0456559,Terrence Kirk
nm0131811,Terry Camilleri
nm0000416,Terry Gilliam
nm0452953,Terry Kilburn
nm0455767,Terry Kinney
nm0574302,Terry McQuade
nm1264124,Terry Schoonhoven
nm16345595,Terry Selwood
nm0816143,Terry Southern
nm1900186,Teru Tomota
nm0996374,Teruhiko Aoi
nm0457211,Teruko Kishi
nm0463637,Teruko Kojima
nm0619147,Teruko Nagaoka
nm0906714,Teruko Wakamizu
nm0631659,Terumi Niki
nm0411148,Teruo Ishiyama
nm0605308,Teruo Môuri
nm0948939,Teruo Yoshida
nm0370583,Teruyo Hayami
nm16047053,Tetsu Hijikata
nm1468560,Tetsu Takahashi
nm15961867,Tetsuo Abe
nm3663246,Tetsuo Ashida
nm0410943,Tetsuo Ishidate
nm0848533,Tetsurô Tanba
nm0078823,Tetsuya Bessho
nm0856564,Tetsuya Matsui
nm0913911,Tetsuya Watari
nm0823614,Texas Tomboy
nm12175353,Thabiso Makoto
nm12175356,Thabo Letsie
nm0581782,Thamila Mezbah
nm0151127,Thang Chan
nm1229941,Thara Kalyan
nm10076475,Thardelly Lima
nm0681115,Thavisouk Phrasavath
nm2135108,The Mamas and the Papas
nm2015425,The PETA Kalinangan Ensemble
nm1213869,The Rolling Stones
nm4483118,Theo Althuiszes
nm6263733,Theo Anthony
nm15702905,Theo Dahl
nm0354642,Theo Hakola
nm0003586,Theo Lingen
nm0519765,Theodor Loos
nm0000942,Theodore Bikel
nm13253606,Theresa Blanchard
nm0000622,Theresa Russell
nm0317340,Therese Giehse
nm0321692,Therese Glahn
nm10802260,Thibaud Jean
nm0598857,Thibault de Montalembert
nm0508035,Thierno Leye
nm0149281,Thierry Chabert
nm0627245,Thierry Neuvic
nm0738089,Thierry Roland
nm0234185,Thomas A. Dorsey
nm0027505,Thomas Anderson
nm0031318,Thomas Antoni
nm0381530,Thomas B. Hess
nm3201754,Thomas Bartlett
nm0072363,Thomas Bensaïd
nm0488917,Thomas Bo Larsen
nm0183491,Thomas Coulson
nm1199182,Thomas Donnarumma
nm4461361,Thomas Doret
nm0245094,Thomas Duval
nm0106770,Thomas E. Breen
nm0294633,Thomas Frey
nm0326556,Thomas Gollas
nm4440340,Thomas Gullestad
nm0361574,Thomas Hanzon
nm0369564,Thomas Hauser
nm0369643,Thomas Haustein
nm0384718,Thomas Hill
nm10396582,Thomas Love
nm0689507,Thomas M. Pollard
nm8538455,Thomas Madsen
nm0593775,Thomas Mitchell
nm2733035,Thomas Poitevin
nm4752229,Thomas Schubert
nm0862950,Thomas Tierney
nm1070601,Thomas Weinhappel
nm0859781,Thommeray
nm0074547,Thommy Berggren
nm0099786,Thomy Bourdelle
nm6203018,Thomás Aquino
nm0007412,Thor Michael Aamodt
nm0386331,Thora Hird
nm0375793,Thoraya Helmy
nm0364028,Thorbjørn Harr
nm0740463,Thorkild Roose
nm0608098,Thruston B. Morton
nm0529592,Théo Légitimus
nm0764857,Théo Sarapo
nm0059602,Thérèse Bas
nm0116337,Thérèse Brunnander
nm0233937,Thérèse Dorny
nm0513375,Thérèse Liotard
nm3066733,Ti Hsieh
nm11970635,Tia LaCaze
nm1272031,Tianlai Hou
nm0613867,Tiberio Murgia
nm0390458,Ticky Holgado
nm0920446,Tico Wells
nm0653473,Tidjani Ouedraogo
nm0155631,Tien-Chi Cheng
nm7904438,Tijmen Govaerts
nm0842770,Tilda Swinton
nm3720440,Tilly Fleischer
nm0625789,Tim Blake Nelson
nm13422026,Tim Braden
nm0133070,Tim Campion
nm0000347,Tim Curry
nm0392529,Tim Holt
nm0397024,Tim Hovey
nm0000209,Tim Robbins
nm0000619,Tim Roth
nm0752878,Tim Ryan
nm0834130,Tim Streeter
nm0877908,Tim Turner
nm0942871,Tim Wright
nm0868039,Timo Torikka
nm0863788,Timothea
nm0103924,Timothy Braggs
nm0137046,Timothy Carey
nm0001758,Timothy Spall
nm8844279,Tin Chan
nm0863839,Tin Leung
nm2226995,Tin-Lung Koo
nm0071416,Tina Benko
nm0257151,Tina Engel
nm0410013,Tina Irissari
nm0490404,Tina Lattanzi
nm0540516,Tina Malone
nm0584996,Tina Michelino
nm0644137,Tina Odom
nm0674322,Tina Perna
nm0683991,Tina Pine
nm0080614,Tino Bianchi
nm16175448,Tintumol Joseph
nm0761866,Tiny Sandford
nm1927682,Tip Byrne
nm0001335,Tippi Hedren
nm10276705,Tithya Nouhem
nm0122902,Tito Burns
nm0432465,Tito Junco
nm3347664,Tiziana Arrigoni
nm0210820,Tiziano De Persio
nm0389883,To-Hoi Kong
nm0553769,To-Zé Martinho
nm0562919,Tobar Mayo
nm0810170,Toby Smith
nm0333804,Todd Graff
nm3504238,Toivo Loukola
nm0668053,Toivo Pawlo
nm0383093,Tokie Hidari
nm0645438,Tokihiko Okada
nm1282023,Tokio Seki
nm0359302,Tokue Hanazawa
nm2586485,Tokuhei Miyahara
nm0462069,Tokuji Kobayashi
nm0632804,Tokuma Nishioka
nm2916353,Tokusaburo Miyako
nm0954651,Tollie Zellman
nm0017651,Tom Aldredge
nm0024035,Tom Amandares
nm0025066,Tom Ammiano
nm1322140,Tom Araya
nm0040662,Tom Atkins
nm0101005,Tom Bower
nm0103417,Tom Bradley
nm7945603,Tom Brown
nm0149435,Tom Chadbon
nm0152204,Tom Chapin
nm0002018,Tom Conti
nm0007218,Tom Conway
nm0183822,Tom Courtenay
nm0000129,Tom Cruise
nm3665787,Tom Cullen
nm0001139,Tom DiCillo
nm0240836,Tom Dugan
nm0268352,Tom Farrell
nm0276869,Tom Filer
nm0278223,Tom Finnegan
nm1198583,Tom Fletcher
nm1071226,Tom Flye
nm0303646,Tom Gaman
nm1089991,Tom Hiddleston
nm0442280,Tom Kaufman
nm0507827,Tom Lewis
nm0527954,Tom Lycos
nm0564805,Tom McCamus
nm0569380,Tom McGinnis
nm0570297,Tom McGuire
nm16345568,Tom McLaughlin
nm0615306,Tom Murray
nm0623189,Tom Nawn
nm0623684,Tom Neal
nm0641415,Tom O'Horgan
nm0690958,Tom Poon
nm0716074,Tom Reese
nm0721981,Tom Reynolds
nm0725529,Tom Ricketts
nm0734068,Tom Rocheteau
nm0767741,Tom Savini
nm2997567,Tom Taplin
nm0878927,Tom Tyler
nm0001823,Tom Waits
nm0934232,Tom Wilson
nm0100749,Tom'ya Bowden
nm0032962,Tomas Arana
nm0587401,Tomas Milian
nm0902059,Tomas von Brömssen
nm0333571,Tomasz Gradowski
nm10818014,Tomasz Organek
nm0875426,Tomie Tsunoda
nm0411028,Tomiko Ishii
nm0031832,Tomio Aoki
nm0423663,Tomisaburô Wakayama
nm14554560,Tomislav Franjkovic
nm0626221,Tommaso Neri
nm0706556,Tommaso Ragno
nm0001045,Tommy Chong
nm0281107,Tommy Flanagan
nm0634749,Tommy Noonan
nm0642584,Tommy O'Rourke
nm0382975,Tommy Redmond Hicks
nm1172857,Tommye Myrick
nm0619098,Tomo'o Nagai
nm0546945,Tomoe Mari
nm1795843,Tomoka Hasebe
nm0594257,Tomokazu Miura
nm0014420,Tomoko Ai
nm5396858,Tomoko Aizawa
nm3030623,Tomoko Hamakawa
nm0562206,Tomoko Mayama
nm0620852,Tomoko Naniwa
nm0621235,Tomoko Naraoka
nm0756871,Tomoko Saitô
nm0845912,Tomoko Tabata
nm0880849,Tomoko Umeda
nm0766277,Tomomi Satô
nm1015565,Tomomi Sawa
nm0946941,Tomonori Yazaki
nm2398174,Tomosaburô Ii
nm0651916,Tomoyo Ôshima
nm2459898,Tomás Alves
nm0050032,Tomás Baldýnský
nm0554778,Tomás Martín
nm2056489,Tomás Palatý
nm0849302,Tong Ching
nm11043507,Tong Linkai
nm0001057,Toni Collette
nm0785842,Toni Servillo
nm1399222,Toni Slama
nm0209768,Toninho Carlos de Lima
nm0159300,Tonino Cianci
nm0783615,Tonio Selwart
nm0065777,Tony Beckley
nm1125277,Tony Benn
nm0104558,Tony Brande
nm0161398,Tony Church
nm0000348,Tony Curtis
nm0371304,Tony Haygarth
nm0504899,Tony Ka Fai Leung
nm0460695,Tony Knepper
nm0504897,Tony Leung Chiu-wai
nm0515764,Tony Llewellyn-Jones
nm0516215,Tony Lo Bianco
nm0556190,Tony Mascia
nm0621348,Tony Nardi
nm0846396,Tony Taffin
nm0850788,Tony Tarver
nm0865302,Tony Todd
nm0905697,Tony Wager
nm0869393,Tony Wane
nm0926036,Tony Whiting
nm6203476,Tooru Hanayagi
nm4754127,Tope Tedela
nm1168216,Toppa Utsumi
nm0372197,Topper Headon
nm0097195,Tor Borong
nm0410781,Tor Isedal
nm0917912,Tor Weijden
nm0854189,Tora Teje
nm0357272,Torahiko Hamada
nm0644574,Toranosuke Ogawa
nm0265229,Torbjörn Fahlström
nm0841061,Tore Svennberg
nm0358396,Torsten Hammarén
nm0935016,Torsten Winge
nm0756873,Toru Saito
nm0367134,Tory Hartmann
nm1675124,Toshiaki Itô
nm0465236,Toshiaki Konoe
nm0632832,Toshiaki Nishizawa
nm0454123,Toshie Kimura
nm0624383,Toshie Negishi
nm1078322,Toshihiko Yamamoto
nm2798081,Toshihiro Yashiba
nm0383689,Toshiko Higuchi
nm0407376,Toshiko Iizuka
nm0462073,Toshiko Kobayashi
nm2169219,Toshiko Kojima
nm3683137,Toshimi Oka
nm1178933,Toshinosuke Nagao
nm1722375,Toshio Arashi
nm0157139,Toshio Chiba
nm1476548,Toshio Hara
nm3882781,Toshio Hosokawa
nm1169109,Toshio Kasai
nm0475910,Toshio Kurosawa
nm0793053,Toshio Shiba
nm2325659,Toshio Sugiyama
nm0847094,Toshio Takahara
nm0410945,Toshirô Ishidô
nm0001536,Toshirô Mifune
nm0619184,Toshiya Nagasawa
nm1474466,Toshiya Nomura
nm0396096,Toshiyuki Hosokawa
nm1220945,Toshiyuki Ichimura
nm0559594,Toshiyuki Matsunaga
nm0619197,Toshiyuki Nagashima
nm0632664,Toshiyuki Nishida
nm0867398,Toshiyuki Tonomura
nm2493819,Toshizô Kudô
nm0084297,Toto Bissainthe
nm0869451,Totò
nm3142212,Tou Hu
nm0411292,Towi Islas
nm0926083,Townsend Whitling
nm0929679,Toyah Willcox
nm0847204,Toyo Takahashi
nm0840702,Toyoaki Suzuki
nm3117618,Toyoharu Kitamura
nm0847464,Toyoko Takechi
nm2159500,Toyoko Uryû
nm1472819,Toyoshi Fukuda
nm0945503,Toyozô Yamamoto
nm0540612,Tracey Maloney
nm0001808,Tracey Ullman
nm0910145,Tracey Walter
nm0263278,Tracie Evans
nm3310637,Tracy Chou
nm5695785,Tracy Correll
nm0868894,Tracy Torrey
nm0882870,Tracy Vaccaro
nm0942897,Tracy Wright
nm0001852,Treat Williams
nm12593545,Trevon Haynes
nm0002145,Trevor Howard
nm0481994,Trevor Laird
nm0895308,Tricia Vessey
nm0245988,Trine Dyrholm
nm0749401,Trinidad Rugero
nm0798534,Trinidad Silva
nm0810229,Trixie Smith
nm0112937,Troy Brown Sr.
nm0229983,Trudy Dochterman
nm0393842,Trula Hoosier
nm4953335,Trygve Lie
nm2012595,Trystan Pütter
nm7276744,Tseko Monaheng
nm12741353,Tsemaye Bob-Egbe
nm0857515,Tsilka Theodorou
nm5972411,Tsuchimi Kurata
nm0559642,Tsukie Matsuura
nm0051765,Tsumasaburô Bandô
nm0913912,Tsunehiko Watase
nm0174634,Tsung Sheng Tang
nm1767889,Tsuruko Kumoi
nm0441168,Tsurutarô Kataoka
nm1150210,Tsuruzô Nakamura
nm5378783,Tsutomu Akashi
nm1655093,Tsutomu Matsukawa
nm0793732,Tsutomu Shimomoto
nm0945734,Tsutomu Yamazaki
nm0455849,Tsuyoshi Kinoshita
nm0880299,Tsuyoshi Ujiki
nm0475476,Tuli Kupferberg
nm0450941,Tullio Kezich
nm0149831,Tulsi Chakraborty
nm0481576,Tulsi Lahiri
nm0193579,Tuncel Kurtiz
nm0623949,Tuncer Necmioglu
nm0156432,Tung Cho 'Joe' Cheung
nm9261012,Tung-Sheng Chang
nm0246106,Tungyshpai Zhamankulov
nm0638208,Tuomari Nurmio
nm0275009,Turi Ferro
nm13688869,Turner Greaves
nm0656999,Turo Pajala
nm5576481,Tushar Bandyopadhyay
nm0738198,Tutta Rolf
nm1435309,Twist-Twist Erkinharju
nm0857087,Twyla Tharp
nm5170320,Ty Olwin
nm0750353,Tygh Runyan
nm0111751,Tyler Brooke
nm9576946,Tyler DiChiara
nm0878750,Tyler Tyhurst
nm0439911,Tzavalas Karousos
nm0945501,Tôgô Yamamoto
nm12654399,Tôji Kawahigashi
nm4392528,Tôko Miura
nm0008384,Tôru Abe
nm0256609,Tôru Emori
nm8110448,Tôru Gômori
nm1702553,Tôru Hirose
nm0406599,Tôru Ibuki
nm0557953,Tôru Masuoka
nm0591111,Tôru Minegishi
nm1372205,Tôru Takeuchi
nm3547351,Tôru Watanabe
nm0951043,Tôru Yuri
nm0959984,Tôru Ôhira
nm1253550,U.R. Ananthamurthy
nm1142684,Uday Shankar
nm11266752,Udham Singh
nm0001424,Udo Kier
nm0759797,Udo Samel
nm0040962,Ugo Attanasio
nm0287394,Ugo Fortunati
nm0657597,Ugo Paletti
nm0865575,Ugo Tognazzi
nm0868497,Ugo Torrente
nm14738364,Ulderico Camorino
nm0423885,Ulf Johansson
nm14780291,Ulf Lundstedt
nm0658073,Ulf Palme
nm0695189,Ulf Pramfors
nm0653005,Ulf Ôtsuki
nm0015556,Ulla Akselson
nm0414965,Ulla Jacobsson
nm0529353,Ulla Lyttkens
nm0734796,Ulla Rodhe
nm0518579,Ulli Lommel
nm0618057,Ulrich Mühe
nm0860947,Ulrich Thomsen
nm0230480,Ulvi Dogan
nm0201871,Uma Das Gupta
nm0008322,Umar Abdurrahamn
nm0079765,Umberto Bevilacqua
nm0816530,Umberto Spadaro
nm1272662,Umeko Ôbayashi
nm0794593,Umirzak Shmanov
nm0104807,Una Brandon-Jones
nm0580916,Una Merkel
nm0640547,Una O'Connor
nm0521843,Uncle Louie
nm0146609,Urbain Causse
nm0250757,Ureo Egawa
nm0000266,Ursula Andress
nm0419982,Ursula Jeans
nm0473523,Ursula Kubler
nm1306697,Ursula Strauss
nm0835476,Ursula Strätz
nm0595338,Urszula Modrzynska
nm1288467,Usko Santavuori
nm3740241,Uta Kilter
nm1671776,Utae Shôji
nm0406743,Utaemon Ichikawa
nm0594093,Utako Mitsuya
nm0840704,Utako Suzuki
nm0244884,Utpal Dutt
nm0474907,Uttam Kumar
nm0696614,Uwe Preuss
nm6210352,V. Lastochkin
nm0681056,V. Phipps-Wilson
nm0323203,Vadim Glowna
nm14109677,Vadim Stepanov
nm15212779,Vahid Mobasseri
nm0043088,Val Avery
nm0317350,Val Gielgud
nm0000174,Val Kilmer
nm0908285,Valarie Walker
nm0198194,Valdemar Dalquist
nm0580985,Valentin Merlet
nm0631992,Valentin Nikulin
nm0958284,Valentin Zubkov
nm0181305,Valentina Cortese
nm9522478,Valentina Egorova
nm1065381,Valentina Gómez
nm0412202,Valentina Ivashova
nm0540909,Valentina Malyavina
nm0548637,Valentina Markova
nm0853505,Valentina Tyo
nm0131301,Valentine Camax
nm0634666,Valentine Nonyela
nm1141179,Valer Dellakeza
nm0410664,Valeri Isakov
nm0159513,Valerie Chow
nm0387753,Valerie Hobson
nm0972490,Valerie Neuenfels
nm0674781,Valerie Perrine
nm0058994,Valerio Bartoleschi
nm1250558,Valeriu Andriuta
nm2348978,Valery Borzov
nm0314960,Valeska Gert
nm0753566,Vali Rácz
nm0095060,Valérie Bonnier
nm0131795,Valérie Camille
nm0438585,Valérie Kaprisky
nm0482518,Valérie Lalonde
nm0537865,Valérie Mairesse
nm0772487,Valérie Schlumberger
nm0409105,Valéry Inkijinoff
nm0112295,Van Brooks
nm2209536,Vance Colvig Jr.
nm0239152,Vanda Duarte
nm0324203,Vanda Godsell
nm0137474,Vanda Gréville
nm0061639,Vanessa Bauche
nm3161139,Vanessa Hope
nm0488690,Vanessa Larré
nm2326075,Vanessa Ray
nm0881752,Vanna Urbino
nm0557127,Varvara Massalitinova
nm0046662,Vasag Baghboudarian
nm0125593,Vasili Buzenkov
nm0637133,Vasili Novikov
nm1231317,Vasiliy Alekseev
nm0515106,Vasiliy Livanov
nm0580959,Vasiliy Merkurev
nm14790968,Veikko Karvonen
nm1748397,Velma Dunn
nm2218728,Vembayam Thampi
nm0303437,Venchito Galvez
nm2375197,Ventura
nm0049000,Vera Baker
nm7946703,Vera Chen
nm0206617,Vera Day
nm3511314,Vera Drew
nm0301726,Vera Galatíková
nm0311409,Vera Gebuhr
nm0431300,Vera Jovanovic
nm0470901,Vera Kresadlová
nm0507849,Vera Lewis
nm0587256,Vera Miles
nm0882712,Vera Uzelacová
nm0890609,Vera Vasileva
nm0946278,Vera Yanukova
nm0089244,Verna Bloom
nm0046770,Vernel Bagneris
nm0229943,Vernon Dobtcheff
nm0339512,Vernon Greeves
nm0166688,Veronica Clifford
nm0000043,Veronica Lake
nm0493691,Veronica Lazar
nm0877230,Veronica Turleigh
nm0948154,Veronica Yip
nm0853623,Verree Teasdale
nm0896801,Vesa Vierikko
nm8992113,Vetle Bergan
nm0435713,Vi Kaley
nm3850259,Vic Carmen Sonne
nm0205612,Vic Davis
nm4944372,Vica Agache
nm0587502,Vick Militello
nm3043279,Vicky Krieps
nm0715200,Vicky Redwood
nm0917670,Vicky Wei
nm1033907,Victor Alexander
nm0034519,Victor Argo
nm0051856,Victor Banerjee
nm0079239,Victor Betral
nm16328411,Victor Claudio Zichil
nm0289858,Victor Francen
nm0308502,Victor Garrivier
nm0393063,Victor Hon
nm0453081,Victor Kilian
nm0487022,Victor Lanoux
nm0001514,Victor Mature
nm0688999,Victor Poletti
nm0714287,Victor Rebengiuc
nm0739296,Victor Romero Evans
nm0803705,Victor Sjöström
nm0818920,Victor Spinetti
nm0889511,Victor Varconi
nm0890075,Victor Varnado
nm0893969,Victor Verek
nm0939378,Victor Wong
nm0000721,Victoria Abril
nm0686911,Victoria Gabrielle Platt
nm0503352,Victoria Lepori
nm1913091,Victoria Tate
nm0957050,Victoria Zinny
nm0087347,Victorio Blanco
nm0394051,Vida Hope
nm0473034,Vieslav Krystyan
nm0512539,Viggo Lindstrøm
nm1066795,Vijayaraghavan
nm2148260,Viktor Ageyev
nm0034934,Viktor Aristov
nm13402724,Viktor Baikov
nm13571678,Viktor Balck
nm13362480,Viktor Baranov
nm0091117,Viktor Bodó
nm0324697,Viktor Gogolev
nm0467578,Viktor Kosykh
nm0822337,Viktor Stanitsyn
nm10695943,Viktoria Miroshnichenko
nm0325556,Viktoriya Goldentul
nm0520660,Viktors Lorencs
nm0303334,Vilen Galstyan
nm0803672,Vilgot Sjöman
nm0676969,Vilhelm Petersen
nm0181963,Villanueva Cosse
nm3010965,Villmar Björkman
nm0475049,Vilmos Kun
nm0538461,Vinah Bendile
nm0050482,Vincent Ball
nm0001993,Vincent Cassel
nm0183145,Vincent Cottrel
nm0000352,Vincent D'Onofrio
nm10277684,Vincent Florio
nm3259550,Vincent Fournier
nm0001252,Vincent Gallo
nm0310327,Vincent Gauthier
nm0345466,Vincent Guastaferro
nm0391644,Vincent Holman
nm0405327,Vincent Hyspa
nm0512071,Vincent Lindon
nm0001641,Vincent Perez
nm0001637,Vincent Price
nm0728428,Vincent Risterucci
nm1196219,Vincent Rottiers
nm0001704,Vincent Schiavelli
nm1050615,Vincent Testanière
nm3013934,Vincenzo Altamura
nm0162012,Vincenzo Ciccora
nm0179112,Vincenzo Corbella
nm3012922,Vincenzo Fabricino
nm0899830,Vincenzo Vitagliano
nm0005416,Vinessa Shaw
nm1525801,Vinny Colon
nm0602010,Viola Moore
nm0775098,Violet Schram
nm0306529,Violeta García
nm0724806,Virgil Richardson
nm0726295,Virgilio Riento
nm0854149,Virgilio Teixeira
nm0140593,Virginia Carrington
nm0156039,Virginia Cherrill
nm0340706,Virginia Grey
nm0404157,Virginia Huston
nm0799464,Virginia Simeon
nm0315052,Virginie Gervaise
nm0001461,Virginie Ledoyen
nm0862432,Virginie Thévenet
nm0514059,Virna Lisi
nm0449256,Vitalik Kerdimun
nm0030383,Vito Annichiarico
nm0606300,Vito Moricone
nm0751752,Vito Russo
nm0031509,Vittorio Antonucci
nm0078211,Vittorio Bertolini
nm0135671,Vittorio Caprioli
nm0001120,Vittorio De Sica
nm0002094,Vittorio Gassman
nm0346299,Vittorio Guerrieri
nm0478784,Vittorio La Paglia
nm0762785,Vittorio Sanipoli
nm0954986,Vitus Zeplichal
nm0900201,Viva
nm0875527,Viva Tsvetnova
nm0337003,Vivean Gray
nm10451996,Vivek Athavale
nm0045363,Vivi Bach
nm0681954,Vivian Pickles
nm0943180,Vivian Wu
nm0151988,Viviane Chantel
nm0738780,Viviane Romance
nm16491739,Vivianna de Blonville
nm0000046,Vivien Leigh
nm0410041,Vjaceslav Irmanov
nm0412096,Vlad Ivanov
nm0046575,Vladas Bagdonas
nm0792996,Vladek Sheybal
nm0031170,Vladimir Antolek-Oresek
nm0058290,Vladimir Barskiy
nm0097714,Vladimir Bosak
nm0229396,Vladimir Dmitriev
nm0259541,Vladimir Erlebach
nm0330801,Vladimir Gorelov
nm0331724,Vladimir Gostyukhin
nm0412204,Vladimir Ivashov
nm14554561,Vladimir Ivkovic
nm1064250,Vladimir Karasyov
nm6210356,Vladimir Khlestov
nm1276196,Vladimir Khrulyov
nm0464566,Vladimir Komarov
nm0694772,Vladimir Pozhidayev
nm6210354,Vladimir Sergiyakov
nm0812453,Vladimir Sokoloff
nm0881555,Vladimir Uralskiy
nm0904584,Vladimir Vysotskiy
nm0947675,Vladimir Yershov
nm0067377,Vladimír Bejval
nm0460039,Vladimír Klos
nm0460129,Vladimír Kloubek
nm0579844,Vladimír Mensík
nm0699694,Vladimír Ptácek
nm0699812,Vladimír Pucholt
nm0806819,Vladimír Smeral
nm0884044,Vladimír Valenta
nm0245367,Vladislav Dvorzhetskiy
nm9184542,Vladislav Tsenev
nm0159600,Vlasta Chramostová
nm0420568,Vlasta Jelínková
nm0111003,Vlastimil Brodský
nm0367961,Vlastimil Hasek
nm0953822,Vlastimil Zavrel
nm0900701,Vlastimila Vlková
nm14790967,Voitto Hellstén
nm0426413,Volier Johnson
nm0092135,Volker Bohnet
nm0496108,Volker Lechtenbrink
nm0818204,Volker Spengler
nm0193554,Vondie Curtis-Hall
nm0148625,Vratislav Cermák
nm0863146,Vyacheslav Tikhonov
nm0045011,Václav Babka
nm0375865,Václav Helsus
nm0467865,Václav Kotva
nm0477552,Václav Kyzlink
nm0623948,Václav Neckár
nm0637260,Václav Novotný
nm0806230,Václav Sloup
nm0841373,Václav Svorc
nm0874553,Václav Trégl
nm2974014,Václav Zák
nm0167243,Véra Clouzot
nm0283098,Véra Flory
nm0885291,Véra Valmont
nm0015843,Véronique Alain
nm0040245,Véronique Ataly
nm0798812,Véronique Silver
nm0604204,Víctor Manuel Moreno
nm0797304,Víctor Sierra
nm0882096,Víctor Urruchúa
nm0647429,Vít Olmer
nm0417407,Vítezslav Jandák
nm0892161,Vítezslav Vejrazka
nm0391373,W.E. Holloway
nm0269620,W.G. Fay
nm0762490,Waage Sandø
nm0953664,Waclaw Zastrzezynski
nm0822004,Wadeck Stanczak
nm0365428,Wadsworth Harris
nm0950757,Wah Yuen
nm0451339,Waheed Khan
nm3055213,Wahid Chan
nm0482708,Wai Lam
nm0874874,Wai-Kit Tse
nm0498429,Waise Lee
nm10349693,Waldemar Cierpinski
nm0211830,Waldemar De Souza
nm0435859,Waldemar Kalinowski
nm0560589,Waldemar Matuska
nm6312201,Waley Liu
nm0097848,Wallace Bosco
nm0285922,Wallace Ford
nm0313265,Wallace Geoffrey
nm0001728,Wallace Shawn
nm0938645,Wallace Wolodarsky
nm0397907,Wally Howe
nm0076976,Wally K. Berns
nm0919671,Wally Welch
nm0023829,Walter Amagula
nm13571775,Walter Bathe
nm0090707,Walter Bockmayer
nm0122920,Walter Burns
nm13253427,Walter Bussman
nm0146185,Walter Catlett
nm0157067,Walter Chiari
nm0175369,Walter Connolly
nm0180394,Walter Cornick
nm0280406,Walter Fitzgerald
nm0331770,Walter Gotell
nm0338398,Walter Green
nm0399648,Walter Hudd
nm0404158,Walter Huston
nm0417012,Walter James
nm0455491,Walter Kingsford
nm0000527,Walter Matthau
nm9048868,Walter Quiroz
nm0727210,Walter Rilla
nm0772767,Walter Schmidinger
nm1949476,Wan Xiang
nm3148352,Wan-Sheng Chou
nm5249442,Wanada Parker
nm0745192,Wanda Rothgardt
nm1515145,Wang-Thye Lee
nm6974956,Wanting Liu
nm0000955,Ward Bond
nm1753302,Waris Ahluwalia
nm0000886,Warren Beatty
nm0278258,Warren Finnerty
nm0405220,Warren Hymer
nm0447230,Warren J. Kemmerling
nm1237973,Warren Jacquin
nm0593803,Warren Mitchell
nm0643105,Warren Oates
nm6821269,Wataru Sakisaka
nm0914017,Wayne Waterman
nm0876600,Wei Tung
nm1234999,Wei Wei Zhao
nm0955505,Wei Zhao
nm0918076,Wei-Ming Wang
nm5101362,Wende Smith
nm0057412,Wendy Barrie
nm0384908,Wendy Hiller
nm0400998,Wendy Hughes
nm0636637,Wendy Nottingham
nm0860834,Wendy Thompson
nm0001348,Werner Herzog
nm0421002,Wes Jenkins
nm1569565,Wesley Cade
nm0301928,Wesley Gale
nm0371281,Wesley Hayes
nm0165051,Westcott Clarke
nm0383856,Weyler Hildebrand
nm0238725,Wheeler Dryden
nm5249396,White Parker
nm0000155,Whoopi Goldberg
nm0322895,Wienczyslaw Glinski
nm0027851,Wiktor Andersson
nm0000979,Wilford Brimley
nm0044794,Wilfred Babbage
nm0070306,Wilfred Benaïche
nm0104183,Wilfrid Brambell
nm0405035,Wilfrid Hyde-White
nm0493347,Wilfrid Lawson
nm0404298,Will Hutchins
nm0447394,Will Kempe
nm0646165,Will Oldham
nm0001599,Will Patton
nm1721089,Will Power
nm0702729,Will Quadflieg
nm0760225,Will Sampson
nm0909228,Will Walling
nm2560618,Willa Fitzgerald
nm0000353,Willem Dafoe
nm0209137,Willem de Kooning
nm1943975,Willemijntje den Ouden
nm0632466,Willi Ninja
nm0165648,William A. Clayton Jr.
nm0042552,William Austin
nm0203527,William B. Davidson
nm0000904,William Bendix
nm0121904,William Burke
nm0140713,William Carrol
nm0151858,William Chang
nm0157893,William Ching
nm0161164,William Chun
nm1056838,William Claxton
nm0187125,William Creamer
nm0218131,William Demarest
nm0223168,William Dewhurst
nm0678762,William E. Pettus
nm0247035,William Eadie
nm0278073,William Finley
nm0298698,William Fung
nm0641081,William G. O'Gorman
nm0307326,William Gargan
nm0309637,William Gates
nm0318981,William Gillespie
nm0337348,William Greaves
nm0000513,William H. Macy
nm0367156,William Hartnell
nm0368208,William Haslam
nm0382676,William Hickey
nm0387787,William Hoch
nm0393853,William Hootkins
nm0000458,William Hurt
nm8314159,William J. Milton
nm0461231,William Knoblauch
nm0489296,William Larsson
nm0504196,William Leslie
nm0533612,William Mackleprang
nm0581674,William Mervyn
nm12134643,William Negri
nm0181175,William R. Corson
nm0706619,William Ragsdale
nm0714835,William Redfield
nm0257920,William Russell
nm0123221,William S. Burroughs
nm0754563,William Sabatier
nm4671077,William Saunders
nm0783116,William Self
nm1468516,William Shimell
nm0810342,William Smith
nm0810349,William Smith
nm0823284,William Starks
nm0849586,William Tannen
nm0855335,William Tepper
nm0871501,William Traylor
nm0875630,William Tubbs
nm0597995,William V. Mong
nm0937581,William Wolbert
nm13571741,Willie Applegarth
nm0079008,Willie Best
nm0173138,Willie Colón
nm0810364,Willie Mae Ford Smith
nm0743925,Willie Ross
nm0337016,Willoughby Gray
nm4159635,Willy Friedman
nm0755791,Willy Safar
nm0888684,Willy Vandenbroeck
nm1356385,Wilma Rudolph
nm0704832,Wilson Rabelo
nm4478292,Wilson Savoy
nm2399143,Wim Crouwel
nm0000694,Wim Wenders
nm0322139,Winfried Glatzeder
nm1254855,Wing Fan
nm2682434,Wing-Cheung Cheung
nm0947319,Wing-Cho Yip
nm0929640,Winifred Willard
nm3129210,Winnie W. Yu
nm0000213,Winona Ryder
nm1175113,Winsome Brown
nm0152061,Winston Chao
nm7613000,Winston Rollins
nm0831687,Winston Stona
nm1174548,Wladimir Ivanovsky
nm0468651,Wladyslaw Kowalski
nm0699659,Wojciech Pszoniak
nm0323418,Wolfgang Glück
nm0704646,Wolfgang Raach
nm0770859,Wolfgang Schenck
nm0836226,Wolfgang Stumpf
nm0903188,Wolfgang von Waltershausen
nm0000095,Woody Allen
nm0000437,Woody Harrelson
nm0834754,Woody Strode
nm0914930,Woody Watson
nm0943138,Wu Ma
nm0914931,Wylie Watson
nm0255544,Xabier Elorriaga
nm0075359,Xander Berkeley
nm0064741,Xavier Beauvois
nm0557206,Xavier Massé
nm0756732,Xavier Saint-Macary
nm0900388,Xavier Vivé
nm14090039,Xenia Tan
nm0883582,Xenia Valderi
nm1307523,Xi An Liu
nm0955421,Xianmin Zhang
nm0271815,Xiaogang Feng
nm0944578,Xiong Xinxin
nm0629138,Xuan Ngoc Nguyen
nm0261927,Xus Estruch
nm0519966,Xuxa Lopes
nm0944702,Xzibit
nm0516350,Y Sa Lo
nm0754272,Yacef Saadi
nm0594728,Yaeko Mizutani
nm15076423,Yama Diedhiou
nm10220241,Yaman Barlas
nm1856108,Yami Kamadeva
nm6210355,Yanis Yakobsons
nm13607342,Yanisse Kebbab
nm6047008,Yank Rachell
nm9751201,Yanmin Bi
nm0214088,Yann Dedet
nm4515894,Yannick Diakité
nm0869412,Yannis Totsikas
nm0793030,Yanzi Shi
nm10063032,Yao Huang
nm0001433,Yaphet Kotto
nm0024022,Yara Amaral
nm0370664,Yasufumi Hayashi
nm0756506,Yasuhiko Saijô
nm0467994,Yasuhiro Koume
nm3690814,Yasuko Agawa
nm0442809,Yasuko Kawakami
nm0463535,Yasuko Koike
nm0559483,Yasuko Matsui
nm0620390,Yasuko Nakada
nm0768005,Yasuko Sawaguchi
nm1359720,Yasumi Hara
nm0409971,Yasunori Irikawa
nm0197252,Yasuo Daichi
nm0620859,Yasuo Nanjo
nm0619218,Yasushi Nagata
nm5688969,Yasushi Nagatsuka
nm0837525,Yasushi Sugita
nm0475872,Yatarô Kurokawa
nm0849108,Yatsuko Tan'ami
nm1303254,Yau Cheung Yeung
nm0945169,Yavuz Yalinkiliç
nm1091782,Ye Liu
nm5817473,Yee Cheng
nm0875114,Yee Jee Tso
nm0284613,Yeh Fang
nm0149630,Yehia Chahine
nm4215560,Yelena Demchenko
nm0745467,Yella Rottländer
nm0473928,Yeong-moon Kwon
nm0955730,Yerik Zholzhaksynov
nm0910729,Yeung-Ming Wan
nm0674454,Yevgeny Perov
nm0151866,Yi Chang
nm3589263,Yi Zhang
nm0224801,Yi'nan Diao
nm0972953,Yi-Hsuan Chen
nm1403892,Yibai Zhang
nm7112244,Yildirim Gücük
nm0351566,Yilmaz Güney
nm5530440,Yilong Zhu
nm0047016,Ying Bai
nm0157300,Ying-Chieh Han
nm1319191,Yiorgos Kalantzis
nm1377115,Yiqun Huang
nm0801852,Yiu-Sing Cheung
nm2705291,Yiu-Tong Lee
nm9187850,Yiwen Wang
nm0618462,Ynousse N'Diaye
nm9611153,Yo-Sim Ha
nm4391980,Yohan Vero
nm0945507,Yohji Yamamoto
nm0370666,Yoichi Hayashi
nm2717968,Yoko Nakagawa
nm0654835,Yoko Ozono
nm0794008,Yoko Shinoyama
nm2714327,Yoko Todo
nm0794054,Yoku Shioya
nm0194106,Yolanda Cuéllar
nm0268071,Yolanda Farr
nm1290092,Yolanda Villa
nm0945191,Yolinda Yam
nm4364080,Yonedanji Katsura
nm0948546,Yonghao Liang
nm0955446,Yongning Zhang
nm7267977,Yongzhong Chen
nm0535676,Yoná Magalhães
nm6628354,Yoo-ri Lee
nm0078112,Yori Bertin
nm0235345,Yoriko Dôguchi
nm0441410,Yoshi Katô
nm0359296,Yoshiaki Hanayagi
nm2930079,Yoshie Hinoki
nm0846966,Yoshifumi Tajima
nm0766288,Yoshihide Satô
nm0031890,Yoshihiko Aoyama
nm0357289,Yoshihiro Hamaguchi
nm1174634,Yoshihiro Katô
nm3755550,Yoshihiro Nishikubo
nm0034984,Yoshiki Arizono
nm5665039,Yoshiko Ashigawa
nm1348382,Yoshiko Ieda
nm0443229,Yoshiko Kayama
nm0473984,Yoshiko Kuga
nm0593045,Yoshiko Mita
nm1445953,Yoshiko Morikawa
nm1468943,Yoshiko Nakada
nm0620259,Yoshiko Nakamura
nm2188177,Yoshiko Nezu
nm0645409,Yoshiko Okada
nm0757293,Yoshiko Sakuma
nm0849095,Yoshiko Tanaka
nm0875208,Yoshiko Tsubouchi
nm0945380,Yoshindo Yamaji
nm8203550,Yoshinori Miyata
nm12329344,Yoshinori Sakai
nm0361757,Yoshio Harada
nm0408343,Yoshio Inaba
nm1368570,Yoshio Katsube
nm0467566,Yoshio Kosugi
nm0847447,Yoshio Takayama
nm0875237,Yoshio Tsuchiya
nm0948949,Yoshio Yoshida
nm0457526,Yoshirô Kitahara
nm0023923,Yoshitaka Amano
nm5737848,Yoshitaka Ebitsuka
nm0958831,Yoshitaka Zushi
nm0605676,Yoshiyuki Morishita
nm0033141,Yoshizaburo Arashi
nm0370669,Yosuke Hayashi
nm0409963,Yosuke Irie
nm1645591,You
nm7312177,You Zhou
nm0786739,Younouss Seye
nm14359585,Yousef Soleymani
nm0105118,Youssef Branki
nm0149631,Youssef Chahine
nm0997120,Youssef Esmail
nm0906234,Youssef Wahbi
nm0950345,Youssra
nm0038324,Yu Asakawa
nm2714247,Yuan Hsu
nm0322925,Yudif Glizer
nm0399070,Yue Wong
nm1661961,Yue-Ju Chen
nm0839003,Yueh Sun
nm0159201,Yuen Chor
nm0157304,Yuet-Sang Chin
nm1989245,Yui Makino
nm0622407,Yui Natsukawa
nm0586355,Yuichi Mikami
nm1098911,Yuji Murata
nm0490647,Yuk-Ting Lau
nm0465214,Yuka Konno
nm0645143,Yuka Ohnishi
nm0960013,Yukari Ôshima
nm0619070,Yuki Nagahara
nm0866701,Yuki Tominaga
nm0434600,Yukie Kagawa
nm0412640,Yukihiko Iwatare
nm1426142,Yukihiko Sugi
nm0038378,Yukiji Asaoka
nm0297690,Yukiko Fuji
nm0409312,Yukiko Inoue
nm0462085,Yukiko Kobayashi
nm0793616,Yukiko Shimazaki
nm0865372,Yukiko Todoroki
nm1656100,Yukiko Tsukuba
nm2719505,Yukiko Yanagawa
nm0394693,Yukio Horikita
nm12900294,Yukio Kasaya
nm4225108,Yukio Ono
nm16376435,Yukito Hidaka
nm0864798,Yukiyo Toake
nm0158491,Yuko Chishiro
nm9825012,Yuko Chiyo
nm0590939,Yuko Minami
nm1239865,Yuko Saito
nm0000989,Yul Brynner
nm0875366,Yumeji Tsukioka
nm0014955,Yumeko Aizome
nm0411769,Yumi Itô
nm0632823,Yumi Nishiyama
nm0794205,Yumi Shirakawa
nm0847350,Yumi Takano
nm0633997,Yumiko Nogawa
nm0848955,Yumiko Tanabe
nm0950902,Yun Jeong-hie
nm0950896,Yun-Chiang Peng
nm0159519,Yun-Kin Chow
nm1226853,Yun-Sheng Pan
nm3065008,Yung-Chang Ho
nm0157898,Yung-Cho Ching
nm0284588,Yung-Feng Lee
nm0094098,Yura Bondarenko
nm0025002,Yuri Amiryan
nm9263148,Yuri Yamamoto
nm0297167,Yuriko Fuchizaki
nm0357277,Yuriko Hamada
nm0386805,Yuriko Hishimi
nm0395953,Yuriko Hoshi
nm0440341,Yuriy Kayurov
nm0575951,Yuriy Medvedev
nm0623350,Yuriy Nazarov
nm0631994,Yuriy Nikulin
nm0794585,Yuriy Shlykov
nm0813272,Yuriy Solomin
nm11952928,Yussie Jupiter
nm3337045,Yutaka Haniya
nm0370672,Yutaka Hayashi
nm0559647,Yutaka Matsushige
nm0620265,Yutaka Nakamura
nm0620438,Yutaka Nakayama
nm0755403,Yutaka Sada
nm0194672,Yveline Céry
nm0012734,Yves Afonso
nm0033507,Yves Arcanel
nm0058246,Yves Barsacq
nm0070987,Yves Beneyton
nm0080936,Yves Bical
nm0300350,Yves Gabrielli
nm0498911,Yves Lefebvre
nm0551533,Yves Martel
nm0598971,Yves Montand
nm0652137,Yves Osmu
nm0002216,Yves Robert
nm0561189,Yves-Marie Maurin
nm0029301,Yvette Andréyor
nm0031755,Yvette Anziani
nm0239986,Yvette Ducreux
nm0959923,Yvette Etiévant
nm0288555,Yvette Fournier
nm0036084,Yvonne Arnaud
nm0165915,Yvonne Clech
nm0001119,Yvonne De Carlo
nm0213604,Yvonne Décade
nm0299014,Yvonne Furneaux
nm0304051,Yvonne Gamy
nm0518337,Yvonne Lombard
nm0593814,Yvonne Mitchell
nm0654293,Yvonne Owen
nm0763072,Yvonne Sanson
nm0931954,Yvonne Williams
nm0106267,Yvonne de Bray
nm2206429,Yvonne de Gaulle
nm0951260,Yvonneck
nm0298575,Yôichi Funaki
nm0637894,Yôichi Numata
nm4750822,Yôji Doki
nm1700980,Yôko Fujita
nm0297896,Yôko Fujiyama
nm2932868,Yôko Hikasa
nm2519601,Yôko Hizakura
nm0441574,Yôko Katsuragi
nm0467248,Yôko Kosono
nm0586221,Yôko Mihara
nm0590940,Yôko Minamida
nm1071709,Yôko Moriguchi
nm0619824,Yôko Naitô
nm5972414,Yôko Shibata
nm0793577,Yôko Shimada
nm0837476,Yôko Sugi
nm0847221,Yôko Takahashi
nm0875362,Yôko Tsukasa
nm0880861,Yôko Umemura
nm0881545,Yôko Uraji
nm0944939,Yôko Yaguchi
nm1168078,Yônosuke Toba
nm0464913,Yôsuke Kondô
nm0622416,Yôsuke Natsuki
nm1283423,Yôtarô Katsumi
nm0297741,Yû Fujiki
nm6523480,Yûgo Mikawa
nm0040916,Yûharu Atsuta
nm0357278,Yûji Hamada
nm0394661,Yûji Hori
nm0594386,Yûji Miyake
nm0643898,Yûji Odaka
nm0410987,Yûjirô Ishihara
nm0473802,Yûki Kudô
nm0412637,Yûkichi Iwata
nm0357297,Yûko Hama
nm0357276,Yûko Hamada
nm0467653,Yûko Kotegawa
nm0476435,Yûko Kusunoki
nm0595105,Yûko Mochizuki
nm0837484,Yûko Sugihara
nm0847624,Yûko Takeuchi
nm1533442,Yûko Yashio
nm0411770,Yûnosuke Itô
nm0410832,Yûsuke Iseya
nm0442955,Yûsuke Kawazu
nm0847691,Yûsuke Takita
nm8530487,Yûta Hayashi
nm0051508,Yûtarô Ban
nm15225400,Yûto Torii
nm0879764,Yûya Uchida
nm0443232,Yûzô Kayama
nm0457853,Yûzô Kiura
nm1729048,Yüksel Aksu
nm4539303,Zacharia Mgabi
nm7678282,Zachary Minar
nm4885488,Zackary Drucker
nm1958233,Zafer Tawil
nm0349611,Zaide Silvia Gutiérrez
nm1052657,Zainab Jah
nm0744601,Zaki Rostom
nm0991691,Zan Fujita
nm0794477,Zarifeh Shiva
nm0954451,Zaur Zekhov
nm0194193,Zbigniew Cybulski
nm0952498,Zbigniew Zamachowski
nm0953168,Zbigniew Zapasiewicz
nm0804991,Zdena Skvorecky
nm0080129,Zdenek Bezusek
nm0246816,Zdenek Díte
nm0404083,Zdenek Hustak
nm0418804,Zdenek Jarolímek
nm0473068,Zdenek Kryzánek
nm0474506,Zdenek Kulhanek
nm0617370,Zdenek Mátl
nm0827409,Zdenek Stepánek
nm0006664,Zdenek Sverák
nm14554562,Zdravko Jezic
nm0864908,Zdzislaw Tobiasz
nm0863193,Zeffie Tilbury
nm1032595,Zeinab Sedky
nm17356650,Zeinat Elwy
nm0879604,Zeki Tüney
nm0620172,Zekô Nakamura
nm0334360,Zella Graham
nm0697200,Zella Jackson Price
nm0201147,Zena Dare
nm0551243,Zena Marshall
nm0764308,Zenildo Oliveira Santos
nm1153046,Zenji Yamada
nm0755960,Zenpei Saga
nm0407357,Zentarô Iijima
nm1202379,Zhan Daniel
nm0017920,Zhanna Aleksandrova
nm0093280,Zhanna Bolotova
nm0698564,Zhanna Prokhorenko
nm1905770,Zheng Xu
nm1289405,Zhijian Zhang
nm0944684,Zhilun Xue
nm0955690,Zhiming Huang
nm1708054,Zhongwei Jiang
nm3086374,Zhou Lan
nm0862514,Zhuangzhuang Tian
nm2654142,Zhubin Li
nm1307120,Zi Ying
nm15228568,Ziba Babayi
nm6039993,Zijian Dong
nm13487381,Zilia Rodriguez
nm0255997,Zinaida Em
nm0788835,Zinaida Sharko
nm0239155,Zita Duarte
nm1581208,Zita Hanrot
nm0559050,Zivka Matic
nm0017996,Zivojin Aleksic
nm0121519,Zlatko Buric
nm0077345,Zoe Berriatúa
nm0194462,Zofia Czerwinska
nm0512081,Zofia Lindorf
nm0483876,Zohra Lampert
nm0102500,Zora Bozinová
nm0705707,Zoran Radmilovic
nm0958054,Zouc
nm0958088,Zouzou
nm0953568,Zozo Zarpa
nm1549582,Zoé Héran
nm0622305,Zoë Nathenson
nm0910738,Zoë Wanamaker
nm1034172,Zsolt Nagy
nm0194491,Zsuzsa Czinkóczi
nm0538931,Zygmunt Malanowicz
nm1218448,m. fl.
nm0190683,Ágnes Csere
nm0583908,Áine Ní Mhuirí
nm0209968,Álvaro de Luna
nm0535767,Ángel Magaña
nm0029278,Ángel de Andrés López
nm0023339,Ángel Álvarez
nm0717915,Ángela Reina
nm9663159,Ângela Azevedo
nm0163163,Åke Claesson
nm0294882,Åke Fridell
nm0344958,Åke Grönberg
nm0512537,Åke Lindström
nm0501258,Édith Le Merdy
nm0217612,Édouard Delmont
nm0236825,Émile Drain
nm0312812,Émile Genevois
nm0220183,Émilie Dequenne
nm0153583,Éric Chartier
nm0896417,Érico Vidal
nm10588371,Ída Mekkín Hlynsdóttir
nm13279801,Þorgils Hlynsson
nm10031166,Charlie Barnard
nm1004267,Sharon Duncan-Brewster
nm1005623,Charley Ramm
nm1005688,Jeffrey Zubernis
nm10083301,Paul Swaine
nm10083309,Jennifer White
nm10104271,John Carty
nm10122494,Licínio Januário
nm1171145,Patrick Kennedy
nm1176985,Dave Bautista
nm1181324,Dannie Mac Grant
nm1368866,Stephanie Kurtzuba
nm1372922,Richard Pyros
nm1517976,Chris Pine
nm1518261,Brandon Wilson
nm1519666,Eddie Redmayne
nm1519680,Saoirse Ronan
nm1520977,Timothy E. Goodwin
nm15211944,Joseph Marrella
nm15213554,Nele Ahrensmeier
nm1527905,Toby Kebbell
nm15302330,Courtney Mae-Briggs
nm16696974,Aidan Delbis
nm1670601,Tom Pelphrey
nm1671191,Missy Doty
nm1767280,Earl Maddox
nm17701772,Dijon Duenas
nm1775091,Danai Gurira
nm17755488,Robson Andrade
nm1782299,Imogen Poots
nm1784515,Jacky Ido
nm1785339,Rami Malek
nm1788122,Ashley Dyke
nm1791004,Tom Morton
nm1800658,Angela McEwan
nm2328584,Felix von Simson
nm2332550,Jeff Hamilton
nm2335109,Charlie von Simson
nm2336966,Greta Lee
nm2337337,Friederike Becht
nm2348627,Lucas Hedges
nm2353430,Amiee Conn
nm2353862,Dev Patel
nm2366843,Gina Montana
nm2368789,Zoë Kravitz
nm2377903,Lucy Boynton
nm2397321,Stephen Burrell
nm2401020,Will Poulter
nm2403277,Alden Ehrenreich
nm2407067,Sean Keenan
nm2415554,Mohamed Akhzam
nm2415577,Georges Bousquet
nm2415610,Gabe Gomez
nm2435705,Andreas Döhler
nm2438208,Mariann Tepedino
nm2438307,Dileep Rao
nm3528539,Jeremy Irvine
nm3578998,Melissa McMeekin
nm3584268,James Norton
nm3594647,Dennis Hearn
nm3599531,Jonshel Alexander
nm3599667,Erica McDermott
nm3608877,Naheem Garcia
nm3616206,Nina Arianda
nm5121393,Andy Apollo
nm5123156,Kelvin Harrison Jr.
nm5177448,Vibish Sivakumar
nm5181138,Saniyya Sidney
nm5189784,Alex Sharp
nm5208352,Janae Collins
nm5215708,Gillian McCarthy
nm5218471,Lee Armstrong
nm5218990,Trevante Rhodes
nm5228887,Ben Hardy
nm5237479,Stacy Martin
nm8581180,Attila Dobai
nm8587165,Virginia Loring Cooke
nm0212655,Randall Deal
nm0214781,Martina Deignan
nm0215260,Albert Dekker
nm0215916,Barry Del Sherman
nm0218490,Katherine DeMille
nm0218810,Jeffrey DeMunn
nm0219301,Tony Denman
nm0219352,Peter Dennett
nm0219528,Nick Dennis
nm0220280,Ann Dere
nm0221439,Reginald Sheffield
nm0223157,Colleen Dewhurst
nm0223499,Ayesha Dharker
nm0224010,Carlo Di Maio
nm0224299,Vincenzo Di Sauro
nm0224703,Reed Diamond
nm0225089,Steve Dibben
nm0225332,Kim Dickens
nm0225417,Foister Dickerson
nm0225459,Bill Dickey
nm0225460,Dale Dickey
nm0225767,Dawn Didawick
nm0226813,Garret Dillahunt
nm0226820,Stephen Dillane
nm0227022,John Webb Dillion
nm0227644,Charles Dingle
nm0227759,Peter Dinklage
nm0227878,Franco Diogene
nm0228715,Richard Dix
nm0228723,William Dix
nm0228960,Richard Dixon
nm0229200,Badja Djola
nm0232019,James Donald
nm0232426,Richard Donelly
nm0233014,King Donovan
nm0233856,Philip Dorn
nm0234538,Karen Dotrice
nm0234541,Roy Dotrice
nm0234606,David Doty
nm0235026,Donald Douglas
nm0235228,Robyn Douglass
nm0236903,Frances Drake
nm0237467,Barbara Drennan
nm0237571,Louise Dresser
nm0237699,Phelim Drew
nm0238063,Tim Driscoll
nm0238445,Joanne Dru
nm0238506,Dinara Drukarova
nm0238541,Alice Drummond
nm0240239,William Duell
nm0241121,Jean Dujardin
nm0241523,Douglass Dumbrille
nm0241589,Ralph Dumke
nm0241711,Albert Dumortier
nm0241755,Steffi Duna
nm0241893,Andrew Duncan
nm0242642,Josephine Dunn
nm0242692,Michael Dunn
nm0242972,Mildred Dunnock
nm0243842,Giustino Durano
nm0245112,Clea DuVall
nm0245696,Catherine Dyer
nm0247720,Jayne Eastwood
nm0248281,Vilma Ebsen
nm0248291,Maude Eburne
nm0248890,Helen Jerome Eddy
nm0248904,Nelson Eddy
nm0249291,Joel Edgerton
nm0249768,Michael Edward-Stevens
nm0251037,Margaret Eginton
nm0251755,Sally Eilers
nm0251986,Jesse Eisenberg
nm0252230,Chiwetel Ejiofor
nm0252238,Carmen Ejogo
nm0253020,Dana Elcar
nm0253139,Frank Eldredge
nm0253141,John Eldredge
nm0253158,Florence Eldridge
nm0254818,Edward Ellis
nm0255914,Michael Elwyn
nm0256305,John Emery
nm0256468,Takis Emmanuel
nm0258117,Michael Ensign
nm0259027,Christian Erickson
nm0259599,Claudio Ermelli
nm0260728,Jill Esmond
nm0262004,Pierre Etchepare
nm0262080,Alphonse Ethier
nm0262543,Art Evans
nm0262745,Estelle Evans
nm0262748,Evans Evans
nm0262923,Josh Evans
nm0263591,Rex Everhart
nm0264134,Richard Eyer
nm0264278,William Eythe
nm0265459,Amanda Fairbank-Hynes
nm0265610,Michelle Fairley
nm0267141,Jodie Farber
nm0267506,Anna Faris
nm0267772,Lonnie Farmer
nm0267812,Vera Farmiga
nm0267916,Franklyn Farnum
nm0268190,Charles Farrell
nm0268199,Colin Farrell
nm0268225,Glenda Farrell
nm0268297,Nicholas Farrell
nm0268306,Paul Farrell
nm0268356,Tom Riis Farrell
nm0269463,Jon Favreau
nm0269524,William Pawley
nm0269647,Alice Faye
nm0269709,Frank Faylen
nm0270625,JJ Feild
nm0270931,Eric Feldary
nm0271658,Verna Felton
nm0272059,Leslie Fenton
nm0272581,Rebecca Ferguson
nm0273172,Ernest Ferny
nm0275835,John Fiedler
nm0276354,Stanley Fields
nm0277204,Jonathan Filley
nm0277230,Sophie Fillières
nm0277238,Clyde Fillmore
nm0277975,Frank Finlay
nm0278468,John Fiore
nm0279209,Patrick Fischler
nm0280245,Glenn Fitzgerald
nm0280342,Neil Fitzgerald
nm0280707,Paul Fix
nm0280840,Fannie Flagg
nm0281004,Agnes Flanagan
nm0281029,Frank Flanagan
nm0281271,Joël Flateau
nm0281424,James Fleet
nm0281909,Glenn Fleshler
nm0282458,Sheila Flitton
nm0283014,Werner Florian
nm0283314,Joel Fluellen
nm0283565,Miriam Flynn
nm0284082,Erzsebet Foldi
nm0284129,Ellen Foley
nm0284190,Macka Foley
nm0284812,Jacqueline Fontaine
nm0284832,Lilian Fontaine
nm0284997,Amerigo Fontani
nm0285301,Brenda Forbes
nm0285391,Ralph Forbes
nm0285643,Francis Ford
nm0285818,Paul Ford
nm0285864,Ruth Ford
nm0287182,Will Forte
nm0287905,Julia Foster
nm0287988,Norman Foster
nm0288344,Giorgos Foundas
nm0288830,Douglas Fowley
nm0288976,Emilia Fox
nm0289030,Huckleberry Fox
nm0289038,James Fox
nm0289183,Paul Fox
nm0290117,Clive Francis
nm0290271,Noel Francis
nm0290295,Robert Francis
nm0290420,Carole Franck
nm0290986,Joanna Frank
nm0291968,Myriam Emilie Francois
nm0292116,Elisabeth Fraser
nm0292433,William Frawley
nm0292498,Dan Frazer
nm0292802,Lynne Frederick
nm0293418,Howard Freeman
nm0293509,Martin Freeman
nm0293530,Mona Freeman
nm0293910,Robert Freitag
nm0294600,Leonard Frey
nm0296892,Sean Frye
nm0297538,Athol Fugard
nm0298281,Kurt Fuller
nm0298386,Fiona Fullerton
nm0299149,George Furth
nm0301348,Richard Gaines
nm0301370,M.C. Gainey
nm0301923,Valerie Gale
nm0301977,Tony Galento
nm0302108,Zach Galifianakis
nm0302480,Richard 'Skeets' Gallagher
nm0303168,Don Galloway
nm0303729,Jimmy Gambina
nm0304723,Xian Gao
nm0304955,Matthew Garber
nm0306696,Vincent Gardenia
nm0307255,Allen Garfield
nm0307473,Ken Garito
nm0307750,Peggy Ann Garner
nm0308242,Beulah Garrick
nm0308257,Richard Garrick
nm0308299,Joaquín Garrido
nm0308872,Harold Gary
nm0308882,Lorraine Gary
nm0309588,Larry Gates
nm0309693,Mark Gatiss
nm0310843,Gregory Gaye
nm0310960,George Gaynes
nm0310980,Janet Gaynor
nm0311155,Michael V. Gazzo
nm0311343,Malgorzata Gebel
nm0311951,Clarice F. Geigerman
nm0313438,Gladys George
nm0313449,Lupino Lane
nm0314065,Steven Geray
nm0314253,Peter Gerety
nm0314776,Daniel Gerroll
nm0316071,Stathis Giallelis
nm0316079,Paul Giamatti
nm0317369,Stefan Gierasch
nm0317556,Donn Gift
nm0317637,Sandro Giglio
nm0317884,Antonio Gil
nm0318105,John Gilbert
nm0318349,Connie Gilchrist
nm0318678,Jack Gill
nm0318821,Aidan Gillen
nm0318884,Liz Giles
nm0319036,Anita Gillette
nm0319289,James Gillis
nm0319557,Lowell Gilmore
nm0319582,Virginia Gilmore
nm0320006,Hermione Gingold
nm0320180,Robert Ginty
nm1014162,Jason Silvis
nm1015684,Corey Stoll
nm1017334,Juno Temple
nm1018521,Benjamin Millepied
nm1019674,Sala Baker
nm1020089,Sally Hawkins
nm10248732,Chelsea Lee
nm12873476,Mateo Zoryan
nm1289434,Emily Blunt
nm12934509,Ian Dolley
nm12953205,Mark Eydelshteyn
nm1295573,Sophie Wyburd
nm1296206,George Loftus
nm1296223,Dave Maldonado
nm1297015,Emma Stone
nm14073757,Dominic Sessa
nm1409015,Kate Shindle
nm1410076,Nat Boltt
nm1411125,Selena Gomez
nm1412974,Glen Powell
nm14151642,Leem Seung-min
nm1569276,Chadwick Boseman
nm1940449,Andrew Garfield
nm1946193,Jamie Dornan
nm1954240,Teresa Palmer
nm1969169,Rafi Gavron
nm1970380,Kenneth Nkosi
nm1975228,Nick Krause
nm1975628,Mark O'Brien
nm1981574,Michael Epp
nm1981893,Riz Ahmed
nm1985974,Michael Chernus
nm1997283,Elena Bucci
nm2000106,Marco Sgrosso
nm2011629,Eijiro Ozaki
nm2021640,Jehnny Beth
nm2026324,Ben Hall
nm2048432,Hermila Guedes
nm2048522,Fabiana Pirro
nm2052567,Jae Head
nm2057859,Andrea Riseborough
nm3127056,Jessica McManus
nm3129800,Aaron Wolff
nm3140757,Priyanka Bose
nm3147751,LaKeith Stanfield
nm3151886,Alfred Hsing
nm3152605,Gwilym Lee
nm3154303,Timothée Chalamet
nm3174725,David Alvarez
nm3175985,Brandon Salgado
nm3176222,David Kang
nm3176987,Brent Braunschweig
nm3179464,Faye Daveney
nm3185299,Benjamin Portnoe
nm3193259,Azharuddin Mohammed Ismail
nm3193597,Ayush Mahesh Khedekar
nm3193847,Jira Banjara
nm3218960,Koleman Stinger
nm3223622,Sandy McMaster
nm3227023,Louis Minnaar
nm3235876,Thom Shelton
nm3241306,Vanessa Haywood
nm4223385,Thomas Horn
nm4223882,Dacre Montgomery
nm4248765,Lauren Ridloff
nm4291409,Lily Gladstone
nm4311500,David Alison
nm4336119,Nate Lang
nm4350114,Tom Prior
nm4360094,Tyler the Creator
nm5555747,Callie Hernandez
nm5569442,Forrest Goodluck
nm5570560,Odessa A'zion
nm5584344,Yahya Abdul-Mateen II
nm5637553,Laura Harrier
nm5647921,Rudy Eisenzopf
nm7248827,Cynthia Erivo
nm7309485,Azhy Robertson
nm7340546,Eliza Scanlen
nm8770973,Maria Frangos
nm8806561,Jim Kaplan
nm8820079,Jillian Dion
nm8905565,Harriet Leitch
nm0000008,Marlon Brando
nm0000010,James Cagney
nm0000011,Gary Cooper
nm0000012,Bette Davis
nm0000014,Olivia de Havilland
nm0000015,James Dean
nm0000020,Henry Fonda
nm0000021,Joan Fontaine
nm0000022,Clark Gable
nm0000023,Judy Garland
nm0000028,Rita Hayworth
nm0000030,Audrey Hepburn
nm0000032,Charlton Heston
nm0000034,William Holden
nm0000037,Gene Kelly
nm0000038,Grace Kelly
nm0000042,Alan Ladd
nm0000054,Marilyn Monroe
nm0000056,Paul Newman
nm0000058,Maureen O'Hara
nm0000060,Gregory Peck
nm0000061,Tyrone Power
nm0000069,Frank Sinatra
nm0000071,James Stewart
nm0000072,Elizabeth Taylor
nm0000073,Shirley Temple
nm0000074,Gene Tierney
nm0000093,Brad Pitt
nm0000101,Dan Aykroyd
nm0000106,Drew Barrymore
nm0000113,Sandra Bullock
nm0000124,Jennifer Connelly
nm0000128,Russell Crowe
nm0000130,Jamie Lee Curtis
nm0000133,Geena Davis
nm0000138,Leonardo DiCaprio
nm0000139,Cameron Diaz
nm0000142,Clint Eastwood
nm0000143,Erika Eleniak
nm0000146,Ralph Fiennes
nm0000151,Morgan Freeman
nm0000154,Mel Gibson
nm0000158,Tom Hanks
nm0000163,Dustin Hoffman
nm0000165,Ron Howard
nm0000166,Helen Hunt
nm0000168,Samuel L. Jackson
nm0000169,Tommy Lee Jones
nm0000177,Kevin Kline
nm0000179,Jude Law
nm0000190,Matthew McConaughey
nm0000191,Ewan McGregor
nm0000194,Julianne Moore
nm0000196,Mike Myers
nm0000199,Al Pacino
nm0000200,Bill Paxton
nm0000201,Michelle Pfeiffer
nm0000204,Natalie Portman
nm0000210,Julia Roberts
nm0000221,Charlie Sheen
nm0000224,Alicia Silverstone
nm0000226,Will Smith
nm0000228,Kevin Spacey
nm0000230,Sylvester Stallone
nm0000235,Uma Thurman
nm0000237,John Travolta
nm0000240,Skeet Ulrich
nm0000242,Mark Wahlberg
nm0000245,Robin Williams
nm0000246,Bruce Willis
nm0000250,Renée Zellweger
nm0000257,Alan Alda
nm0000260,Joan Allen
nm0000261,Karen Allen
nm0000270,Gabrielle Anwar
nm0000271,Anne Archer
nm0000273,Alan Arkin
nm0000276,Sean Astin
nm0000279,Hank Azaria
nm0000285,Alec Baldwin
nm0000288,Christian Bale
nm0000291,Angela Bassett
nm0000293,Sean Bean
nm0000295,Kate Beckinsale
nm0000297,Tom Berenger
nm0000298,Candice Bergen
nm0000301,Thora Birch
nm0000304,Linda Blair
nm0000308,Ernest Borgnine
nm0000332,Don Cheadle
nm0000333,Cher
nm0000335,Glenn Close
nm0000349,Joan Cusack
nm0000354,Matt Damon
nm0000355,Anthony Daniels
nm0000358,Daniel Day-Lewis
nm0000362,Danny DeVito
nm0000380,Robert Duvall
nm0000383,Jennifer Ehle
nm0000385,Sam Elliott
nm0000388,R. Lee Ermey
nm0000398,Sally Field
nm0000401,Laurence Fishburne
nm0000402,Carrie Fisher
nm0000403,Bridget Fonda
nm0000409,Brendan Fraser
nm0000412,Andy Garcia
nm0000418,Danny Glover
nm0000420,Valeria Golino
nm0000421,Cuba Gooding Jr.
nm0000424,Hugh Grant
nm0000450,Philip Seymour Hoffman
nm0000451,Gaby Hoffmann
nm0000459,Timothy Hutton
nm0000470,Jeffrey Jones
nm0000473,Diane Keaton
nm0000476,Sally Kirkland
nm0000491,John Leguizamo
nm0000494,Robert Sean Leonard
nm0000501,Ray Liotta
nm0000509,Bela Lugosi
nm0000510,Andie MacDowell
nm0000515,Virginia Madsen
nm0000518,John Malkovich
nm0000521,Sophie Marceau
nm0000534,Kelly McGillis
nm0000542,Penelope Ann Miller
nm0000553,Liam Neeson
nm0000560,Nick Nolte
nm0000562,Jeremy Northam
nm0000563,Chris O'Donnell
nm0000566,Julia Ormond
nm0000582,Joe Pesci
nm0000592,Pete Postlethwaite
nm0000593,Kelly Preston
nm0000599,Kathleen Quinlan
nm0000602,Robert Redford
nm0000603,Vanessa Redgrave
nm0000610,Giovanni Ribisi
nm0000634,Peter Sellers
nm0000638,William Shatner
nm0000641,Gary Sinise
nm0000643,Tom Skerritt
nm0000649,Paul Sorvino
nm0000652,James Spader
nm0000658,Meryl Streep
nm0000659,Barbra Streisand
nm0000661,Donald Sutherland
nm0000668,Emma Thompson
nm0000672,Meg Tilly
nm0000673,Marisa Tomei
nm0000676,Chris Tucker
nm0000678,Kathleen Turner
nm0000685,Jon Voight
nm0000687,J.T. Walsh
nm0000698,Gene Wilder
nm0000701,Kate Winslet
nm0000704,Elijah Wood
nm0000705,Robin Wright
nm0000708,Billy Zane
nm0000719,F. Murray Abraham
nm0000732,Danny Aiello
nm0000734,Eddie Albert
nm0000737,Jane Alexander
nm0000741,Tim Allen
nm0000747,Don Ameche
nm0000752,Judith Anderson
nm0000755,Lindsay Anderson
nm0000763,Dana Andrews
nm0000781,Eve Arden
nm0000799,Edward Asner
nm0000802,Mary Astor
nm0000811,Frankie Avalon
nm0000817,Lew Ayres
nm0000832,Diane Baker
nm0000834,Kathy Baker
nm0000836,Scott Bakula
nm0000840,Lucille Ball
nm0000842,Martin Balsam
nm0000846,Ian Bannen
nm0000852,Jean-Marc Barr
nm0000855,Raymond J. Barry
nm0000859,Lionel Barrymore
nm0000861,Freddie Bartholomew
nm0000864,Mikhail Baryshnikov
nm0000867,Jason Bateman
nm0000870,Kathy Bates
nm0000879,Anne Baxter
nm0000880,Meredith Baxter
nm0000891,Wallace Beery
nm0000906,Annette Bening
nm0000911,Nigel Bennett
nm0000913,Robby Benson
nm0000925,Steven Berkoff
nm0000937,Richard Beymer
nm0000946,Whit Bissell
nm0000947,Karen Black
nm0000949,Cate Blanchett
nm0000952,Hart Bochner
nm0000961,Timothy Bottoms
nm0000966,Lorraine Bracco
nm0000974,Walter Brennan
nm0000977,Beau Bridges
nm0000978,Lloyd Bridges
nm0000982,Josh Brolin
nm0000983,Albert Brooks
nm0000990,Betty Buckley
nm0000991,Geneviève Bujold
nm0000992,Billie Burke
nm0000995,Ellen Burstyn
nm0000999,Red Buttons
nm0001001,James Caan
nm0001007,Dyan Cannon
nm0001014,Mariah Carey
nm0001015,Robert Carlyle
nm0001016,David Carradine
nm0001018,Keith Carradine
nm0001021,Veronica Cartwright
nm0001029,Jim Caviezel
nm0001030,John Cazale
nm0001035,Ben Chaplin
nm0001038,Josh Charles
nm0001042,Lois Chiles
nm0001044,Rae Dawn Chong
nm0001046,Julie Christie
nm0001048,Andrew Dice Clay
nm0001049,Jill Clayburgh
nm0001050,Montgomery Clift
nm0001055,Claudette Colbert
nm0001056,Dabney Coleman
nm0001068,Sofia Coppola
nm0001075,Peter Coyote
nm0001077,Richard Crenna
nm0001079,Scatman Crothers
nm0001085,Kieran Culkin
nm0001096,Timothy Dalton
nm0001097,Charles Dance
nm0001100,Blythe Danner
nm0001101,Ted Danson
nm0001103,Tony Danza
nm0001105,Linda Darnell
nm0001109,Jaye Davidson
nm0001110,Embeth Davidtz
nm0001111,Jeremy Davies
nm0001121,Brandon De Wilde
nm0001135,John Derek
nm0001136,Bruce Dern
nm0001156,Olympia Dukakis
nm0001159,Faye Dunaway
nm0001160,Adrian Dunbar
nm0001171,Buddy Ebsen
nm0001172,Christopher Eccleston
nm0001190,David Prowse
nm0001205,Norman Fell
nm0001207,José Ferrer
nm0001212,Joseph Fiennes
nm0001221,Louise Fletcher
nm0001224,Errol Flynn
nm0001225,Nina Foch
nm0001247,Eva Gabor
nm0001248,Zsa Zsa Gabor
nm0001255,Victor Garber
nm0001258,James Garner
nm0001274,Paul Michael Glaser
nm0001276,Jackie Gleason
nm0001277,Scott Glenn
nm0001278,John Glover
nm0001282,Tony Goldwyn
nm0001295,Graham Greene
nm0001297,Joel Grey
nm0001301,Charles Grodin
nm0001302,Christopher Guest
nm0001305,Lukas Haas
nm0001314,John Hannah
nm0001315,Marcia Gay Harden
nm0001316,Oliver Hardy
nm0001318,Jean Harlow
nm0001324,Ian Hart
nm0001330,Sterling Hayden
nm0001336,Van Heflin
nm0001346,Edward Herrmann
nm0001347,Barbara Hershey
nm0001367,C. Thomas Howell
nm0001369,Rock Hudson
nm0001371,Tom Hulce
nm0001372,Bonnie Hunt
nm0001375,Kim Hunter
nm0001377,Olivia Hussey
nm0001394,Derek Jacobi
nm0001413,Julie Kavner
nm0001416,Catherine Keener
nm0001419,Sally Kellerman
nm0001421,George Kennedy
nm0001426,Ben Kingsley
nm0001427,Greg Kinnear
nm0001430,Jack Klugman
nm0001445,Martin Landau
nm0001449,Frank Langella
nm0001450,Angela Lansbury
nm0001453,Piper Laurie
nm0001458,Cloris Leachman
nm0001467,Jared Leto
nm0001475,John Lithgow
nm0001478,June Lockhart
nm0001485,Myrna Loy
nm0001491,Melanie Lynskey
nm0001497,Tobey Maguire
nm0001498,John Mahoney
nm0001500,Karl Malden
nm0001503,Dinah Manoff
nm0001509,Dean Martin
nm0001510,Strother Martin
nm0001511,Lee Marvin
nm0001515,Joseph Mazzello
nm0001520,Christopher McDonald
nm0001521,Mary McDonnell
nm0001522,Roddy McDowall
nm0001527,Elizabeth McGovern
nm0001542,Jay Mohr
nm0001544,Ricardo Montalban
nm0001546,Mary Tyler Moore
nm0001547,Agnes Moorehead
nm0001549,Rita Moreno
nm0001550,Cathy Moriarty
nm0001555,Rob Morrow
nm0001556,David Morse
nm0001557,Viggo Mortensen
nm0001564,Bebe Neuwirth
nm0001571,Kim Novak
nm0001574,Michael O'Keefe
nm0001583,Jerry Orbach
nm0001588,Jack Palance
nm0001592,Joe Pantoliano
nm0001593,Anna Paquin
nm0001601,David Paymer
nm0001608,Barry Pepper
nm0001620,Slim Pickens
nm0001624,Oliver Platt
nm0001625,Amanda Plummer
nm0001626,Christopher Plummer
nm0001627,Sidney Poitier
nm0001628,Sydney Pollack
nm0001629,Kevin Pollak
nm0001634,CCH Pounder
nm0001635,William Powell
nm0001644,Aidan Quinn
nm0001652,John Ratzenberger
nm0001654,Ronald Reagan
nm0001656,Donna Reed
nm0001659,Christopher Reeve
nm0001661,Rob Reiner
nm0001663,Paul Reiser
nm0001664,James Remar
nm0001665,Lee Remick
nm0001669,Miranda Richardson
nm0001677,Ginger Rogers
nm0001679,Mark Rolston
nm0001682,Mickey Rooney
nm0001684,Katharine Ross
nm0001691,Geoffrey Rush
nm0001693,Eva Marie Saint
nm0001698,John Savage
nm0001702,Roy Scheider
nm0001703,Maximilian Schell
nm0001709,Til Schweiger
nm0001715,George C. Scott
nm0001719,George Segal
nm0001722,Rufus Sewell
nm0001731,Sam Shepard
nm0001732,Cybill Shepherd
nm0001735,Talia Shire
nm0001740,O.J. Simpson
nm0001744,Tom Sizemore
nm0001747,Charles Martin Smith
nm0001773,David Ogden Stiers
nm0001780,Peter Stormare
nm0001783,Sally Struthers
nm0001784,Gloria Stuart
nm0001788,Jessica Tandy
nm0001791,Robert Taylor
nm0001792,Rod Taylor
nm0001794,Henry Thomas
nm0001807,Cicely Tyson
nm0001813,Dick Van Dyke
nm0001816,Robert Vaughn
nm0001833,Emily Watson
nm0001835,Carl Weathers
nm0001848,Dianne Wiest
nm0001851,JoBeth Williams
nm0001856,Oprah Winfrey
nm0001858,Mare Winningham
nm0001859,Shelley Winters
nm0001868,Michael York
nm0001870,Robert Young
nm0001876,Catherine Zeta-Jones
nm0001883,Jenna von Oÿ
nm0001891,Anthony Higgins
nm0001912,Paul Anka
nm0001923,Margaret Avery
nm0001935,Noah Beery
nm0001943,Marisa Berenson
nm0001961,Ray Bolger
nm0001966,Clara Bow
nm0001970,Klaus Maria Brandauer
nm0001981,Spring Byington
nm0001987,Tantoo Cardinal
nm0002001,Maurice Chevalier
nm0002006,Thomas Haden Church
nm0002011,Lee J. Cobb
nm0002013,Charles Coburn
nm0002017,Richard Conte
nm0002022,Jeanne Crain
nm0002027,Ben Cross
nm0002029,Maria Grazia Cucinotta
nm0002046,Brian Donlevy
nm0002048,Melvyn Douglas
nm0004282,Anne Francis
nm0004286,Clifton Collins Jr.
nm0004309,Shirley Knight
nm0004496,Van Johnson
nm0004650,Marisa Paredes
nm0004692,Mark Addy
nm0004710,Naveen Andrews
nm0004721,Erykah Badu
nm0004730,Orson Bean
nm0004743,Gil Bellows
nm0004747,Wes Bentley
nm0004802,Linda Cardellini
nm0004815,Christine Cavanaugh
nm0004829,Spencer Treat Clark
nm0004874,Vin Diesel
nm0004875,Taye Diggs
nm0004883,Tate Donovan
nm0004887,Nora Dunn
nm0004908,Edie Falco
nm0004916,Conchata Ferrell
nm0004920,Frances Fisher
nm0004936,Ben Foster
nm0004937,Jamie Foxx
nm0004949,Troy Garity
nm0004950,Jennifer Garner
nm0004965,Adam Goldberg
nm0004979,David Alan Grier
nm0004983,Buddy Hackett
nm0004986,LisaGay Hamilton
nm0005019,Bo Hopkins
nm0005023,Djimon Hounsou
nm0005052,Michael Jeter
nm0005078,Stacy Keach
nm0005093,Regina King
nm0005095,Justin Kirk
nm0005107,Lenny Kravitz
nm0005109,Mila Kunis
nm0005132,Heath Ledger
nm0005148,Delroy Lindo
nm0005151,Jonathan Lipnicki
nm0005171,Angus Macfadyen
nm0005210,Tim McGraw
nm0005212,Ian McKellen
nm0005251,Carrie-Anne Moss
nm0005266,Craig T. Nelson
nm0005273,Alessandro Nivola
nm0005278,Jerry O'Connell
nm0005286,Haley Joel Osment
nm0005299,Sarah Paulson
nm0005331,Francesco Quinn
nm0005344,Joe Regalbuto
nm0005348,Carl Reiner
nm0005377,Sam Rockwell
nm0005380,Ray Romano
nm0005398,Michael Saucedo
nm0005460,Mary Steenburgen
nm0005461,Gwen Stefani
nm0005466,Julia Stiles
nm0005476,Hilary Swank
nm0005493,Justin Timberlake
nm0005531,Donnie Wahlberg
nm0005565,Jonathan Winters
nm0005978,Nacio Herb Brown
nm0005994,Hoagy Carmichael
nm0002052,Deanna Durbin
nm0002053,Dan Duryea
nm0002056,Christine Ebersole
nm0002063,Leif Erickson
nm0002078,Frederic Forrest
nm0002081,Edward Fox
nm0002084,Brenda Fricker
nm0002091,Michael Gambon
nm0002093,Greer Garson
nm0002107,Betty Grable
nm0002108,Gloria Grahame
nm0002110,Rodney A. Grant
nm0002113,Sydney Greenstreet
nm0002117,Paul Guilfoyle
nm0002118,Alan Hale
nm0002128,Tess Harper
nm0002134,Paul Henreid
nm0002139,Judd Hirsch
nm0002141,Celeste Holm
nm0002149,Betty Hutton
nm0002177,Oscar Apfel
nm0002183,George Arliss
nm0002233,Erich von Stroheim
nm0002245,Tzi Ma
nm0002253,John Carroll Lynch
nm0002332,Stephen Lang
nm0002369,John Williams
nm0002503,Harry Carey
nm0002536,Emmy Rossum
nm0002546,Mena Suvari
nm0002718,Brian Koppelman
nm0002768,Blanche Friderici
nm0002936,Kristina Anapau
nm0003110,Cesar Romero
nm0003225,Ed Begley
nm0003609,Troy Bishop
nm0003679,Kate Reid
nm0003817,Michael Clarke Duncan
nm0003923,Rodger Boyce
nm0003930,Will Wallace
nm0004110,Carl R. Botefuhr
nm0006535,Doug Hutchison
nm0006669,William Sadler
nm0006800,Sandy Dennis
nm0006890,Paul Scofield
nm0006969,Elizabeth Banks
nm0007102,Tabu
nm0007217,Jack Carson
nm0007219,Donald Cook
nm0007222,Paul Douglas
nm0007223,James Dunn
nm0007224,Eleanor Powell
nm0007225,Jane Powell
nm0007958,Diahnne Abbott
nm0007995,John Abbott
nm0008231,Rose Abdoo
nm0008496,Walter Abel
nm0009716,Kirk Acevedo
nm0010185,Enrique Acosta
nm0010333,Eddie Acuff
nm0010416,Alice Adair
nm0010468,Robert Adair
nm0010736,Amy Adams
nm0011366,Stanley Adams
nm0011602,Martha Adcock
nm0011741,Wesley Addy
nm0011975,Patrick Adiarte
nm0012443,Jan Sterling
nm0012524,Frank Adu
nm0013405,Mimi Aguglia
nm0013741,Ramón Agirre
nm0014217,Philip Ahn
nm0014710,Norman Ainsley
nm0014801,Teddy Airhart
nm0015391,Claude Akins
nm0016422,Luis Alberni
nm0016776,Jack Albertson
nm0017044,Wally Albright
nm0017444,Bob Alden
nm0017578,Erville Alderson
nm0018099,John Ales
nm0018273,Ben Alexander
nm0018540,Katharine Alexander
nm0018717,Ross Alexander
nm0019145,Lidia Alfonsi
nm0019248,Aina Alfredsson
nm0019885,Roger Allam
nm0020041,William Alland
nm0020754,Lee Allen
nm0020822,Maude Allen
nm0020897,Penelope Allen
nm0020979,Robert Allen
nm0021050,Seth Allen
nm0021600,Bruce Allpress
nm0021734,Gila Almagor
nm0022306,Laz Alonso
nm0024188,Vincenzo Amato
nm0024719,Joyce Ames
nm0024740,Robert Ames
nm0025255,Gene Amoroso
nm0025601,Munto Anampio
nm0025908,James Andelin
nm0026039,Merry Anders
nm0026286,Bill Anderson Jr.
nm0026295,Michael Anderson Jr.
nm0026364,Anthony Anderson
nm0026401,Beaudine Anderson
nm0026841,James Anderson
nm0026913,Joan Anderson
nm0027134,Marion Clayton Anderson
nm0027156,Mary Anderson
nm0028647,Edward Andrews
nm0028759,Marie Antoinette Andrews
nm0030479,Eleni Anousaki
nm0030653,A.E. Anson
nm0031359,Marty Antonini
nm0031398,Lou Antonio
nm0031708,Georgette Anys
nm0032370,Noel Appleby
nm0033758,Craig Archibald
nm0034082,Gino Ardito
nm0035069,David Arkin
nm0035128,Swann Arlaud
nm0035138,John Arledge
nm0035159,Richard Arlen
nm0035196,Florence Arliss
nm0035455,Henry Armetta
nm0035664,Curtis Armstrong
nm0036071,Marie-Hélène Arnaud
nm0036530,Larry Arnold
nm0036732,Stewart Arnott
nm0037410,Karina Arroyave
nm0037491,Emmanuelle Arsan
nm0037816,Robert Arthur
nm0038160,Jack Ary
nm0038870,Jane Asher
nm0039051,Elizabeth Ashley
nm0039625,Chuck Aspegren
nm0040012,Ali Astin
nm0040058,David Aston
nm0040374,Roscoe Ates
nm0040548,Albert Adkins
nm0040586,Eileen Atkins
nm0040722,George Atkinson
nm0041858,Edwin August
nm0042380,Frank Austin
nm0043011,Brian Avery
nm0043039,Garth Avery
nm0043665,Sami Ayanoglu
nm0045226,Salvatore Baccaloni
nm0045324,John Bach
nm0045681,Susan Backlinie
nm0045784,Irving Bacon
nm0046331,Buddy Baer
nm0047332,Jonathan Bailey
nm0047450,Raymond Bailey
nm0047534,William Bailey
nm0048147,Richard Bakalyan
nm0048652,Kenny Baker
nm0048982,Tom Baker
nm0048998,Tungia Baker
nm0049055,William Bakewell
nm0049079,Dato Bakhtadze
nm0049099,Bianca Hunter
nm0049852,Bill Baldwin
nm0050159,Katharine Balfour
nm0050609,Elmer Ballard
nm0051377,Martha Bamattre
nm0051509,Eric Bana
nm0053448,Paul Barber
nm0054072,Mary Barclay
nm0054133,Ben Bard
nm0055151,Mona Barrie
nm0055271,Patrick Barlow
nm0055645,Joanna Barnes
nm0056187,Sacha Baron Cohen
nm0056477,Byron Barr
nm0057363,Barbara Barrie
nm0057845,Bernard Barrow
nm0059431,Jay Baruchel
nm0059844,Toni Basil
nm0060167,Elsa Bassermann
nm0060221,Linda Bassett
nm0060845,Barbara Bates
nm0060904,Florence Bates
nm0060988,Michael Bates
nm0061262,Bryan Batt
nm0062642,Barbara Baxley
nm0062828,Warner Baxter
nm0063326,Baziga
nm0063619,John Beal
nm0063914,Matthew Beard
nm0063945,Steven Beard
nm0064098,Bruce Beaton
nm0064194,Bunny Beatty
nm0064792,Louise Beavers
nm0065156,J. Emmett Beck
nm0065282,Stanley Beck
nm0066166,Alfonso Bedoya
nm0067367,Bérénice Bejo
nm0067497,Doris Belack
nm0068257,James Bell
nm0068289,Joe Bell
nm0068431,Nicholas Bell
nm0068772,Harry Bellaver
nm0068926,Cosmo Kyrle Bellew
nm0069373,Lionel Belmore
nm0070807,Richard Benedict
nm0071636,Bruce Bennett
nm0071746,Enid Bennett
nm0071851,Joseph Bennett
nm0071960,Norman Bennett
nm0071992,Richard Bennett
nm0073217,John Beradino
nm0073595,Harry Beresford
nm0074405,Jacques Bergerac
nm0074834,Mary Kay Bergman
nm0075961,Sven-Olof Bern
nm0076139,Andrée Bernard
nm0077543,Frank Berry
nm0077720,Michael Berryman
nm0078055,Marina Berti
nm0079273,Paul Bettany
nm0079328,Lyle Bettger
nm0079490,Matthew Betz
nm0079681,Clem Bevans
nm0082433,Simon Billig
nm0082501,Ted Billings
nm0082979,Sergio Bini Bustric
nm0083081,Edward Binns
nm0083655,Gil Birmingham
nm0084105,Kelly Bishop
nm0085400,Lewis Black
nm0086506,Katharine Blake
nm0086627,Larry J. Blake
nm0086806,Susan Blakely
nm0087109,Tammy Blanchard
nm0087324,Rita Blanco
nm0087404,Clara Blandick
nm0088083,Hans Christian Blech
nm0089217,Orlando Bloom
nm0089478,Ben Blue
nm0089524,Monte Blue
nm0090321,Anne Bobby
nm0092683,Mary Boland
nm0092900,John Boles
nm0093589,Matt Bomer
nm0093769,Fortunio Bonanova
nm0095114,Joseph Bono
nm0095516,Lesley Boone
nm0095524,Richard Boone
nm0095693,Edwina Booth
nm0095979,Paola Borboni
nm0096458,Veda Ann Borg
nm0097504,Alex Borstein
nm0097842,Philip Bosco
nm0098734,Sam Bottoms
nm0100566,Julie Bovasso
nm0100758,Dorris Bowdon
nm0100911,Roger Bowen
nm0100942,Malick Bowens
nm0100960,David Bower
nm0101533,John Boxer
nm0101604,Sully Boyar
nm0101710,Billy Boyd
nm0101992,Phyllis Boyens
nm0103071,Richard Bradford
nm0103195,David Bradley
nm0103249,Harry C. Bradley
nm0103567,Alice Brady
nm0104051,Justin Braine
nm0104245,William Bramley
nm0104364,Pamela Branch
nm10416836,Miles Caton
nm10446192,Emma Hindle
nm1045739,Max Kasch
nm1046097,Rachel McAdams
nm1241511,Orto Ignatiussen
nm1242688,Josh Hutcherson
nm1245863,Rafe Spall
nm12473278,Brian Rodger
nm1247832,The Robert Mitchell Boy Choir
nm1250791,Sterling K. Brown
nm1251245,Donna Duplantier
nm1345143,Dave Trimble
nm1347153,Tyler Perry
nm13554160,Andreas Stoltenberg Granerud
nm1356769,Shake Tukhmanyan
nm1357414,Abdul Salis
nm13579466,Anders Olof Grundberg
nm1501738,Ahna O'Reilly
nm1502425,Sarah Niles
nm1506981,Bashir Salahuddin
nm1686317,Takashi Yamaguchi
nm1692732,Joseph Balderrama
nm1697771,Ellie Kendrick
nm2196179,Kenny Chin
nm2200658,Ray Nicholson
nm2225369,Jennifer Lawrence
nm2240346,Kodi Smit-McPhee
nm2241686,Troy Vincent
nm2254330,Christoph Luty
nm2257207,Daniel Kaluuya
nm2258717,Takumi Bando
nm2271261,Jason Cope
nm2273391,Mike Hatton
nm2277047,George Mason
nm2287070,Parker Hadley
nm2309517,Armie Hammer
nm2310336,George Gervin
nm2313103,Rebel Wilson
nm2319871,Anna Camp
nm3663196,Ariana DeBose
nm3680658,Han Ye-ri
nm3691128,Jamahl Garrison-Lowe
nm3692520,Teyana Taylor
nm3707487,Gabriela Carneiro da Cunha
nm3728884,Bryan Barter
nm3745391,Park Myeong-hoon
nm3754140,Choi Won-young
nm5279916,Leigh Gill
nm5287110,Sharon Rooney
nm5290022,Ayaan Khan
nm5301405,Mia Goth
nm5306953,Gautam Belur
nm5314015,Faysal Ahmed
nm5370515,Mohd. Abbas Khaleeli
nm5376232,Ethan Herisse
nm5381254,Jovan Adepo
nm7153679,Joe Alwyn
nm7155855,Hugo Diego Garcia
nm7160974,Julia Scarlett Dan
nm7164242,Ivy O'Brien
nm7212536,David Denis
nm8337482,Mary Agnes Nixon
nm8401405,Kamal Ani-Bellow
nm0862937,Lawrence Tierney
nm0863885,Riano Tindama
nm0864869,George Tobias
nm0864931,Genevieve Tobin
nm0864997,Stephen Tobolowsky
nm0865286,Sonia Todd
nm0865845,Michael Tolan
nm0867144,Franchot Tone
nm0867282,Philip Tonge
nm0867538,Regis Toomey
nm0867555,Geoffrey Toone
nm0867666,Frank Topham
nm0867694,Topol
nm0868456,David Torrence
nm0869064,José Torvay
nm0869428,Merle Tottenham
nm0870186,Robert Townsend
nm0871287,Henry Travers
nm0871546,Arthur Treacher
nm0871676,Dorothy Tree
nm0871695,Mary Treen
nm0873385,Massimo Troisi
nm0873744,Sam Troughton
nm0874442,Paul Trussell
nm0875861,Forrest Tucker
nm0876451,Tom Tully
nm0876585,Tommy Tune
nm0878888,Richard Tyler
nm0878939,Willie Tyler
nm0880580,Sharon Ullrick
nm0880855,Miyoshi Umeki
nm0881814,Terry Walters
nm0883218,Sarah Vaill
nm0883219,Susan Vaill
nm0884929,Marcelo Valle
nm0886888,Jo Van Fleet
nm0889540,Norma Varden
nm0889846,Jacob Vargas
nm0890215,Diane Varsi
nm0890651,Alberto Vazquez
nm0892867,Evelyn Venable
nm0893204,Diane Venora
nm0893390,Richard Venture
nm0893965,Ben Vereen
nm0894141,Victor Verhaeghe
nm0894524,Karen Verne
nm0894734,Wally Vernon
nm0894802,Vera Voronina
nm0895278,Gerd Vespermann
nm0896538,Florence Vidor
nm0898634,Frank Vincent
nm0899091,Helen Vinson
nm0899521,Michael Visaroff
nm0901044,Karl Michael Vogler
nm0902188,Lenny von Dohlen
nm0902868,Sigrid von Richthofen
nm0903901,Yorgo Voyagis
nm0904446,Tito Vuolo
nm0905554,Julian Wadham
nm0905622,Henry Wadsworth
nm0906940,Raymond Walburn
nm0907905,Josie Walker
nm0907942,Kerry Walker
nm0908063,Nella Walker
nm0908153,Robert Walker
nm0908246,Sydney Walker
nm0908259,Timothy Walker
nm0908322,Zena Walker
nm0908861,Shani Wallis
nm0908914,Dee Wallace
nm0908919,Eli Wallach
nm0909484,Hugh Walpole
nm0909720,Julian Walsh
nm0909930,Pat Walshe
nm0910040,Harriet Walter
nm0910400,Henry B. Walthall
nm0910607,Christoph Waltz
nm0910879,Deming Wang
nm0912001,Jack Warden
nm0912911,Katherine Warren
nm0913095,Ruth Warrick
nm0913107,Paul Warriner
nm0913175,David Warshofsky
nm0913332,Mona Washbourne
nm0913475,John David Washington
nm0913488,Kerry Washington
nm0914209,James Waterston
nm0914519,Bobs Watson
nm0914601,Douglass Watson
nm0914612,Emma Watson
nm0914778,Lucile Watson
nm0915382,Al Waxman
nm0915618,Patrick Wayne
nm0915989,Hugo Weaving
nm0916067,Clifton Webb
nm0916131,Jack Webb
nm0917768,Virginia Weidler
nm0919256,Norbert Weisser
nm0919311,Paul Weissman
nm0920210,Frank T. Wells
nm0920992,David Wenham
nm0921173,David Wenzel
nm0922035,Dominic West
nm0922169,Julia West
nm0922207,Lockwood West
nm0922213,Mae West
nm0922335,Samuel West
nm0922462,John Westbrook
nm0922599,James Westerfield
nm0922671,Floyd 'Red Crow' Westerman
nm0922818,Helen Westley
nm0922927,Celia Weston
nm0922935,David Weston
nm0923610,Kevin Whately
nm0923913,Mark Wheeler
nm0924009,Alison Whelan
nm0924154,Shea Whigham
nm0924916,Jacqueline White
nm0925369,Richard White
nm0925418,Ruth White
nm0925713,O.Z. Whitehead
nm0925966,Bradley Whitford
nm0926013,Leonard Whiting
nm0926086,Isiah Whitlock Jr.
nm0926235,James Whitmore
nm0926338,Peter Whitney
nm0926636,Richard Whorf
nm0927706,Biff Wiff
nm0927846,Natasha Wightman
nm0928134,James Wilby
nm0928672,Robert Wildhack
nm0929489,Tom Wilkinson
nm0929925,Warren William
nm0930209,Cara Williams
nm0930286,Cindy Williams
nm0930711,Guinn 'Big Boy' Williams
nm0930797,Ivory Williams
nm0931404,Olivia Williams
nm0931463,Peter Williams
nm0931508,Rebecca Williams
nm0931525,Rhys Williams
nm0931654,Saul Williams
nm0932112,Mykelti Williamson
nm0932629,Chill Wills
nm0932837,David Wilmot
nm0933161,Charles C. Wilson
nm0933330,Dooley Wilson
nm0933361,Elizabeth Wilson
nm0933840,Mary Louise Wilson
nm0933988,Rainn Wilson
nm0934902,Paul Winfield
nm0935041,Sally Wingert
nm0935345,Kitty Winn
nm0936429,William Wise
nm0936730,Jane Withers
nm0936755,Cora Witherspoon
nm0936874,Kathryn Witt
nm0938372,Donald Wolfit
nm0938464,Louis Wolheim
nm0939931,Peggy Wood
nm0939937,Philip Wood
nm0940052,Tom Wood
nm0940105,Edward Woodall
nm0940158,Bokeem Woodbine
nm0940362,Shailene Woodley
nm0940579,Donald Woods
nm0940946,Joanne Woodward
nm0941056,Emily Woof
nm0941253,Monty Woolley
nm0941316,Jaimz Woolvett
nm0941506,Jo Anne Worley
nm0941683,Irene Worth
nm0941777,Sam Worthington
nm0942046,John Wray
nm0942642,Max Wright
nm0942863,Teresa Wright
nm0943553,Jane Wyatt
nm0943618,Margaret Wycherly
nm0943837,Jane Wyman
nm0943956,Ed Wynn
nm0943978,Keenan Wynn
nm0943986,May Wynn
nm0944073,Dana Wynter
nm0947490,J.R. Yenque
nm0948540,Soo Yong
nm0948544,Michele Yonge
nm0949350,Burt Young
nm0949835,Loretta Young
nm0949876,Mary Young
nm0950079,Stephen Young
nm0950102,Tammany Young
nm0950165,William Allen Young
nm0950912,Yun Ji-hye
nm0950926,Youn Yuh-jung
nm0950958,Victor Sen Yung
nm0951063,Blanche Yurka
nm0954076,Michal Zebrowski
nm0955471,Ziyi Zhang
nm0957480,Moses Znaimer
nm0957909,Ayelet Zurer
nm0958861,Raj Zutshi
nm0959022,Darrell Zwerling
nm0962577,Jessica Kate Meyer
nm0969994,Vincent Radwinsky
nm0973177,Kyle Gallner
nm0974592,Matthew Whittet
nm0989959,Ksenia Solo
nm0990547,Daniel Mays
nm0991810,Mahershala Ali
nm1113550,Abigail Breslin
nm1114723,Toby Meuli
nm1118222,Adam Gopnik
nm1255832,Katherine O'Sullivan
nm1256532,Jon Bernthal
nm1261643,Jeneva Talwar
nm1263131,Max Benitz
nm1263986,Max Pirkis
nm12643818,Brandon Lindsay
nm12676704,Brittney Rodriguez
nm12679952,Alina Brace
nm1269088,David Kross
nm1269412,Anna Maxwell Martin
nm1382210,Sean Mahon
nm1387487,Eric Starkey
nm15343998,Luis Noah Witte
nm15343999,Anastazja Drobniak
nm15344000,Cecylia Pekala
nm15344001,Kalman Wilson
nm15414650,Sophia Carnabuci
nm1542442,Andrew Garman
nm17168498,James Kelley
nm1721196,Eddie Hassell
nm1724319,Sebastian Maniscalco
nm1726032,Rob Morgan
nm1727304,Domhnall Gleeson
nm17286128,Luke Manley
nm2740716,Jim France
nm2753926,Amina Robinson
nm2778904,Suhail Dabbach
nm2788156,Beanie Feldstein
nm2794269,The Buffalo Bills
nm2794962,Hailee Steinfeld
nm2795735,Mark Fichera
nm2796336,Wai Chan
nm2796342,Danielle Skraastad
nm2796810,Jill Quigg
nm2809577,Jenny Slate
nm2829737,Gabourey Sidibe
nm2835616,Dean-Charles Chapman
nm2837872,Xosha Roquemore
nm2837910,Stephanie Andujar
nm2851789,Alice Orr-Ewing
nm2854564,Ailidh Mackay
nm2857778,Janet Montgomery
nm4689420,Carrie Coon
nm4714847,Kim Gennaula
nm4734214,Gary Owens
nm4755789,Carmen Kaichi
nm4755981,Grace A. Cruz
nm4793987,Issa Rae
nm6037256,Aaron Hilmer
nm6073955,Florence Pugh
nm6076229,Alana Haim
nm6077951,Tom Glynn-Carney
nm6079248,Choi Woo-sik
nm6130314,May Lindstrom
nm6134381,Kiha Chang
nm6172461,Momma Cherri
nm7415871,Noah Jupe
nm7434523,Catherine Cohen
nm7504534,Aadyn Encalarde
nm7506216,Melaw Nakehk'o
nm7573227,Marlon Williams
nm8958189,Adnan Kundi
nm8958770,Paul Mescal
nm8973640,Shayna McHayle
nm8997849,Lilly-Rose Stevens
nm9057758,Caleb Reynolds
nm9078712,Ramontay McConnell
nm0645941,Warner Oland
nm0646915,Larry Oliver
nm0646983,Rochelle Oliver
nm0647921,James Olson
nm0647970,Nancy Olson
nm0648249,Timothy Olyphant
nm0648448,Mutia Omoolu
nm0648913,Lupe Ontiveros
nm0650995,Frank Orth
nm0651159,John Ortiz
nm0653188,Rafaela Ottiano
nm0653239,Frank Otto
nm0653942,Frank Overton
nm0654295,Alfie Allen
nm0654433,Patricia Owens
nm0654648,David Oyelowo
nm0655693,Manuel Padilla Jr.
nm0656105,Anita Page
nm0656175,Gale Page
nm0656303,Patti Page
nm0656428,Debra Paget
nm0656727,Mabel Paige
nm0656929,Josh Pais
nm0656980,Nestor Paiva
nm0658336,Leland Palmer
nm0658646,Carlo Palmucci
nm0659573,Stuart Pankin
nm0661311,Aurelien Parent Koenig
nm0661577,Jerry Paris
nm0662118,Cecilia Parker
nm0663174,Charles Parnell
nm0663678,Natasha Parry
nm0663820,Estelle Parsons
nm0664273,Cornel Wilde
nm0664687,Frédéric de Pasquale
nm0665123,Robert Pastorelli
nm0665327,Michael Pate
nm0665850,Gail Patrick
nm0665886,Lee Patrick
nm0666097,Robert Patten
nm0666247,James Patterson
nm0667133,Morgan Paull
nm0668110,Collin Wilcox Paxton
nm0668361,John Payne
nm0668855,E.J. Peaker
nm0669033,Patricia Pearcy
nm0669046,Barry Pearl
nm0669396,Ted Pearson
nm0669826,Eileen Pedde
nm0671234,Clifford A. Pellow
nm0671462,Antonia Pemberton
nm0671567,Michael Peña
nm0672225,Bob Penny
nm0672545,Lola Peploe
nm0672621,Vicki Pepperdine
nm0674782,Harold Perrineau
nm0676349,Brock Peters
nm0676492,Jean Peters
nm0676688,Susan Peters
nm0677037,Bob Peterson
nm0677125,Dorothy Peterson
nm0679539,Jo Ann Pflug
nm0680097,Lee Philips
nm0680102,Mary Philips
nm0680139,John Philliber
nm0680317,Conrad Phillips
nm0680603,Mackenzie Phillips
nm0680881,Wendy Phillips
nm0680916,Ambrosine Phillpotts
nm0680983,Elliot Page
nm0681635,Irving Pichel
nm0682000,Molly Picon
nm0682074,Walter Pidgeon
nm0682300,Bradley Pierce
nm0683114,Tempe Pigott
nm0683467,Alison Pill
nm0684187,Joe Pingue
nm0686014,Lisa Renee Pitts
nm0686032,Zasu Pitts
nm0686502,Valerie Planche
nm0686885,Marc Platt
nm0687146,Jesse Plemons
nm0687999,Roman Podhora
nm0689318,Oscar Polk
nm0690837,Gordon Poole
nm0691928,Robert Portal
nm0693449,Nell Potts
nm0693957,Mark Povinelli
nm0694066,Clifton Powell
nm0694090,Dick Powell
nm0694302,Russ Powell
nm0694631,Tom Powers
nm0695435,Chris Pratt
nm0695461,Harrison Pratt
nm0695525,Purnell Pratt
nm0695937,Otto Preminger
nm0696193,Harve Presnell
nm0696387,Carrie Preston
nm0696430,J.A. Preston
nm0696481,Robert Preston
nm0696679,Marie Prevost
nm0698764,Robert Prosky
nm0698789,Joe Prospero
nm0698985,Jed Prouty
nm0700072,Willard E. Pugh
nm0700180,Eva Puig
nm0701500,Denver Pyle
nm0701512,Missi Pyle
nm0701776,Georges Péclet
nm0702841,Ke Huy Quan
nm0703362,Mae Questel
nm0703508,Juanita Quigley
nm0703600,Eddie Quillan
nm0703910,Kimberly Quinn
nm0703947,Patricia Quinn
nm0705152,Paul Raci
nm0705680,Kenneth Radley
nm0706162,Alex Rafalowicz
nm0706256,Chips Rafferty
nm0706533,Rags Ragland
nm0706770,Umberto Raho
nm0707023,Luise Rainer
nm0707077,Ford Rainey
nm0707720,Tommy Rall
nm0707771,Jessie Ralph
nm0707926,Jack Ramage
nm0708081,Marjorie Rambeau
nm0708147,Emil Rameau
nm0708200,Ed Ramey
nm0708260,Anthony Ramirez
nm0709210,Carlos Ramírez
nm0709615,John Randall
nm0709907,John Randolph
nm0710019,Jerome Ranft
nm0710250,Gilman Rankin
nm0710271,Kevin Rankin
nm0710829,Anthony Rapp
nm0711566,Mikhail Rasumny
nm0711855,Gregory Ratoff
nm0711864,Devin Ratray
nm0712615,Margaret Rawlings
nm0713469,Julia Rayner
nm0714232,Ann Rebbot
nm0714681,Billy Redden
nm0714874,Corin Redgrave
nm0714876,Jemma Redgrave
nm0715314,Ben Reed
nm0715622,Pamela Reed
nm0715698,Steve Reed
nm0715738,Vern Reed
nm0716039,Larry Reese
nm0716188,Dianne Reeves
nm0717203,Carl Benton Reid
nm0718237,Ann Reinking
nm0718619,Douglas Reith
nm0719121,Duncan Renaldo
nm0719682,Guy Rennie
nm0720843,Anne Revere
nm0721728,Gene Reynolds
nm0721798,John W. Reynolds
nm0722315,Barbara Rhoades
nm0722424,Erik Rhodes
nm0722438,Grandon Rhodes
nm0722629,Matthew Rhys
nm0722636,John Rhys-Davies
nm0723579,Sebastian Rice-Edwards
nm0723590,Allan Rich
nm0723658,Irene Rich
nm0723935,Addison Richards
nm0723968,Beah Richards
nm0724143,Jeff Richards
nm0724673,Lee Richardson
nm0725021,Charles Richman
nm0725052,Peter Mark Richman
nm0725543,Don Rickles
nm0726492,Ron Rifkin
nm0726900,Lucia Rijker
nm0727104,Larry Riley
nm0727640,Erika Ringor
nm0728812,Thelma Ritter
nm0729032,Carlos Rivas
nm0729256,Emilio Rivera
nm0729991,Bert Roach
nm0730168,Sam Robards
nm0731079,Eric Roberts
nm0731095,Florence Roberts
nm0731426,Michael D. Roberts
nm0731634,Tony Roberts
nm0731772,Cliff Robertson
nm0731826,Elise Robertson
nm0732062,Willard Robertson
nm0732152,Kim Robillard
nm0732430,Bruce Robinson
nm0732457,Charles Robinson
nm0732552,Dewey Robinson
nm0732703,James Robinson
nm0732717,Jay Robinson
nm0733480,May Robson
nm0734236,Charles Rocket
nm0734276,Jeffrey Rockland
nm0734849,Merrill Rodin
nm0735366,Jordan Rodrigues
nm0735538,Valente Rodriguez
nm0736263,Daniel Roebuck
nm0736622,Seth Rogen
nm0737253,Walter Rogers
nm0737259,Will Rogers
nm0738042,Gilbert Roland
nm0738415,Howard E. Rollins Jr.
nm0740264,Michael Rooker
nm0740535,Stephen Root
nm0743218,Anthony Ross
nm0743841,Shirley Ross
nm0744834,Eli Roth
nm0744917,Lillian Roth
nm0746896,Richard Roxburgh
nm0747413,Selena Royle
nm0747479,Gregory Rozakis
nm0747962,Jan Rubes
nm0748620,Paul Rudd
nm0749021,Kristin Rudrüd
nm0749456,Allelon Ruggiero
nm0749476,Charles Ruggles
nm0751174,Harold Russell
nm0751946,Ann Rutherford
nm0752406,Amanda Ryan
nm0752407,Amy Ryan
nm0753068,Christopher Rydell
nm0753103,Eddie Ryder
nm0753314,Mark Rylance
nm1084394,Charles Armstrong
nm1086543,Amanda Seyfried
nm10867763,Moon Seung-ah
nm10910136,Alan Kim
nm1092227,Sienna Miller
nm10942337,Noel Cho
nm12299991,Milo Machado-Graner
nm1235530,Michael Urie
nm1239499,Rory Kinnear
nm1428429,Timer the Dog
nm1431940,Evangeline Lilly
nm14328297,Oliver Farrelly
nm1433588,Jim Parsons
nm1591496,Mike Colter
nm1596350,Nawazuddin Siddiqui
nm1597010,Marjorie Estiano
nm2457436,Thomas Loibl
nm2466842,Quinton Aaron
nm2474626,Ana Cruz Kayne
nm2476558,David Paul Olsen
nm2492819,Rosie Huntington-Whiteley
nm2505304,Sean Bott
nm2517511,Casey Groves
nm2518296,Edin Hasanovic
nm2535022,Philip King
nm2548122,Michael Marcus
nm2552034,Melissa Benoist
nm2553988,Pip Carter
nm2554070,Luke Brandon Field
nm2557308,Patrick Mapel
nm2577076,Lil Rel Howery
nm2578315,Adriana Paz
nm2581521,Austin Butler
nm2584861,Toby Leonard Moore
nm3812858,Ariana Grande
nm3818969,David Turner
nm3825855,Joshua Burge
nm3837786,Amara Miller
nm3843467,Odeya Rush
nm3849928,Nadej K. Bailey
nm3858973,Ramy Youssef
nm3864163,Raffey Cassidy
nm3880181,Abbey Lee
nm3901910,George Santopietro
nm3918035,Zendaya
nm3923953,Mickey O'Keefe
nm4815306,Layla Crawford
nm4832920,Quvenzhané Wallis
nm4833412,Dwight Henry
nm4834815,Monica Barbaro
nm4853568,Ayush Tandon
nm4861346,Algee Smith
nm4863882,Nicholas Clark
nm4864612,Pamela Harper
nm4864745,Amber Henry
nm4896770,Sam Malone
nm4914253,Julie Vollono
nm4942919,Tito Blasco
nm4948519,Daniel Huttlestone
nm6195774,Dominique Fishback
nm6240141,Sophie Perry
nm6253548,Julia Butters
nm6254064,Stavros Halkias
nm6292935,Andrene Ward-Hammond
nm6328300,Winston Duke
nm6341515,Hari Nef
nm6347377,Suzy Lopes
nm7779500,Darcy Bryce
nm7791600,Alexandra Santini
nm7852444,Jadyn Malone
nm7852691,Molly B. Thomas
nm7887725,Fionn Whitehead
nm7912529,Carmen Cusack
nm0428065,Felicity Jones
nm0428121,Gemma Jones
nm0428216,Henry Jones
nm0428354,Jennifer Jones
nm0428736,Marcia Mae Jones
nm0428923,Nathan Jones
nm0428933,Nicholas Jones
nm0429250,Shirley Jones
nm0429363,Toby Jones
nm0429853,Bobby Jordan
nm0430107,Michael B. Jordan
nm0430460,Victor Jory
nm0430870,Allyn Joslyn
nm0431139,Louis Jourdan
nm0431451,Robert Joy
nm0434759,Wolf Kahler
nm0435218,Terry Kiser
nm0436001,Helena Kallianiotes
nm0436835,Felix Kammerer
nm0437304,Eddie Kane
nm0438463,Anil Kapoor
nm0438833,Elena Karam
nm0439988,Ève Karpf
nm0440661,Harold Kasket
nm0441251,Katherine Kath
nm0441302,Robert Katims
nm0441537,Andreas Katsulas
nm0442512,Caroline Kava
nm0443016,Charles Kay
nm0443286,David Kaye
nm0443584,Sandra Kazan
nm0443856,James Keane
nm0444321,Lila Kedrova
nm0444476,Howard Keel
nm0444528,Ruby Keeler
nm0444700,Christopher J. Keene
nm0444955,Jack Kehoe
nm0445139,Andrew Keir
nm0445246,Ian Keith
nm0446037,Mike Kellin
nm0446120,John Kellogg
nm0446374,Emmett Kelly
nm0446404,George Kelly
nm0446769,Paul Kelly
nm0447125,Pert Kelton
nm0447601,Jo Kendall
nm0447695,Anna Kendrick
nm0447913,Arthur Kennedy
nm0448012,Edgar Kennedy
nm0448058,Graham Kennedy
nm0448252,Mimi Kennedy
nm0448587,Jon Kenny
nm0448836,Robert Kent
nm0450810,Evelyn Keyes
nm0451600,Anupam Kher
nm0452128,Guy Kibbee
nm0453025,Nancy Kilgas
nm0453701,Suzanna Kim
nm0454134,Kimursi
nm0454236,Richard Kind
nm0454487,Betty King
nm0454558,Charles King
nm0454596,Claude King
nm0454878,John 'Dusty' King
nm0455389,Wright King
nm0455893,Leonid Kinskey
nm0455945,Stephen Kinyanjui
nm0456660,Mauriel Kirkland
nm0457655,Michael Kitchen
nm0458528,Rick Kleber
nm0459217,Paul Klementowicz
nm0459252,Werner Klemperer
nm0460206,Brian Klugman
nm0460435,Judy Knaiz
nm0460651,Hildegard Knef
nm0460969,June Knight
nm0461136,Keira Knightley
nm0461549,Patric Knowles
nm0462169,Nicholas Kobliansky
nm0463282,Kurt Koehler
nm0464131,Scott Kolk
nm0464137,Henry Kolker
nm0464522,Jacek Koman
nm0466773,Bob Kortman
nm0467085,Jerzy Kosinski
nm0469103,Jeroen Krabbé
nm0469552,Jeffrey Kramer
nm0469656,Rony Kramer
nm0469852,Evelyn Krape
nm0470981,Thomas Kretschmann
nm0472557,Alma Kruger
nm0472603,Otto Kruger
nm0473228,Hardy Krüger
nm0476040,Marcia Jean Kurtz
nm0476378,Dylan Kussman
nm0476609,Sylvia Kuumba Williams
nm0477492,Anna Kyriakou
nm0477981,Diana Körner
nm0479011,Jack La Rue
nm0479951,Ronald Lacey
nm0480784,Patricia Laffan
nm0481618,Bert Lahr
nm0482466,James Lally
nm0482851,Phil LaMarr
nm0483677,Molly Lamont
nm0483766,Jake LaMotta
nm0483787,Dorothy Lamour
nm0484439,David Landau
nm0484653,Muriel Landers
nm0485950,Sihung Lung
nm0485977,Glenn Langan
nm0486136,Hope Lange
nm0486387,Frances Langford
nm0486946,Georges Lannes
nm0487140,William Lanteau
nm0488267,Bryan Larkin
nm0488271,Chris Larkin
nm0488953,Brie Larson
nm0490477,Ellen Latzen
nm0491048,Stan Laurel
nm0491590,Ed Lauter
nm0492342,John Phillip Law
nm0492566,Sean Lawlor
nm0492631,Barbara Lawrence
nm0492948,Mittie Lawrence
nm0493026,Stanley Lawrence
nm0493365,Frank Lawton
nm0494432,Paul Le Mat
nm0496843,Auriol Lee
nm0497004,Ching Wah Lee
nm0498571,Andrea Leeds
nm0498734,Paul Lees
nm0499791,Fredric Lehne
nm0499792,John Lehne
nm0500021,Fritz Leiber
nm0500038,Ron Leibman
nm0501125,William LeMassena
nm0501435,Kasi Lemmons
nm0502015,Harry Lennix
nm0502180,Adriane Lenox
nm0502425,Melissa Leo
nm0502450,Annie Leon
nm0503266,Ray LePere
nm0504125,Joan Leslie
nm0504353,George Lessey
nm0504423,Bruce Lester
nm0504492,Mark Lester
nm0504803,Al Lettieri
nm0504832,Tracy Letts
nm0505150,Daniel Levins
nm0505157,Oscar Levant
nm0505971,Ted Levine
nm0506204,Amy Levitt
nm0506616,Shmuel Levy
nm0507207,Gary Lewis
nm0508329,Fazeng Li
nm0509263,Nikolaj Lie Kaas
nm0512229,Helen Lindsay
nm0512267,Margaret Lindsay
nm0512437,Pierre Lindstedt
nm0512960,Betty Linley
nm0513520,Maureen Lipman
nm0513731,Dennis Lipscomb
nm0514344,John Litel
nm0514707,Lucien Littlefield
nm0515967,Doris Lloyd
nm0515973,Emily Ann Lloyd
nm0516003,Harry Lloyd
nm0516906,Danny Lockin
nm0517099,John Lodge
nm0517444,Carey Loftin
nm0517480,Cecilia Loftus
nm0518057,Giuliana Lojodice
nm0518323,Michael Lombard
nm0518511,Domenick Lombardozzi
nm0518856,Nick Long Jr.
nm0520164,Perry Lopez
nm0521118,Leota Lorraine
nm0521300,Tilly Losch
nm0521937,Anita Louise
nm0521974,Todd Louiso
nm0522281,Bessie Love
nm0522401,Phyllis Love
nm0522503,Laura Lovelace
nm0522590,Ray Lovelock
nm0522797,Chuck Low
nm0523287,John Patrick Lowrie
nm0524197,Josh Lucas
nm0524223,Lisa Lucas
nm0524308,William Lucas
nm0524803,Arnold Lucy
nm0525052,Salem Ludwig
nm0525281,James Lugton
nm0525601,Keye Luke
nm0525921,Joanna Lumley
nm0525973,Richard Lumsden
nm0526019,Diego Luna
nm0526058,Margarito Luna
nm0526724,Cherie Lunghi
nm0526985,Patti LuPone
nm0527994,Gary Lydon
nm0528705,Jeffrey Lynn
nm0530151,Irene Olga López
nm0531385,Donald MacBride
nm0531756,Ian MacDonald
nm0531776,Jeanette MacDonald
nm0531808,Kelly Macdonald
nm0532180,Elizabeth Macey
nm0532193,Matthew Macfadyen
nm0532298,Ali MacGraw
nm0532343,Lee MacGregor
nm0532376,Marlena MacGuire
nm0532815,Angus MacInnes
nm0533247,Kenneth MacKenna
nm0533323,J.C. MacKenzie
nm0533692,Barton MacLane
nm0533942,Eanna MacLiam
nm0533956,Aline MacMahon
nm0533979,John McMartin
nm0534085,Robert MacNaughton
nm0534151,Béatrice Macola
nm0534281,Elizabeth MacRae
nm0535861,Patrick Magee
nm0535900,Adrian Ross Magenty
nm1102577,Elle Fanning
nm1104131,Danny McBride
nm1107001,Anthony Mackie
nm1197574,Cinda Adams
nm1197689,Sandra Hüller
nm1200732,Emma Lowe
nm1203457,Lyndsey Marshal
nm12066036,Domenico Toledo
nm12083918,Seo Yeon-Woo
nm1209545,Laverne Cox
nm1209966,Oscar Isaac
nm1337350,Jay Ellis
nm13397629,Garrett Cassell
nm1495520,Caitríona Balfe
nm1497570,Paul Rae
nm1499282,Edward Hamilton-Clark
nm15006493,Joálisson Cunha
nm16399319,Jase Stidwell
nm16399320,Ethan Cole Sharp
nm16399323,Ky'druis Follins
nm1641251,Riki Lindhome
nm16434627,Vanessa Eng
nm16453200,Gaël Murguia-Fur
nm16453204,Tirso Pietriga
nm16508795,Bruno Novelli
nm2060047,Patricia Hastie
nm2060857,Phaldut Sharma
nm2105612,Victor Reyes
nm2133230,Lachlan Mackintosh
nm2142336,Riley Keough
nm2143282,Lupita Nyong'o
nm2164690,Jacob Tolano
nm2167957,Paul Anderson
nm3267184,Mandla Gaduka
nm3271473,Austin Stowell
nm3303059,Tallie Medel
nm3307802,Dinah Nicholson
nm3310289,Daniel Durant
nm3340597,Betty Gabriel
nm3344292,Greg Hildreth
nm3363398,Hunter Burke
nm3381295,Alexandra Shipp
nm4960279,Margaret Qualley
nm4972453,Olivia Cooke
nm4973460,Victoire Du Bois
nm4975049,Kristin K. Berg
nm4996892,Joseph Brown
nm5005121,Julia Greer
nm5007768,Da'Vine Joy Randolph
nm5012884,Chris Perfetti
nm5016878,Jacob Tremblay
nm5036214,Ahn Min-yeong
nm5036858,Cara Jade Myers
nm5037475,Billy Postlethwaite
nm5046593,Amy Forsyth
nm5052065,Ansel Elgort
nm5057169,Thomasin McKenzie
nm5072010,Damson Idris
nm6887408,Finlay Wright-Stephens
nm6919812,Josef Davies
nm6965883,Jordan Rice
nm6965925,Mikeria Howard
nm6995530,Antoine Reinartz
nm7043362,Ebony Billups
nm8610123,Khushi Solanki
nm8610124,Shankar Nisode
nm8611957,Yalitza Aparicio
nm8611958,Daniela Demesa
nm8620050,Najah Bradley
nm8624059,Jacob Elordi
nm8629338,Jimmie Fails
nm8641311,Ralph Colucci
nm8747928,Vanda Capriolo
nm8747929,Antonio Rimoldi
nm9948845,Diego Cortina Autrey
nm9985727,Carlos Peralta
nm9985728,Verónica García
nm9985729,Andy Cortés
nm9987228,Archie Yates
nm9992085,Fernando Grediaga
nm0104594,Larry Brandenburg
nm0106998,Peter Breitmayer
nm0107151,El Brendel
nm0107261,Brid Brennan
nm0107281,Eileen Brennan
nm0107419,Tom Brennan
nm0107631,Edmund Breon
nm0107702,Susan Breslau
nm0107950,Jeremy Brett
nm0108511,Fanny Brice
nm0108703,Sean Bridgers
nm0109034,Harlan Briggs
nm0109063,Matt Briggs
nm0109773,David Brisbin
nm0109877,Virginia Brissac
nm0110480,Peter Brocco
nm0110755,Gladys Brockwell
nm0110813,Helen Broderick
nm0111013,Adam Brody
nm0111376,Eleanor Bron
nm0111612,Clive Brook
nm0111754,Walter Brooke
nm0111919,Clarence Brooks
nm0111954,Dean R. Brooks
nm0112029,Arlene Farber
nm0112119,Lola Brooks
nm0112198,Phyllis Brooks
nm0112390,Anthony Brophy
nm0113000,Alonzo Brown
nm0113072,Barbara Brown
nm0113474,Dwier Brown
nm0113769,James Brown
nm0113867,Joe Brown
nm0114361,Norman Patrick Brown
nm0114484,Raymond Brown
nm0114612,Russ Brown
nm0114790,Timothy Brown
nm0114805,Tom Brown
nm0114847,Vanessa Brown
nm0115038,Leslie Browne
nm0115311,Robert Broyles
nm0115597,Virginia Bruce
nm0115760,Amanda Brugel
nm0116257,Carla Bruni
nm0116575,Philip Bruns
nm0117412,Hugh Keays-Byrne
nm0117709,Daniel Brühl
nm0118000,Edgar Buchanan
nm0118552,John Buckler
nm0119728,Donald Buka
nm0120557,Herbert Bunston
nm0121119,Michael J. Burg
nm0121282,Dorothy Burgess
nm0121386,Arthur Burghardt
nm0121400,Gary Burghoff
nm0121559,Robert John Burke
nm0121707,James Burke
nm0121753,Kathleen Burke
nm0121793,Marylouise Burke
nm0121972,Gedeon Burkhard
nm0122653,Edward Burns
nm0123249,Bill Burrows
nm0123579,Frederick Burton
nm0123632,Kate Burton
nm0123994,Mae Busch
nm0124079,Timothy Busfield
nm0124100,Billy Green Bush
nm0124139,James Bush
nm0124333,Akosua Busia
nm0124877,David Butler
nm0125637,Jackamoe Buzzell
nm0126081,William D. Byrd
nm0126260,P.J. Byrne
nm0127373,Louis C.K.
nm0128360,Adolph Caesar
nm0128573,Jeanne Cagney
nm0129749,L. Scott Caldwell
nm0129807,Zoe Caldwell
nm0129894,Louis Calhern
nm0130282,K Callan
nm0130797,E.H. Calvert
nm0130890,John Calvin
nm0131235,Christian Camargo
nm0131713,Rod Cameron
nm0131966,Bill Camp
nm0131985,Hamilton Camp
nm0132293,Cheryl Campbell
nm0132808,Rob Campbell
nm0132955,Frank Campeau
nm0134072,Bobby Cannavale
nm0134493,Giorgio Cantarini
nm0134594,Cantinflas
nm0134922,Peter Capaldi
nm0136563,Hélène Cardona
nm0136797,Steve Carell
nm0136994,Macdonald Carey
nm0137023,Philip Carey
nm0137393,Claire Carleton
nm0137506,George Carlin
nm0137567,Paolo Carlini
nm0137681,Johann Carlo
nm0137999,Richard Carlson
nm0138479,Tullio Carminati
nm0138885,Morris Carnovsky
nm0139380,John Carpenter
nm0139642,Charmian Carr
nm0140739,Beeson Carroll
nm0140863,Joan Carroll
nm0140906,Lisa Hart Carroll
nm0141622,Frank Carter Jr.
nm0142145,Angela Cartwright
nm0143918,Peggy Cass
nm0144252,Ted Cassidy
nm0144710,Richard S. Castellano
nm0145270,Gene Castle
nm0145284,John Castle
nm0146928,Hobart Cavanaugh
nm0147248,Joseph Cawthorn
nm0148418,Michael Cera
nm0148974,Gino Cervi
nm0149923,Feodor Chaliapin Jr.
nm0150166,Howland Chamberlain
nm0150330,Faune Chambers Watkins
nm0151419,Kyle Chandler
nm0152430,Kevin Chapman
nm0153366,Jordan Charney
nm0153750,Duane Chase
nm0154183,Ruth Chatterton
nm0154352,Emile Chautard
nm0154530,Andrew Chavez
nm0155011,Michael Chekhov
nm0155043,Jack Creley
nm0156005,André Cheron
nm0156827,Katherine Krapum Chey
nm0160417,Virginia Christine
nm0160550,Dennis Christopher
nm0160988,Art Chudabala
nm0162541,Charles Cioffi
nm0162557,Augusta Ciolli
nm0163257,Ina Claire
nm0163412,W. Clapham Murray
nm0163818,Daniel Clark
nm0163939,Fred Clark
nm0164314,Dante Posani
nm0164809,Jason Clarke
nm0165049,Warren Clarke
nm0165101,Patricia Clarkson
nm0165852,John F. Cleary
nm0165909,Zelda Cleaver
nm0166061,Christian Clemenson
nm0166265,Stanley Clements
nm0166359,David Clennon
nm0166843,Georgia Ann Cline
nm0166979,John Clive
nm0167032,Gustav von Seyffertitz
nm0167340,Martin Clunes
nm0168262,Rory Cochrane
nm0168627,Barry Coe
nm0168642,George Coe
nm0169806,Taika Waititi
nm0170225,Nicholas Colasanto
nm0170552,George Cole
nm0170969,Charles Coleman
nm0170976,Charlotte Coleman
nm0171166,Nancy Coleman
nm0171873,William Collier Jr.
nm0171937,Maggie Collier
nm0172048,Patricia Collinge
nm0172318,G. Pat Collins
nm0172615,Ray Collins
nm0172884,Booth Colman
nm0174403,Kerry Condon
nm0174870,Marie Conmee
nm0174983,Gaelan Connell
nm0175814,Frances Conroy
nm0175826,Jarlath Conroy
nm0176073,Michael Constantine
nm0176851,Robert Coogan
nm0176879,Elisha Cook Jr.
nm0177678,Deirdre Costello
nm0177879,Ben Cooper
nm0177896,Bradley Cooper
nm0177933,Chris Cooper
nm0178052,George Cooper
nm0178114,Jackie Cooper
nm0178311,Phillip Cooper
nm0179224,Barry Corbin
nm0179317,Brian Corcoran
nm0179591,Harry Cording
nm0180411,Abbie Cornish
nm0180984,Kevin Corrigan
nm0181077,Frank Corsaro
nm0181174,William Corson
nm0181288,Joe Cortese
nm0181691,Sean Cory
nm0181736,Ronnie Cosby
nm0181920,James Cosmo
nm0181960,Ernest Cossart
nm0182537,Dolores Costello
nm0182538,Don Costello
nm0182661,Nicolas Coster
nm0182839,Marion Cotillard
nm0183459,George Coulouris
nm0183857,Jerome Courtland
nm0184578,Jerome Cowan
nm0184662,Herbert 'Cowboy' Coward
nm0184698,Brendan Cowell
nm0184840,Bruce Cowling
nm0184978,Danielle Cox
nm0184981,Darryl Cox
nm0185611,Michael Crabtree
nm0185819,Daniel Craig
nm0185871,Helen Craig
nm0185883,James Craig
nm0185953,May Craig
nm0186347,Fred Crane
nm0186408,Norma Crane
nm0186505,Bryan Cranston
nm0186600,Frank Craven
nm0186903,Michael Crawford
nm0187284,Laird Cregar
nm0187711,Laura Hope Crews
nm0187724,Wendy Crewson
nm0187886,Isa Crino
nm0187914,Kernan Cripps
nm0187957,Walter Crisham
nm0188050,Linda Cristal
nm0188520,Declan Croghan
nm0188673,Richard Cromwell
nm0188949,Alison Crosbie
nm0189200,Joseph Cross
nm0189661,Sara Crowe
nm0189887,Marie-Josée Croze
nm0191358,Rod Culbertson
nm0191442,Brett Cullen
nm0191741,Michael Culver
nm0191783,Ji-Tu Cumbuka
nm0191784,Mwako Cumbuka
nm0191944,Quinn Cummings
nm0191950,Robert Cummings
nm0192258,Cecil Cunningham
nm0192801,Roland Curram
nm0193295,Cliff Curtis
nm0193321,Donald Curtis
nm0193591,Jorja Curtright
nm0195073,Jacques d'Amboise
nm0195421,Brian d'Arcy James
nm0195422,Alexander D'Arcy
nm0195439,James D'Arcy
nm0196247,Howard Da Silva
nm0197689,Esther Dale
nm0198241,Audrey Dalton
nm0198847,Lili Damita
nm0199322,Karl Dane
nm0199553,Starr Danias
nm0199841,Bebe Daniels
nm0200113,Walker Daniels
nm0200122,William Daniels
nm0200230,Alexandra Danilova
nm0200452,Paul Dano
nm0200488,Cesare Danova
nm0201227,Frank Darien
nm0201626,James Darren
nm0201690,John Darrow
nm0201700,Tony Darrow
nm0202375,Carrie Daumery
nm0202638,Nigel Davenport
nm0202966,Keith David
nm0203076,Thayer David
nm0204113,Owen Davis Jr.
nm0204687,Harry Davis
nm0205626,Viola Davis
nm0206742,Charles Dayton
nm0208659,Sam De Grasse
nm0209428,Frances de la Tour
nm0211920,Marina de Tavira
nm10274701,Medusa Knopf
nm1035423,Karla Sofía Gascón
nm10354428,Jack Barton
nm10399505,Rachel Zegler
nm10399506,Josh Rivera
nm13154324,Sylvia Flote
nm13154325,Sophie Kauer
nm13165571,Dexter Demme
nm13165572,River Cornwell
nm13165573,Harrison Bray
nm1316767,Dallas Roberts
nm1318578,Tannishtha Chatterjee
nm1319274,Troy Kotsur
nm1324324,Luke Spill
nm1324634,Welsh Singers
nm1325419,Kristen Wiig
nm14740849,Rob Price
nm14754352,Lilli Falk
nm1477818,David Wilson Barnes
nm1482833,John Lawrence
nm1484270,Harry Shum Jr.
nm1485036,Kunal Sharma
nm1654982,Teo Yoo
nm16551487,Bobby Driscoll
nm16569884,Eva Wishart
nm16569885,Zac Wishart
nm1658935,Jack Huston
nm16595142,Marc T. Lewis
nm1659547,Carey Mulligan
nm16598860,J. Carmen Galindez Barrera
nm1663205,Sharlto Copley
nm1748634,Lucian Msamati
nm3388331,Shelley Waggener
nm3390180,Basher Savage
nm3392525,Eugene Khumbanyiwa
nm3422941,Jeremy Leary
nm3423667,Elie Docter
nm3441508,Christopher Sayegh
nm3454164,Lauren Sweetser
nm3459382,Christopher Mele
nm3477129,Albrecht Schuch
nm3478396,Luke Bracey
nm3485153,James Northcote
nm3493212,Isaiah Stone
nm3513533,Stephanie Hsu
nm3516014,William White
nm3518149,Valerie Richards
nm4523607,Zarrin Darnell-Martin
nm4554786,Emma Henry
nm4554932,Eleanor Henry
nm4561559,Renate Reinsve
nm4569790,Egon Brandstetter
nm4576311,Mike Faist
nm4576371,Sunita Mani
nm4609822,Olivia DeJonge
nm4613862,Julian Tepper
nm4623597,Oscar Lesage
nm5681790,Jacob Warner
nm5700898,Mikey Madison
nm5709125,Ritu Arya
nm5711137,Hugh Gormley
nm5724788,Ethan Slater
nm5730649,Lewis Pullman
nm5744538,Lee Jeong-eun
nm5754425,Cory Michael Smith
nm5831542,Barkhad Abdi
nm5831543,Barkhad Abdirahman
nm5831544,Mahat M. Ali
nm5841958,Marco Graf
nm7616095,Jung Ji-so
nm7683379,Alex R. Hibbert
nm7683380,Jaden Piner
nm7737266,Roman Guerriero
nm9620384,Adrian Grünewald
nm0536723,Valerie Mahaffey
nm0536850,Joseph Maher
nm0536866,Matthew Maher
nm0537685,Marjorie Main
nm0538259,Rachel Majorowski
nm0539562,Art Malik
nm0540595,Peter Maloney
nm0541082,Zosia Mamet
nm0541200,Frankie Man
nm0542706,Danny Mann
nm0542858,Lisa Mann
nm0542915,Paul Mann
nm0543287,Irene Manning
nm0544064,Joe Mantell
nm0544611,William Mapother
nm0544718,Kate Mara
nm0546712,Margo
nm0546755,Janet Margolin
nm0546816,Miriam Margolyes
nm0547975,George F. Marion
nm0549280,Hugh Marlowe
nm0549288,Jo Ann Marlowe
nm0549557,Joe Maross
nm0550191,John Marriott
nm0550318,Kenneth Mars
nm0550371,Eddie Marsan
nm0550429,Betty Marsden
nm0550620,Marian Marsh
nm0550626,Michele Marsh
nm0550855,E.G. Marshall
nm0551323,Ania Marson
nm0551502,K.C. Martel
nm0552327,George Martin
nm0552815,Millicent Martin
nm0552897,Peter Martin
nm0553163,Trevor Martin
nm0555500,Elizabeth Marvel
nm0557751,Peter Masterson
nm0558569,Murray Matheson
nm0558618,Carmen Mathews
nm0559977,Dakin Matthews
nm0560091,Lester Matthews
nm0560443,Matt Mattox
nm0560756,Billy Mauch
nm0561157,Tami Mauriello
nm0561693,Edwin Maxwell
nm0562679,Peter Mayhew
nm0562920,Virginia Mayo
nm0564059,Marianne McAndrew
nm0564215,James McAvoy
nm0564502,Ruth McCabe
nm0564525,Frankie McCafferty
nm0564790,Mercedes McCambridge
nm0565336,Tom McCarthy
nm0565494,Colleen McCauley
nm0566584,Myron McCormick
nm0566685,Malla McCown
nm0566687,Pamela McCown
nm0566783,Matt McCoy
nm0567031,Helen McCrory
nm0567184,David McCullough
nm0567408,Hattie McDaniel
nm0567769,Garry McDonald
nm0568491,John McEnery
nm0569079,Jack McGee
nm0569226,Bruce McGill
nm0569336,Sean McGinley
nm0569410,John McGiver
nm0569841,Maeve McGrath
nm0569902,Charles McGraw
nm0570192,Dorothy McGuire
nm0570615,John McIntire
nm0571337,Breffni McKenna
nm0571430,Siobhan McKenna
nm0571630,Doug McKeon
nm0571853,Bill McKinney
nm0571952,Kate McKinnon
nm0571964,Ray McKinnon
nm0572142,Victor McLaglen
nm0572217,Hollis McLaren
nm0573299,Kenneth McMillan
nm0573406,Tim McMullan
nm0573640,Stephen McNally
nm0573704,Maggie McNamara
nm0574670,Eve McVeagh
nm0575339,Julio Oscar Mechoso
nm0575552,Kay Medford
nm0575850,Ken Medlock
nm0576345,John Megna
nm0576762,Thomas Meighan
nm0577329,Fred Melamed
nm0578389,Frank Melton
nm0578853,Ben Mendelsohn
nm0579991,Heather Menzies-Urich
nm0580014,Tobias Menzies
nm0580109,Doro Merande
nm0580240,Beryl Mercer
nm0580351,Stephen Merchant
nm0580357,Vivien Merchant
nm0580436,Matt Mercier
nm0580884,Keith Meriweather
nm0581062,Ethel Merman
nm0581378,Clive Merrison
nm0581449,Theresa Merritt
nm0581457,Jane Merrow
nm0582726,Ed Metzger
nm0583093,Emile Meyer
nm0583135,Greta Meyer
nm0584119,Gertrude Michael
nm0585460,Frank Middlemass
nm0585557,Robert Middleton
nm0585906,John Mighton
nm0586994,Andy Milder
nm0587178,Lillian Miles
nm0587234,Sarah Miles
nm0587249,Sylvia Miles
nm0587340,Penelope Milford
nm0587725,Helene Millard
nm0587900,Ann Miller
nm0588553,Jason Miller
nm0588717,Kathleen Miller
nm0588817,Linda Miller
nm0591034,Esther Minciotti
nm0591149,Jan Miner
nm0591485,Liza Minnelli
nm0591968,Irene Miracle
nm0593490,Justine Mitchell
nm0593612,Millard Mitchell
nm0593664,Radha Mitchell
nm0594898,Mo'Nique
nm0595281,Robert Modica
nm0595567,Donald Moffat
nm0596056,Gerald Mohr
nm0596520,Gerald R. Molen
nm0597388,Jason Momoa
nm0599766,Douglass Montgomery
nm0599910,Robert Montgomery
nm0600531,Ron Moody
nm0600810,Bill Moor
nm0601254,Grace Moore
nm0601287,Ida Moore
nm0601376,Joel David Moore
nm0601664,Muriel Moore
nm0601698,Owen Moore
nm0601930,Terry Moore
nm0602905,Lee Moran
nm0603286,Tony Mordente
nm0604323,Linda Moretti
nm0604605,Dennis Morgan
nm0604656,Frank Morgan
nm0605080,Trevor Morgan
nm0605685,Patricia Morison
nm0606431,Chester Morris
nm0606502,Dorothy Morris
nm0606658,John Morris
nm0607504,Jeff Morrow
nm0607776,Elisabeth Mortensen
nm0607865,Emily Mortimer
nm0607920,Amy Morton
nm0607979,Gary Morton
nm0608601,Mark Moses
nm0608893,Marie Mosquini
nm0609447,Bradley Mott
nm0609859,Peggy Mount
nm0610127,Sotiris Moustakas
nm0610350,Bercelio Moya
nm0610820,David Mucci
nm0611148,Wanja Mues
nm0611356,Geraldine Muir
nm0611368,Jean Muir
nm0611889,Chris Mulkey
nm0611932,Peter Mullan
nm0612743,Herbert Mundin
nm0612778,Meg Mundy
nm0612786,Ian Mune
nm0612847,Paul Muni
nm0612864,Ferdinand Munier
nm0613262,Ona Munson
nm0613789,Jack Murdock
nm0613794,Kermit Murdock
nm0614165,Cillian Murphy
nm0614278,George Murphy
nm0614526,Michael Murphy
nm0614677,Rosemary Murphy
nm0614921,Doug Murray
nm0615063,Joel Murray
nm0617160,Odette Myrtil
nm0619261,Conrad Nagel
nm0621008,Charles Napier
nm0621597,Arthur J. Nascarella
nm0621770,Mary Nash
nm0623417,Alla Nazimova
nm0625075,Kate Nelligan
nm0625167,Barry Nelson
nm0625287,David Nelson
nm0625675,Portia Nelson
nm0625680,Ralph Nelson
nm0625724,Ruth Nelson
nm0625729,Sandy Nelson
nm0626216,Nando Neri
nm0627147,Elisabeth Neumann-Viertel
nm0628325,Julie Newmar
nm0628601,Thandiwe Newton
nm0628647,Richard Ney
nm0632497,Kazunari Ninomiya
nm0633661,Roderic Noble
nm0634313,Lloyd Nolan
nm0634488,Claude Nollier
nm0635769,Bruce Norris
nm0635798,Edward Norris
nm0636161,Barry Norton
nm0636199,Edgar Norton
nm0637113,Rashel Novikoff
nm0637795,J.C. Nugent
nm0638762,Andy Nyman
nm0638812,Russell Nype
nm0639613,Joan O'Brien
nm0639895,Erin O'Brien-Moore
nm0640023,Arthur O'Connell
nm0640078,Hugh O'Connell
nm0640266,Caroline O'Connor
nm0640299,Derrick O'Connor
nm0640476,Paul Vincent O'Connor
nm0640561,Joseph O'Conor
nm0640732,Cathy O'Donnell
nm0640838,Steven O'Donnell
nm0641035,Damian O'Flynn
nm0641314,Paige O'Hara
nm0641354,Denis O'Hare
nm0641780,William O'Malley
nm0641939,Ryan O'Neal
nm0641966,Barbara O'Neil
nm0642042,Nance O'Neil
nm0642180,Henry O'Neill
nm0642259,Michael O'Neill
nm0642368,Terry O'Quinn
nm0642675,Milo O'Shea
nm0642697,Tessie O'Shea
nm0643000,Simon Oakland
nm0643211,Philip Ober
nm0644022,Bob Odenkirk
nm10700274,Jung Hyun-jun
nm10733406,Shaheem Sanchez
nm1073975,Hiroshi Watanabe
nm1076976,Ryô Kase
nm10772681,Iris Menas
nm1081257,Esther Garrel
nm1212071,Stephen Bishop
nm1212722,Benedict Cumberbatch
nm1212803,Jill the Dog
nm12146694,Lenny Grossman
nm1217394,Shidô Nakamura
nm1218757,Keir O'Donnell
nm1221253,Dimiter D. Marinov
nm12225877,Nessa Eriksson
nm1225096,Alexandre Tharaud
nm12257385,Birdie Borria
nm12260920,Freya Yates
nm1395602,Allen Leech
nm14036519,Marc-Martin Straub
nm14036520,Ylva Pollak
nm15532538,Robin Greer
nm1555340,Alison Brie
nm1557329,Jessica Rothe
nm1567113,Jessica Chastain
nm1701576,William Melling
nm1706767,Jonah Hill
nm1706832,Christopher Denham
nm1709173,Sharon Warren
nm17100582,Chuck Tucker
nm1710309,Emory Cohen
nm2633535,Asa Butterfield
nm2650183,Eric Berryman
nm2655177,Caleb Landry Jones
nm2655611,Kaui Hart Hemmings
nm2707986,Samuel Theis
nm2714111,Moritz Klaus
nm4075156,Herman Caheej McGloun
nm4078775,Paul Tinto
nm4080531,Sophie Kennedy Clark
nm4087600,Alecia Svensen
nm4098805,The Angeles Twins
nm4110963,Jack Lowden
nm4121613,Bailee Michelle Johnson
nm4129745,Allison Williams
nm4136076,Buda Lira
nm4139037,Suraj Sharma
nm4141252,Lily James
nm4142651,Cedric Dumornay
nm4158239,Dana Gourrier
nm4166709,Camille Rutherford
nm4169254,Skyler Wright
nm4185833,William A. Boardway
nm4190537,Monika Gossmann
nm4193460,Charlie Hiscock
nm4197543,Ramona Blair
nm4206711,Tenaj L. Jackson
nm5429086,Duan Sanderson
nm5436968,Marcus Henderson
nm5450413,Gabriel LaBelle
nm5480894,Ashton Sanders
nm5490799,Milo Gibson
nm5512487,Alexander Skonnikov
nm6550068,Trinity Simone
nm6555190,Luke Sunshine
nm6588867,Anthony Ramos
nm6635521,Inga Ibsdotter Lilleaas
nm9453221,Sue Clark
nm9453222,Joan Brown
nm9453223,Julie Duck
nm9453224,Maryanne Frost
nm9500800,Bárbara Luz
nm9584508,Linda May
nm9584861,Dominique Thorne
nm0320969,Remo Girone
nm0321204,June Gittelson
nm0321469,Kathryn Givney
nm0321982,Ned Glass
nm0322005,Seamon Glass
nm0322299,James Gleason
nm0322345,Russell Gleason
nm0322407,Brendan Gleeson
nm0322540,Candace Glendenning
nm0322658,Roy Glenn
nm0323056,Rosemary Glosz
nm0324231,Alexander Godunov
nm0324636,Valerie Gogan
nm0324658,Walton Goggins
nm0326809,Minna Gombell
nm0327160,Allison Gompf
nm0328751,Caroline Goodall
nm0328828,Matthew Goode
nm0328869,Rebecca Gooden
nm0329259,Tom Goodman-Hill
nm0329433,Bill Goodwin
nm0330015,Barry Gordon
nm0330438,Matt Gordon
nm0330687,Joseph Gordon-Levitt
nm0331117,Robert Hy Gorman
nm0331516,Ryan Gosling
nm0331956,Carl Gottlieb
nm0332036,Ferdinand Gottschalk
nm0332221,Lloyd Gough
nm0332390,Harold Gould
nm0332410,Jason Gould
nm0332587,Robert Goulet
nm0332842,Michael Gover
nm0332944,John Gowans
nm0333410,Topher Grace
nm0334318,Stephen Graham
nm0334375,Margot Grahame
nm0334581,Albert Gran
nm0334603,Alexander Granach
nm0335079,Seth Granger
nm0335275,Beth Grant
nm0335494,Kate Jennings Grant
nm0335497,Kathryn Grant
nm0335517,Lawrence Grant
nm0335519,Lee Grant
nm0335788,Charley Grapewin
nm0336960,Spalding Gray
nm0337020,Jason Gray-Stanford
nm0337108,Jessie Grayson
nm0337113,Kathryn Grayson
nm0337472,José Greco
nm0337631,Benjamin Green
nm0338191,Mitzi Green
nm0338614,James Marshall
nm0339121,Raymond Greenleaf
nm0339615,Virginia Gregg
nm0339889,Mary Gregory
nm0341487,Eleanor Griffith
nm0341518,Hugh Griffith
nm0342216,Karolyn Grimes
nm0342241,Scott Grimes
nm0342399,Greg Grunberg
nm0343722,Ted Grossman
nm0347509,Tom Guiry
nm0347656,Clu Gulager
nm0348409,Bob Gunton
nm0348515,Damon Gupton
nm0350250,Georges Guétary
nm0350453,Jake Gyllenhaal
nm0351947,Hugo Haas
nm0352437,Peter Hackes
nm0352774,Sara Haden
nm0353790,Frank Hagney
nm0353950,Otto Yamaoka
nm0354016,Yan Hai
nm0354078,Kenneth Haigh
nm0354198,Jeanette Hain
nm0354239,Donald Haines
nm0354947,Jonathan Hale
nm0354989,Richard Hale
nm0355095,Jack Haley
nm0355253,William Hall Jr.
nm0355278,Albert Hall
nm0355653,Huntz Hall
nm0356021,Regina Hall
nm0356890,Billy Halop
nm0357864,Gay Hamilton
nm0357894,Hale Hamilton
nm0357910,John F. Hamilton
nm0358069,Murray Hamilton
nm0358076,Neil Hamilton
nm0358180,Suzanna Hamilton
nm0358316,Jon Hamm
nm0358792,Virginia Hammond
nm0358899,Walter Hampden
nm0359021,Louise Hampton
nm0359331,Thierry Hancisse
nm0359695,James Handy
nm0359718,Jan Handzlik
nm0360796,Gale Hansen
nm0361823,Haya Harareet
nm0362267,Ann Harding
nm0362557,Paul Hardwick
nm0362735,Robert Hardy
nm0362766,Tom Hardy
nm0364299,Kate Harrington
nm0364455,Barbara Harris
nm0364593,David Harris
nm0364680,Estelle Harris
nm0365140,Naomie Harris
nm0365280,Rosalind Harris
nm0365445,Wood Harris
nm0365633,Irma Harrison
nm0366509,Roxanne Hart
nm0367176,Joshua Harto
nm0367516,Forrester Harvey
nm0368516,Signe Hasso
nm0368971,Eriko Hatsune
nm0368990,Rohini Hattangadi
nm0369001,Yankton Hatten
nm0369513,Cole Hauser
nm0369814,Nigel Havers
nm0369854,Andrew Havill
nm0369896,June Havoc
nm0369908,Jo Ann Havrilla
nm0370465,Alexandra Hay
nm0370564,Sessue Hayakawa
nm0370700,John Haycraft
nm0370821,Richard Haydn
nm0371040,Helen Hayes
nm0371775,Louis Hayward
nm0372217,Anthony Heald
nm0372384,Ted Healy
nm0372545,Estelle Hemsley
nm0372633,Dodie Heath
nm0372742,Jean Heather
nm0372961,Jessica Hecht
nm0373570,John Heffernan
nm0373773,O.P. Heggie
nm0376610,Stephen McKinley Henderson
nm0377336,Aksel Hennie
nm0377416,Pat Henning
nm0377888,Justin Henry
nm0378026,William Henry
nm0378188,Basil Henson
nm0378245,Taraji P. Henson
nm0379157,Jimmy Herman
nm0379200,Paul Herman
nm0379282,Peter Hermann
nm0380248,Nye Heron
nm0381041,Harold G. Herthum
nm0382110,David Hewlett
nm0382195,Louis Jean Heydt
nm0382229,Herbert Heyes
nm0382263,Barton Heyman
nm0382410,Pat Heywood
nm0382707,Bill Hickman
nm0382730,Howard Hickman
nm0383603,Freddie Highmore
nm0384018,Al Hill
nm0384060,Bernard Hill
nm0384916,John Hillerman
nm0384976,Peg Hillias
nm0385594,Samuel S. Hinds
nm0385757,Pat Hingle
nm0386472,Emile Hirsch
nm0388038,Aldis Hodge
nm0388303,John Hodiak
nm0388819,Basil Hoffman
nm0390192,Gloria Holden
nm0390710,John Holland
nm0390903,Tom Hollander
nm0391062,Judy Holliday
nm0392003,Philip Holmes
nm0392067,Taylor Holmes
nm0393658,Eric Hooks
nm0393661,Kevin Hooks
nm0394407,Hedda Hopper
nm0394477,Russell Hopton
nm0395012,Geoffrey Horne
nm0395203,Russell Hornsby
nm0396455,Katharine Houghton
nm0396558,Nicholas Hoult
nm0396812,Danny Huston
nm0396819,Donald Houston
nm0396828,Gary Houston
nm0397102,Alan Howard
nm0397124,Arliss Howard
nm0397171,Bryce Dallas Howard
nm0397258,Duane Howard
nm0397427,Kathleen Howard
nm0397555,Rance Howard
nm0398446,Arthur Hoyt
nm0399141,Allan Hubbard
nm0399345,Gusti Huber
nm0399346,Harold Huber
nm0399955,Rochelle Hudson
nm0400794,Mary Beth Hughes
nm0400816,Miko Hughes
nm0401269,Steve Huison
nm0401434,Henry Hull
nm0402011,Michael Conner Humphreys
nm0402374,Caroline Hunt
nm0402554,Marsha Hunt
nm0403588,David Hurst
nm0403636,Paul Hurst
nm0404046,Ruth Hussey
nm0404360,Josephine Hutchinson
nm0404427,Brian Hutchison
nm0404885,Leila Hyams
nm0407296,Tsuyoshi Ihara
nm0408586,Frieda Inescort
nm0408846,Lee Ingleby
nm0408876,Elizabeth Inglis
nm0410303,Margaret Irving
nm0411356,Sigifredo Ismare
nm0411826,José Iturbi
nm0411935,Rosalind Ivan
nm0411980,Mark Ivanir
nm0412322,Burl Ives
nm0412339,Kenneth Ives
nm0412374,Dana Ivey
nm0413125,Wolfman Jack
nm0413168,Hugh Jackman
nm0413448,Desreta Jackson
nm0414580,Paula Jacobs
nm0415488,Sam Jaffe
nm0415591,Dean Jagger
nm0416521,Gennie James
nm0417837,Emil Jannings
nm0418155,Elsa Janssen
nm0418741,Claude Jarman Jr.
nm0418907,Yvonne Jarrell
nm0419051,Francesca Jarvis
nm0419785,Michael Jayston
nm0420312,Peter Jeffrey
nm0420383,Lionel Jeffries
nm0420765,Allen Jenkins
nm0420862,Jackie 'Butch' Jenkins
nm0421087,Lucinda Jenney
nm0421105,Alex Jennings
nm0421116,Brent Jennings
nm0421138,DeWitt Jennings
nm0421274,Elizabeth Jenns
nm0421772,Roy Jenson
nm0424060,Scarlett Johansson
nm0424565,Ben Johnson
nm0424819,Corey Johnson
nm0426047,Reggie Johnson
nm0427379,Kristoffer Joner
nm0427700,Carolyn Jones
nm0427964,Doug Jones
nm1128780,Elizabeth Tulloch
nm1130496,Alysia Reiner
nm1133783,Nick Roud
nm1274064,Maria Manoella
nm1439098,Denise Mack
nm1440060,Ryuichiro Baba
nm1440076,Kazuyoshi Minamimagoe
nm1440085,Kazuko Shibata
nm1440090,Take
nm1440095,Akira Yamaguchi
nm1440108,Akiko Takeshita
nm14472635,Paula Först
nm14477035,Johann Karthaus
nm1452105,Yuki Matsuzaki
nm1452254,Bill Thorpe
nm16275262,Anton Bitter
nm16329009,Effie Linnen
nm1635191,Henny Russell
nm1736370,Quincy Tyler Bernstine
nm1738584,Allie Mickelson
nm1741345,Thomas Morrison
nm1741430,Amy Warren
nm1745736,Paula Patton
nm17472724,James Lintern
nm2871845,Jacob Stringer
nm2871847,Stockton Taylor
nm2871955,Harrison Taylor
nm2872058,Matthew Braden Stringer
nm2872133,Joseph Mussey
nm2872491,Martin Stringer
nm2873085,Connor Catchpole
nm2885819,Samantha Barks
nm2888524,Darrell Britt-Gibson
nm2890541,Josh Helman
nm2902131,Devorah Shubowitz
nm2902567,Aneurin Barnard
nm2934314,Lily Collins
nm2951481,Dustin Fitzsimons
nm2951768,Freida Pinto
nm2972597,Courtland Jones
nm2973712,Jordan Nagai
nm2976580,Jessie Buckley
nm2988909,Ashlee Thompson
nm2989227,Sue Borzage
nm4413892,Michael Provost
nm4420373,Gore Abrams
nm4422686,Barry Keoghan
nm4439921,Von Lewis
nm4446467,Tye Sheridan
nm4447472,Hunter McCracken
nm4454223,Emilia Jones
nm4463970,Jessica Fuselier
nm4464090,Laramie Eppler
nm4465864,Will Merrick
nm6476224,Park So-dam
nm6518675,Cole Konis
nm6532613,Eduardo Aladro
nm7919330,Lindsey Normington
nm8061218,Sunny Pawar
nm8066738,Abhishek Bharate
nm8076281,Emma Mackey
nm8081725,Esther Moon
nm8087548,Christian Convery
nm9362777,Riya May Atwood
nm9403098,Demi Singleton
nm9419368,Gabriel Akuwudike
nm9425843,Betty Arthur
nm0755974,Jonathan Sagall
nm0757064,S.Z. Sakall
nm0757256,Gene Saks
nm0757854,Theresa Saldana
nm0757855,Zoe Saldaña
nm0759299,Al Silvani
nm0759467,Kevin Salvilla
nm0761836,William Sanderson
nm0762557,Erskine Sanford
nm0762567,Isabel Sanford
nm0764781,Richard C. Sarafian
nm0765597,Peter Sarsgaard
nm0765605,Gailard Sartain
nm0766761,Cliff Saunders
nm0766975,Terry Saunders
nm0767753,Joe Savino
nm0767811,Sam Savitsky
nm0768022,Nadim Sawalha
nm0768748,Gia Scala
nm0768908,Gian-Carlo Scandiuzzi
nm0769083,Adrian Scarborough
nm0769237,Renato Scarpa
nm0769974,William Schallert
nm0770788,Mary Kate Schellhardt
nm0774516,David Schofield
nm0774891,Frank Schorpion
nm0777754,Kurt Schweickhardt
nm0779320,Jesse Scott
nm0779427,Kelsey Scott
nm0779549,Martha Scott
nm0779673,Pippa Scott
nm0779923,Zachary Scott
nm0780678,Nick Searcy
nm0780684,Jackie Searl
nm0780765,Heather Sears
nm0780803,Zelda Sears
nm0781183,Harry Secombe
nm0781232,Rolfe Sedan
nm0781254,Margaret Seddon
nm0781347,Henry Sedley
nm0782132,Pierre Segui
nm0782225,Andrés de Segurola
nm0782800,Sekaryongo
nm0783542,Daniel Seltzer
nm0786350,Christopher Severn
nm0786756,Wilfried Seyferth
nm0786806,Cara Seymour
nm0786811,Dan Seymour
nm0786860,Ralph Seymour
nm0787892,Jeremy Shamos
nm0788335,Michael Shannon
nm0789181,Anita Sharp-Bolster
nm0789485,Mickey Shaughnessy
nm0789716,Fiona Shaw
nm0789931,Reta Shaw
nm0790077,Michael Shawn
nm0790248,Al Shea
nm0790291,John Shea
nm0790454,Norma Shearer
nm0790688,Michael Sheen
nm0791570,Ben Shenkman
nm0791805,Shepperd Strudwick
nm0791868,Sherri Shepherd
nm0792029,Antony Sher
nm0792130,Ann Sheridan
nm0792189,Joe Sheridan
nm0792202,Kirsten Sheridan
nm0792828,Madeleine Sherwood
nm0794700,Ann Shoemaker
nm0795169,Pat Shortt
nm0795661,Saurabh Shukla
nm0796283,Antoinette Sibley
nm0797725,James Sikking
nm0799015,Sid Silvers
nm0799777,J.K. Simmons
nm0800328,Paul Simon
nm0801193,Russell Simpson
nm0802826,Siriaque
nm0803370,Frank Sivero
nm0803785,Lilia Skala
nm0804361,Pat Skipper
nm0804373,Te Whatanui Skipwith
nm0805189,Max Elliott Slade
nm0805476,John Slattery
nm0805701,Martha Sleeper
nm0806146,Larry 'Ratso' Sloman
nm0806505,Neva Small
nm0806670,J. Scott Smart
nm0806887,Ulla Smidje
nm0807548,Brooke Smith
nm0808387,Gunboat Smith
nm0809031,Lane Smith
nm0809135,Lois Smith
nm0809544,Paul L. Smith
nm0809783,Roger Smith
nm0810233,Tucker Smith
nm0810379,Yeardley Smith
nm0810890,Wim Snape
nm0811629,Robin Soans
nm0812125,Abraham Sofaer
nm0813169,Sergio Solli
nm0813893,Geraldine Somerville
nm0813977,Josef Sommer
nm0814216,Gale Sondergaard
nm0814280,Song Kang-ho
nm0814400,Maurice Sonnenberg
nm0817021,Ned Sparks
nm0817563,Hugo Speer
nm0818055,Octavia Spencer
nm0818880,Stephen Spinella
nm0819320,Suanne Spoke
nm0819525,G.D. Spradlin
nm0819655,Elizabeth Spriggs
nm0820053,June Squibb
nm0820109,William Squire
nm0820643,Howard St. John
nm0821489,Richard Stahl
nm0822074,Wyndham Standing
nm0822972,Maureen Stapleton
nm0823503,Frances Starr
nm0823563,Mike Starr
nm0824606,Karen Steele
nm0824741,David Steen
nm0824882,Burr Steers
nm0827263,James Stephenson
nm0827274,Kelci Stephenson
nm0827429,William Sterchi
nm0828523,K.T. Stevens
nm0828594,Mark Stevens
nm0829064,Tom Stevenson
nm0830588,Elena Wohl
nm0830740,Nigel Stock
nm0830765,Peter Stockbridge
nm0830769,Carl Stockdale
nm0831439,Leopold Stokowski
nm0831872,Fred Stone
nm0832011,Lewis Stone
nm0832165,Sean Stone
nm0832380,Ed Stoppard
nm0833087,Orazio Stracuzzi
nm0833152,Beatrice Straight
nm0833448,Lee Strasberg
nm0834373,Gail Strickland
nm0834479,Devid Striesow
nm0834989,Jeremy Strong
nm0835016,Mark Strong
nm0835021,Michael Strong
nm0835913,Harry Stubbs
nm0836071,Wes Studi
nm0836121,Michael Stuhlbarg
nm0836724,Ludwig Stössel
nm0837393,Alvin M. Sugarman
nm0837976,Brad Sullivan
nm0838081,George Rocky Sullivan
nm0838412,Frank Sully
nm0839234,Florence Sundstrom
nm0840531,Janet Suzman
nm0841797,Gloria Swanson
nm0842092,Birdy Sweeney
nm0842137,Joseph Sweeney
nm0843332,Donald Symington
nm0844294,Magda Szubanski
nm0846004,Vic Tablian
nm0846507,Gary Taggart
nm0846987,Miiko Taka
nm0847857,Charlie Talbert
nm0847939,Lyle Talbot
nm0848082,Jamie Talisman
nm0848100,Alan Tall
nm0848154,Jill Talley
nm0848534,Peter Anthony Tambakis
nm0848554,Amber Tamblyn
nm0850029,Colin Tapley
nm0850211,Brian Tarantina
nm0850454,Tarita
nm0852076,Buck Taylor
nm0852305,Dub Taylor
nm0852347,Estelle Taylor
nm0853122,Russi Taylor
nm0853299,Vaughn Taylor
nm0853604,Conway Tearle
nm0856050,Nigel Terry
nm0856062,Phillip Terry
nm0857147,Torin Thatcher
nm0857730,Joseph Thiaka
nm0858162,Helene Thimig
nm0858833,Frankie Thomas
nm0860221,Ian Thompson
nm0860627,Rex Thompson
nm0861013,Helen Thomson
nm0861930,Frank Thring
nm1056761,David M. O'Dell
nm1058940,Scoot McNairy
nm10615819,Helena Hu
nm10637343,Luiza Kosovski
nm1064352,Tracy Reed
nm10652212,Keeley Karsten
nm10676456,Brady Hepner
nm10693286,Mikayla Lashae Bartholomew
nm1183149,Edgar Ramírez
nm11879379,Jude Hill
nm11888099,Lewis McAskie
nm11894469,Gay DeForest
nm11894470,Patricia Grier
nm11894471,Angela Reyes
nm11894472,Carl R. Hughes
nm11894473,Douglas G. Soul
nm11894474,Ryan Aquino
nm11894475,Teresa Buchanan
nm11932012,Legacy Jones
nm1196755,Marc Turtletaub
nm1300009,Adil Hussain
nm13097973,Griff Giacchino
nm13097991,Will Angarola
nm1310016,Brian Geraghty
nm1310525,Lee Sun-kyun
nm1312332,Brenda Canela
nm14599320,Luna Sofía Miranda
nm1464879,Aaron McCusker
nm1468486,C.J. Sanders
nm1469236,Olivia Colman
nm1470232,Jack Randall
nm16022723,Emiliano Hasan
nm16200610,Guilherme Silveira
nm1822939,Chyna Layne
nm1842419,Lynn Adrianna Freedman
nm1843993,Peter Gray Lewis
nm1847117,Janelle Monáe
nm1856097,Cho Yeo-jeong
nm1861624,Yaya DaCosta
nm1868038,Nicolas Gonda
nm1880888,Olivia Thirlby
nm1886602,Miles Teller
nm1893372,Bronwen Coleman
nm1910274,John Magaro
nm1913734,Rooney Mara
nm1921376,Gideon Glick
nm1921479,Florian Bartholomäi
nm1925239,Jack O'Connell
nm2995162,Artt Butler
nm3006509,Nick Blaemire
nm3017611,Levy Easterly
nm3024530,Reda Kateb
nm3041056,Christian Friedel
nm3048027,Alissa Wilms
nm3053338,Margot Robbie
nm3056409,Gregorio Graziosi
nm3078932,Lady Gaga
nm3081796,Steven Yeun
nm3095562,Tuppence Middleton
nm3102689,Sari Lennick
nm3102998,Bo Burnham
nm3107870,David James
nm3117836,Aaron Tveit
nm3117884,Joe Tippett
nm3931538,Sam Richardson
nm3945183,Mallory Portnoy
nm3959657,Celine Buckens
nm3969425,Emily Weider
nm3987673,Ariane Labed
nm3990647,Valentina Herszage
nm4000521,Harold Gervais
nm4004793,Letitia Wright
nm4019966,Karen Kuioka Hironaga
nm4044784,Damien Bonnard
nm5914751,James Bloor
nm5938343,Emma Delves
nm5939164,Zazie Beetz
nm5987576,Marissa Bode
nm6003176,Dickie Gravois
nm6019128,Alejandro Barrios
nm6786013,Abigail Pniowsky
nm6822586,Daniele Lawson
nm8104400,Shariff Earp
nm8174176,Roman Zeller
nm9863951,Nancy García García
nm9877392,Roman Griffin Davis
nm9880656,Anne Rotger
