Position,Const,Created,Modified,Description,Title,Original Title,URL,Title Type,IMDb Rating,Runtime (mins),Year,Genres,Num Votes,Release Date,Directors
1,tt0018379,2020-05-15,2020-05-15,,"7th Heaven","7th Heaven",https://www.imdb.com/title/tt0018379/,Movie,7.5,110,1927,"Drama, Romance",4713,1927-10-30,"Frank Borzage"
2,tt0019304,2020-05-15,2020-05-15,,"The Racket","The Racket",https://www.imdb.com/title/tt0019304/,Movie,6.5,84,1928,"Crime, Drama, Film-Noir",1894,1928-11-01,"Lewis Milestone"
3,tt0018578,2020-05-15,2020-05-16,"Oscar winner 1929","Wings","Wings",https://www.imdb.com/title/tt0018578/,Movie,7.5,144,1927,"Drama, Romance, War, Action",16445,1929-01-05,"William A. Wellman, Harry d'Abbadie d'Arrast"
4,tt0019729,2020-05-16,2020-05-16,"Oscar winner 1930","The Broadway Melody","The Broadway Melody",https://www.imdb.com/title/tt0019729/,Movie,5.5,100,1929,"Drama, Musical, Romance",9132,1929-06-06,"Harry Beaumont"
5,tt0019630,2020-05-16,2020-05-16,,"Alibi","Alibi",https://www.imdb.com/title/tt0019630/,Movie,5.6,91,1929,"Action, Crime, Romance",1123,1929-04-20,"Roland West"
6,tt0019993,2020-05-16,2020-05-16,,"The Hollywood Revue of 1929","The Hollywood Revue of 1929",https://www.imdb.com/title/tt0019993/,Movie,5.6,130,1929,"Comedy, Music",2567,1929-11-23,"Charles Reisner, Christy Cabanne, Norman Houston"
7,tt0020018,2020-05-16,2020-05-16,,"In Old Arizona","In Old Arizona",https://www.imdb.com/title/tt0020018/,Movie,5.5,95,1928,"Drama, Western",1534,1929-01-20,"Irving Cummings, Raoul Walsh"
8,tt0019257,2020-05-16,2020-05-16,,"The Patriot","The Patriot",https://www.imdb.com/title/tt0019257/,Movie,,113,1928,"Drama, History, Thriller",0,1928-09-01,"Ernst Lubitsch"
9,tt0020629,2020-05-16,2020-05-16,"Oscar winner 1930","All Quiet on the Western Front","All Quiet on the Western Front",https://www.imdb.com/title/tt0020629/,Movie,8.1,152,1930,"Drama, War",72417,1930-08-24,"Lewis Milestone"
10,tt0020686,2020-05-16,2020-05-16,,"The Big House","The Big House",https://www.imdb.com/title/tt0020686/,Movie,7.1,87,1930,"Crime, Drama, Thriller",3020,1930-06-14,"George W. Hill, Ward Wing"
11,tt0019823,2020-05-16,2020-05-16,,"Disraeli","Disraeli",https://www.imdb.com/title/tt0019823/,Movie,6.0,90,1929,"Biography, Drama, History",1657,1929-11-01,"Alfred E. Green"
12,tt0020827,2020-05-16,2020-05-16,,"The Divorcee","The Divorcee",https://www.imdb.com/title/tt0020827/,Movie,6.6,84,1930,"Romance, Drama",4159,1930-04-19,"Robert Z. Leonard"
13,tt0020112,2020-05-16,2020-05-16,,"The Love Parade","The Love Parade",https://www.imdb.com/title/tt0020112/,Movie,6.9,107,1929,"Comedy, Musical, Romance",2948,1930-01-18,"Ernst Lubitsch"
14,tt0021746,2020-05-16,2020-05-16,"Oscar winner 1931","Cimarron","Cimarron",https://www.imdb.com/title/tt0021746/,Movie,5.8,123,1931,"Drama, Western",7855,1931-02-09,"Wesley Ruggles"
15,tt0021826,2020-05-16,2020-05-16,,"East Lynne","East Lynne",https://www.imdb.com/title/tt0021826/,Movie,5.7,102,1931,"Drama, Romance",442,1931-03-01,"Frank Lloyd"
16,tt0021890,2020-05-16,2020-05-16,,"The Front Page","The Front Page",https://www.imdb.com/title/tt0021890/,Movie,6.7,101,1931,"Comedy, Crime, Drama, Mystery, Romance",3882,1931-04-04,"Lewis Milestone"
17,tt0022397,2020-05-16,2020-05-16,,"Skippy","Skippy",https://www.imdb.com/title/tt0022397/,Movie,6.3,85,1931,"Comedy, Drama, Family",1197,1931-04-25,"Norman Taurog"
18,tt0022495,2020-05-16,2020-05-16,,"Trader Horn","Trader Horn",https://www.imdb.com/title/tt0022495/,Movie,6.1,122,1931,"Action, Adventure, Drama, Romance",1349,1931-05-23,"W.S. Van Dyke"
19,tt0022958,2020-05-16,2020-05-16,"Oscar winner 1932","Grand Hotel","Grand Hotel",https://www.imdb.com/title/tt0022958/,Movie,7.3,112,1932,"Drama, Romance",22828,1932-09-11,"Edmund Goulding"
20,tt0021622,2020-05-16,2020-05-16,,"Arrowsmith","Arrowsmith",https://www.imdb.com/title/tt0021622/,Movie,6.2,108,1931,"Drama",2270,1931-12-26,"John Ford"
21,tt0021635,2020-05-16,2020-05-16,,"Bad Girl","Bad Girl",https://www.imdb.com/title/tt0021635/,Movie,6.4,90,1931,"Drama, Romance",1910,1931-09-13,"Frank Borzage"
22,tt0021730,2020-05-16,2020-05-16,,"The Champ","The Champ",https://www.imdb.com/title/tt0021730/,Movie,7.2,86,1931,"Drama, Family, Sport",3991,1931-11-21,"King Vidor"
23,tt0021873,2020-05-16,2020-05-16,,"Five Star Final","Five Star Final",https://www.imdb.com/title/tt0021873/,Movie,7.3,89,1931,"Crime, Drama",2956,1931-09-26,"Mervyn LeRoy"
24,tt0023303,2020-05-16,2020-05-16,,"One Hour with You","One Hour with You",https://www.imdb.com/title/tt0023303/,Movie,7.0,78,1932,"Comedy, Musical, Romance",3271,1932-03-25,"George Cukor, Ernst Lubitsch"
25,tt0023458,2020-05-16,2020-05-16,,"Shanghai Express","Shanghai Express",https://www.imdb.com/title/tt0023458/,Movie,7.3,82,1932,"Adventure, Drama, Film-Noir, Romance",11879,1932-02-12,"Josef von Sternberg"
26,tt0022074,2020-05-16,2020-05-16,,"The Smiling Lieutenant","The Smiling Lieutenant",https://www.imdb.com/title/tt0022074/,Movie,7.1,93,1931,"Comedy, Musical, Romance",4445,1931-08-01,"Ernst Lubitsch"
27,tt0023876,2020-05-16,2020-05-16,"Oscar winner 1934","Cavalcade","Cavalcade",https://www.imdb.com/title/tt0023876/,Movie,5.7,112,1933,"Drama, Romance, War",6729,1933-04-15,"Frank Lloyd"
28,tt0024034,2020-05-16,2020-05-16,,"42nd Street","42nd Street",https://www.imdb.com/title/tt0024034/,Movie,7.3,89,1933,"Comedy, Drama, Musical, Romance",13935,1933-03-11,"Lloyd Bacon"
29,tt0022879,2020-05-16,2020-05-16,,"A Farewell to Arms","A Farewell to Arms",https://www.imdb.com/title/tt0022879/,Movie,6.4,80,1932,"Drama, Romance, War",7659,1932-12-08,"Frank Borzage"
30,tt0023042,2020-05-16,2020-05-16,,"I Am a Fugitive from a Chain Gang","I Am a Fugitive from a Chain Gang",https://www.imdb.com/title/tt0023042/,Movie,8.2,92,1932,"Crime, Drama, Film-Noir",15729,1932-11-19,"Mervyn LeRoy"
31,tt0024240,2020-05-16,2020-05-16,,"Lady for a Day","Lady for a Day",https://www.imdb.com/title/tt0024240/,Movie,7.4,96,1933,"Comedy, Drama",5258,1933-09-13,"Frank Capra"
32,tt0024264,2020-05-16,2020-05-16,,"Little Women","Little Women",https://www.imdb.com/title/tt0024264/,Movie,7.1,115,1933,"Drama, Family, Romance, War",8576,1933-11-24,"George Cukor"
33,tt0024473,2020-05-16,2020-05-16,,"The Private Life of Henry VIII","The Private Life of Henry VIII",https://www.imdb.com/title/tt0024473/,Movie,7.0,97,1933,"Biography, Drama, History",5462,1933-09-21,"Alexander Korda"
34,tt0024548,2020-05-16,2020-05-16,,"She Done Him Wrong","She Done Him Wrong",https://www.imdb.com/title/tt0024548/,Movie,6.3,66,1933,"Comedy, Drama, History, Musical, Romance",7679,1933-02-09,"Lowell Sherman"
35,tt0023488,2020-05-16,2020-05-16,,"Smilin' Through","Smilin' Through",https://www.imdb.com/title/tt0023488/,Movie,6.8,98,1932,"Drama, Romance",1793,1932-09-24,"Sidney Franklin"
36,tt0024610,2020-05-16,2020-05-16,,"State Fair","State Fair",https://www.imdb.com/title/tt0024610/,Movie,6.6,99,1933,"Comedy, Drama, Romance",1333,1933-02-10,"Henry King"
37,tt0025316,2020-05-16,2020-05-16,"Oscar winner 1935","It Happened One Night","It Happened One Night",https://www.imdb.com/title/tt0025316/,Movie,8.1,105,1934,"Comedy, Romance",120213,1934-02-22,"Frank Capra"
38,tt0024865,2020-05-16,2020-05-16,,"The Barretts of Wimpole Street","The Barretts of Wimpole Street",https://www.imdb.com/title/tt0024865/,Movie,6.9,109,1934,"Biography, Drama, Romance",2428,1934-09-21,"Sidney Franklin"
39,tt0024991,2020-05-16,2020-05-16,,"Cleopatra","Cleopatra",https://www.imdb.com/title/tt0024991/,Movie,6.8,100,1934,"Biography, Drama, History, War",5209,1934-10-05,"Cecil B. DeMille"
40,tt0025124,2020-05-16,2020-05-16,,"Flirtation Walk","Flirtation Walk",https://www.imdb.com/title/tt0025124/,Movie,5.6,97,1934,"Drama, Musical, Romance",1032,1934-12-01,"Frank Borzage"
41,tt0025164,2020-05-16,2020-05-16,,"The Gay Divorcee","The Gay Divorcee",https://www.imdb.com/title/tt0025164/,Movie,7.3,107,1934,"Comedy, Musical, Romance",9393,1934-10-12,"Mark Sandrich"
42,tt0025238,2020-05-16,2020-05-16,,"Here Comes the Navy","Here Comes the Navy",https://www.imdb.com/title/tt0025238/,Movie,6.2,87,1934,"Comedy, Drama, Romance, War",1377,1934-07-21,"Lloyd Bacon"
43,tt0025272,2020-05-16,2020-05-16,,"The House of Rothschild","The House of Rothschild",https://www.imdb.com/title/tt0025272/,Movie,6.4,88,1934,"Biography, Drama, History, War",1601,1934-04-07,"Alfred L. Werker, Sidney Lanfield"
44,tt0025301,2020-05-16,2020-05-16,,"Imitation of Life","Imitation of Life",https://www.imdb.com/title/tt0025301/,Movie,7.5,111,1934,"Comedy, Drama, Romance",6228,1934-11-26,"John M. Stahl"
45,tt0025601,2020-05-16,2020-05-16,,"One Night of Love","One Night of Love",https://www.imdb.com/title/tt0025601/,Movie,5.6,84,1934,"Comedy, Music, Romance",841,1934-09-15,"Victor Schertzinger"
46,tt0025878,2020-05-16,2020-05-16,,"The Thin Man","The Thin Man",https://www.imdb.com/title/tt0025878/,Movie,7.9,91,1934,"Comedy, Crime, Mystery, Romance",35430,1934-05-25,"W.S. Van Dyke"
47,tt0025948,2020-05-16,2020-05-16,,"Viva Villa!","Viva Villa!",https://www.imdb.com/title/tt0025948/,Movie,6.3,115,1934,"Biography, Drama, Western",1760,1934-04-27,"Jack Conway, Howard Hawks, William A. Wellman"
48,tt0025986,2020-05-16,2020-05-16,,"The White Parade","The White Parade",https://www.imdb.com/title/tt0025986/,Movie,6.4,80,1934,"Drama",126,1934-11-16,"Irving Cummings"
49,tt0026752,2020-05-16,2020-05-16,"Oscar winner 1936","Mutiny on the Bounty","Mutiny on the Bounty",https://www.imdb.com/title/tt0026752/,Movie,7.6,132,1935,"Adventure, Biography, Drama, History, Romance",26850,1936-01-12,"Frank Lloyd"
50,tt0026056,2020-05-16,2020-05-16,,"Alice Adams","Alice Adams",https://www.imdb.com/title/tt0026056/,Movie,6.8,99,1935,"Comedy, Drama, Romance",4914,1935-08-23,"George Stevens"
51,tt0026144,2020-05-16,2020-05-16,,"Broadway Melody of 1936","Broadway Melody of 1936",https://www.imdb.com/title/tt0026144/,Movie,6.7,101,1935,"Comedy, Musical, Romance",2278,1935-09-20,"Roy Del Ruth, W.S. Van Dyke"
52,tt0026174,2020-05-16,2020-05-16,,"Captain Blood","Captain Blood",https://www.imdb.com/title/tt0026174/,Movie,7.7,119,1935,"Action, Adventure, History, Romance",17452,1935-12-28,"Michael Curtiz"
53,tt0026266,2020-05-16,2020-05-16,,"David Copperfield","The Personal History, Adventures, Experience, & Observation of David Copperfield the Younger",https://www.imdb.com/title/tt0026266/,Movie,7.3,130,1935,"Adventure, Drama, Family, Romance",5156,1935-06-20,"George Cukor"
54,tt0026529,2020-05-16,2020-05-16,,"The Informer","The Informer",https://www.imdb.com/title/tt0026529/,Movie,7.3,91,1935,"Crime, Drama",7895,1935-05-24,"John Ford"
55,tt0026725,2020-05-16,2020-05-16,,"Les Misérables","Les Misérables",https://www.imdb.com/title/tt0026725/,Movie,7.6,108,1935,"Drama, History, Romance",4252,1935-04-20,"Richard Boleslawski"
56,tt0026643,2020-05-16,2020-05-16,,"The Lives of a Bengal Lancer","The Lives of a Bengal Lancer",https://www.imdb.com/title/tt0026643/,Movie,7.0,109,1935,"Adventure, Drama, War",3583,1935-02-01,"Henry Hathaway"
57,tt0026714,2020-05-16,2020-05-16,,"A Midsummer Night's Dream","A Midsummer Night's Dream",https://www.imdb.com/title/tt0026714/,Movie,6.8,133,1935,"Comedy, Fantasy, Romance",4207,1935-10-30,"William Dieterle, Max Reinhardt"
58,tt0026768,2020-05-16,2020-05-16,,"Naughty Marietta","Naughty Marietta",https://www.imdb.com/title/tt0026768/,Movie,6.5,105,1935,"Drama, Musical, Romance",1703,1935-03-29,"Robert Z. Leonard, W.S. Van Dyke"
59,tt0026955,2020-05-16,2020-05-16,,"Ruggles of Red Gap","Ruggles of Red Gap",https://www.imdb.com/title/tt0026955/,Movie,7.5,90,1935,"Comedy, Mystery, Romance, Western",4900,1935-03-08,"Leo McCarey"
60,tt0027125,2020-05-16,2020-05-16,,"Top Hat","Top Hat",https://www.imdb.com/title/tt0027125/,Movie,7.7,101,1935,"Comedy, Musical, Romance",22279,1935-09-06,"Mark Sandrich"
61,tt0027698,2020-05-16,2020-05-16,"Oscar winner 1937","The Great Ziegfeld","The Great Ziegfeld",https://www.imdb.com/title/tt0027698/,Movie,6.6,176,1936,"Drama, Musical",9855,1936-09-23,"Robert Z. Leonard"
62,tt0027300,2020-05-16,2020-05-16,,"Anthony Adverse","Anthony Adverse",https://www.imdb.com/title/tt0027300/,Movie,6.3,141,1936,"Adventure, Drama, Romance",2222,1936-08-29,"Mervyn LeRoy, Michael Curtiz"
63,tt0027532,2020-05-16,2020-05-16,,"Dodsworth","Dodsworth",https://www.imdb.com/title/tt0027532/,Movie,7.7,101,1936,"Drama, Romance",11178,1936-09-23,"William Wyler"
64,tt0027884,2020-05-16,2020-05-16,,"Libeled Lady","Libeled Lady",https://www.imdb.com/title/tt0027884/,Movie,7.8,98,1936,"Comedy, Romance",9710,1936-10-09,"Jack Conway"
65,tt0027996,2020-05-16,2020-05-16,,"Mr. Deeds Goes to Town","Mr. Deeds Goes to Town",https://www.imdb.com/title/tt0027996/,Movie,7.8,115,1936,"Comedy, Drama, Romance",25129,1936-04-12,"Frank Capra"
66,tt0028203,2020-05-16,2020-05-16,,"Romeo and Juliet","Romeo and Juliet",https://www.imdb.com/title/tt0028203/,Movie,6.4,125,1936,"Drama, Romance",2446,1936-09-03,"George Cukor"
67,tt0028216,2020-05-16,2020-05-16,,"San Francisco","San Francisco",https://www.imdb.com/title/tt0028216/,Movie,7.1,115,1936,"Drama, Music, Romance",6675,1936-06-26,"W.S. Van Dyke"
68,tt0028313,2020-05-16,2020-05-16,,"The Story of Louis Pasteur","The Story of Louis Pasteur",https://www.imdb.com/title/tt0028313/,Movie,7.2,86,1936,"Biography, Drama, History",3570,1936-02,"William Dieterle"
69,tt0027075,2020-05-16,2020-05-16,,"A Tale of Two Cities","A Tale of Two Cities",https://www.imdb.com/title/tt0027075/,Movie,7.8,128,1935,"Drama, History, Romance",6959,1935-12-25,"Jack Conway, Robert Z. Leonard"
70,tt0028373,2020-05-16,2020-05-16,,"Three Smart Girls","Three Smart Girls",https://www.imdb.com/title/tt0028373/,Movie,6.6,84,1936,"Comedy, Musical, Romance",1706,1936-12-20,"Henry Koster"
71,tt0029146,2020-05-16,2020-05-16,"Oscar winner 1938","The Life of Emile Zola","The Life of Emile Zola",https://www.imdb.com/title/tt0029146/,Movie,7.1,116,1937,"Biography, Drama",10075,1937-10-02,"William Dieterle"
72,tt0028597,2020-05-16,2020-05-16,,"The Awful Truth","The Awful Truth",https://www.imdb.com/title/tt0028597/,Movie,7.6,90,1937,"Comedy, Romance",23422,1937-10-21,"Leo McCarey"
73,tt0028691,2020-05-16,2020-05-16,,"Captains Courageous","Captains Courageous",https://www.imdb.com/title/tt0028691/,Movie,7.9,117,1937,"Adventure, Drama, Family",12039,1937-06-25,"Victor Fleming"
74,tt0028773,2020-05-16,2020-05-16,,"Dead End","Dead End",https://www.imdb.com/title/tt0028773/,Movie,7.2,93,1937,"Crime, Drama, Film-Noir, Romance",9670,1937-08-27,"William Wyler"
75,tt0028944,2020-05-16,2020-05-16,,"The Good Earth","The Good Earth",https://www.imdb.com/title/tt0028944/,Movie,7.4,138,1937,"Drama, Romance",5783,1937-08-06,"Sidney Franklin, Victor Fleming, Gustav Machatý, Sam Wood"
76,tt0029047,2020-05-16,2020-05-16,,"In Old Chicago","In Old Chicago",https://www.imdb.com/title/tt0029047/,Movie,6.7,95,1938,"Action, Drama, Musical, Romance",2872,1938-04-15,"Henry King"
77,tt0029162,2020-05-16,2020-05-16,,"Lost Horizon","Lost Horizon",https://www.imdb.com/title/tt0029162/,Movie,7.6,132,1937,"Adventure, Drama, Fantasy, Mystery, Sci-Fi",15811,1937-09-01,"Frank Capra"
78,tt0029347,2020-05-16,2020-05-16,,"One Hundred Men and a Girl","One Hundred Men and a Girl",https://www.imdb.com/title/tt0029347/,Movie,6.7,84,1937,"Comedy, Drama, Music",1397,1937-09-05,"Henry Koster"
79,tt0029604,2020-05-16,2020-05-16,,"Stage Door","Stage Door",https://www.imdb.com/title/tt0029604/,Movie,7.7,92,1937,"Comedy, Drama, Romance",9879,1937-10-08,"Gregory La Cava"
80,tt0029606,2020-05-16,2020-05-16,,"A Star Is Born","A Star Is Born",https://www.imdb.com/title/tt0029606/,Movie,7.3,111,1937,"Drama, Romance",11962,1937-04-27,"William A. Wellman, Jack Conway, Victor Fleming"
81,tt0030993,2020-05-16,2020-05-16,"Oscar winner 1939","You Can't Take It with You","You Can't Take It with You",https://www.imdb.com/title/tt0030993/,Movie,7.8,126,1938,"Comedy, Drama, Romance",30537,1938-09-29,"Frank Capra"
82,tt0029843,2020-05-16,2020-05-16,,"The Adventures of Robin Hood","The Adventures of Robin Hood",https://www.imdb.com/title/tt0029843/,Movie,7.9,102,1938,"Action, Adventure, Romance",57929,1938-05-14,"Michael Curtiz, William Keighley"
83,tt0029852,2020-05-16,2020-05-16,,"Alexander's Ragtime Band","Alexander's Ragtime Band",https://www.imdb.com/title/tt0029852/,Movie,6.8,106,1938,"Drama, Music, Musical, Romance",2504,1938-08-16,"Henry King"
84,tt0029942,2020-05-16,2020-05-16,,"Boys Town","Boys Town",https://www.imdb.com/title/tt0029942/,Movie,7.2,96,1938,"Biography, Drama, Family",6955,1938-09-09,"Norman Taurog"
85,tt0029995,2020-05-16,2020-05-16,,"The Citadel","The Citadel",https://www.imdb.com/title/tt0029995/,Movie,7.0,110,1938,"Drama",2639,1938-10-29,"King Vidor"
86,tt0030149,2020-05-16,2020-05-16,,"Four Daughters","Four Daughters",https://www.imdb.com/title/tt0030149/,Movie,6.9,90,1938,"Drama, Music, Romance",2488,1938-08-09,"Michael Curtiz"
87,tt0028950,2020-05-16,2020-05-16,,"Grand Illusion","La grande illusion",https://www.imdb.com/title/tt0028950/,Movie,8.0,113,1937,"Drama, War",41241,1938-09-12,"Jean Renoir"
88,tt0030287,2020-05-16,2020-05-16,,"Jezebel","Jezebel",https://www.imdb.com/title/tt0030287/,Movie,7.4,104,1938,"Drama, Romance",16529,1938-03-26,"William Wyler"
89,tt0030637,2020-05-16,2020-05-16,,"Pygmalion","Pygmalion",https://www.imdb.com/title/tt0030637/,Movie,7.7,89,1938,"Comedy, Drama, Romance",10551,1939-03-03,"Anthony Asquith, Leslie Howard"
90,tt0030848,2020-05-16,2020-05-16,,"Test Pilot","Test Pilot",https://www.imdb.com/title/tt0030848/,Movie,6.8,119,1938,"Drama, Romance",2982,1938-04-22,"Victor Fleming"
91,tt0031381,2020-05-16,2020-05-16,"Oscar winner 1940","Gone with the Wind","Gone with the Wind",https://www.imdb.com/title/tt0031381/,Movie,8.2,238,1939,"Drama, Romance, War",357186,1940-01-17,"Victor Fleming"
92,tt0031210,2020-05-16,2020-05-16,,"Dark Victory","Dark Victory",https://www.imdb.com/title/tt0031210/,Movie,7.4,104,1939,"Drama, Romance",13537,1939-04-22,"Edmund Goulding"
93,tt0031385,2020-05-16,2020-05-16,,"Goodbye, Mr. Chips","Goodbye, Mr. Chips",https://www.imdb.com/title/tt0031385/,Movie,7.9,114,1939,"Drama, Romance",12408,1939-07-28,"Sam Wood, Sidney Franklin"
94,tt0031593,2020-05-16,2020-05-16,,"Love Affair","Love Affair",https://www.imdb.com/title/tt0031593/,Movie,7.3,88,1939,"Comedy, Drama, Romance",7296,1939-04-07,"Leo McCarey"
95,tt0031679,2020-05-16,2020-05-16,,"Mr. Smith Goes to Washington","Mr. Smith Goes to Washington",https://www.imdb.com/title/tt0031679/,Movie,8.1,129,1939,"Comedy, Drama",130042,1939-10-19,"Frank Capra"
96,tt0031725,2020-05-16,2020-05-16,,"Ninotchka","Ninotchka",https://www.imdb.com/title/tt0031725/,Movie,7.8,110,1939,"Comedy, Romance",24998,1939-11-23,"Ernst Lubitsch"
97,tt0031742,2020-05-16,2020-05-16,,"Of Mice and Men","Of Mice and Men",https://www.imdb.com/title/tt0031742/,Movie,7.8,106,1939,"Adventure, Drama",7605,1940-01-12,"Lewis Milestone"
98,tt0031971,2020-05-16,2020-05-16,,"Stagecoach","Stagecoach",https://www.imdb.com/title/tt0031971/,Movie,7.8,96,1939,"Adventure, Drama, Western",59326,1939-03-03,"John Ford"
99,tt0032138,2020-05-16,2020-05-16,,"The Wizard of Oz","The Wizard of Oz",https://www.imdb.com/title/tt0032138/,Movie,8.1,102,1939,"Adventure, Family, Fantasy, Musical",470382,1939-08-25,"Victor Fleming, George Cukor, Norman Taurog, Richard Thorpe, King Vidor"
100,tt0032145,2020-05-16,2020-05-16,,"Wuthering Heights","Wuthering Heights",https://www.imdb.com/title/tt0032145/,Movie,7.5,104,1939,"Drama, Romance",22923,1939-04-07,"William Wyler"
101,tt0032976,2020-05-16,2020-05-16,"Oscar winner 1941","Rebecca","Rebecca",https://www.imdb.com/title/tt0032976/,Movie,8.0,130,1940,"Drama, Mystery, Romance, Thriller",161693,1940-04-12,"Alfred Hitchcock"
102,tt0032194,2020-05-16,2020-05-16,,"All This, and Heaven Too","All This, and Heaven Too",https://www.imdb.com/title/tt0032194/,Movie,7.4,141,1940,"Drama, Romance",5904,1940-07-13,"Anatole Litvak"
103,tt0032484,2020-05-16,2020-05-16,,"Foreign Correspondent","Foreign Correspondent",https://www.imdb.com/title/tt0032484/,Movie,7.4,120,1940,"Action, Drama, Romance, Thriller, War",26239,1940-08-16,"Alfred Hitchcock"
104,tt0032551,2020-05-16,2020-05-16,,"The Grapes of Wrath","The Grapes of Wrath",https://www.imdb.com/title/tt0032551/,Movie,8.1,129,1940,"Drama",107314,1940-03-15,"John Ford"
105,tt0032553,2020-05-16,2020-05-16,,"The Great Dictator","The Great Dictator",https://www.imdb.com/title/tt0032553/,Movie,8.4,125,1940,"Comedy, Drama, War",259357,1941-03-07,"Charles Chaplin"
106,tt0032671,2020-05-16,2020-05-16,,"Kitty Foyle","Kitty Foyle",https://www.imdb.com/title/tt0032671/,Movie,6.9,108,1940,"Drama, Romance",4535,1940-12-27,"Sam Wood"
107,tt0032701,2020-05-16,2020-05-16,,"The Letter","The Letter",https://www.imdb.com/title/tt0032701/,Movie,7.5,95,1940,"Crime, Drama, Film-Noir, Mystery, Romance",15981,1940-11-23,"William Wyler"
108,tt0032728,2020-05-16,2020-05-16,,"The Long Voyage Home","The Long Voyage Home",https://www.imdb.com/title/tt0032728/,Movie,6.9,105,1940,"Drama, War",5564,1940-11-22,"John Ford"
109,tt0032881,2020-05-16,2020-05-16,,"Our Town","Our Town",https://www.imdb.com/title/tt0032881/,Movie,6.5,90,1940,"Drama, Family, Romance",3355,1940-05-24,"Sam Wood"
110,tt0032904,2020-05-16,2020-05-16,,"The Philadelphia Story","The Philadelphia Story",https://www.imdb.com/title/tt0032904/,Movie,7.8,112,1940,"Comedy, Romance",78893,1941-01-17,"George Cukor"
111,tt0033729,2020-05-27,2020-05-27,"Oscar winner 1942","How Green Was My Valley","How Green Was My Valley",https://www.imdb.com/title/tt0033729/,Movie,7.7,118,1941,"Drama, Family",29386,1942-01-29,"John Ford"
112,tt0033407,2020-05-27,2020-05-27,,"Blossoms in the Dust","Blossoms in the Dust",https://www.imdb.com/title/tt0033407/,Movie,6.9,99,1941,"Biography, Drama, Romance",2535,1941-08-15,"Mervyn LeRoy"
113,tt0033467,2020-05-27,2020-05-27,,"Citizen Kane","Citizen Kane",https://www.imdb.com/title/tt0033467/,Movie,8.2,119,1941,"Drama, Mystery",494830,1941-09-05,"Orson Welles"
114,tt0033712,2020-05-27,2020-05-27,,"Here Comes Mr. Jordan","Here Comes Mr. Jordan",https://www.imdb.com/title/tt0033712/,Movie,7.5,94,1941,"Comedy, Fantasy, Romance",8113,1941-08-21,"Alexander Hall"
115,tt0033722,2020-05-27,2020-05-27,,"Hold Back the Dawn","Hold Back the Dawn",https://www.imdb.com/title/tt0033722/,Movie,7.3,116,1941,"Drama, Romance",3148,1941-09-26,"Mitchell Leisen"
116,tt0033836,2020-05-27,2020-05-27,,"The Little Foxes","The Little Foxes",https://www.imdb.com/title/tt0033836/,Movie,7.9,116,1941,"Drama, Romance",14237,1941-08-29,"William Wyler"
117,tt0033870,2020-05-27,2020-05-27,,"The Maltese Falcon","The Maltese Falcon",https://www.imdb.com/title/tt0033870/,Movie,7.9,100,1941,"Crime, Drama, Film-Noir, Mystery, Romance",174855,1941-10-18,"John Huston"
118,tt0033980,2020-05-27,2020-05-27,,"One Foot in Heaven","One Foot in Heaven",https://www.imdb.com/title/tt0033980/,Movie,6.6,108,1941,"Biography, Drama, Romance",1683,1941-11-01,"Irving Rapper"
119,tt0034167,2020-05-27,2020-05-27,,"Sergeant York","Sergeant York",https://www.imdb.com/title/tt0034167/,Movie,7.7,134,1941,"Biography, Drama, History, Romance, War",20069,1941-09-27,"Howard Hawks"
120,tt0034248,2020-05-27,2020-05-27,,"Suspicion","Suspicion",https://www.imdb.com/title/tt0034248/,Movie,7.2,99,1941,"Drama, Film-Noir, Mystery, Thriller",45393,1941-11-14,"Alfred Hitchcock"
121,tt0035093,2020-05-27,2020-05-27,"Oscar winner 1943","Mrs. Miniver","Mrs. Miniver",https://www.imdb.com/title/tt0035093/,Movie,7.6,134,1942,"Drama, Romance, War",21446,1942-07-29,"William Wyler"
122,tt0033627,2020-05-27,2020-05-27,,"The 49th Parallel","49th Parallel",https://www.imdb.com/title/tt0033627/,Movie,7.3,123,1941,"Drama, Thriller, War",8572,1942-04-09,"Michael Powell"
123,tt0034946,2020-05-27,2020-05-27,,"Kings Row","Kings Row",https://www.imdb.com/title/tt0034946/,Movie,7.5,127,1942,"Drama",5479,1942-04-18,"Sam Wood"
124,tt0035015,2020-05-27,2020-05-27,,"The Magnificent Ambersons","The Magnificent Ambersons",https://www.imdb.com/title/tt0035015/,Movie,7.6,88,1942,"Drama, Romance",28850,1942-07-10,"Orson Welles, Fred Fleck, Robert Wise"
125,tt0035189,2020-05-27,2020-05-27,,"The Pied Piper","The Pied Piper",https://www.imdb.com/title/tt0035189/,Movie,7.0,87,1942,"Drama, War",892,1942-08-21,"Irving Pichel"
126,tt0035211,2020-05-27,2020-05-27,,"The Pride of the Yankees","The Pride of the Yankees",https://www.imdb.com/title/tt0035211/,Movie,7.6,128,1942,"Biography, Drama, Romance, Sport",12983,1943-03-05,"Sam Wood"
127,tt0035238,2020-05-27,2020-05-27,,"Random Harvest","Random Harvest",https://www.imdb.com/title/tt0035238/,Movie,7.9,126,1942,"Drama, Romance",9361,1943-08-31,"Mervyn LeRoy"
128,tt0035417,2020-05-27,2020-05-27,,"The Talk of the Town","The Talk of the Town",https://www.imdb.com/title/tt0035417/,Movie,7.5,118,1942,"Comedy, Drama, Romance, Thriller",10032,1942-08-20,"George Stevens"
129,tt0035530,2020-05-27,2020-05-27,,"Wake Island","Wake Island",https://www.imdb.com/title/tt0035530/,Movie,6.6,88,1942,"Action, Drama, War",2508,1942-08-11,"John Farrow"
130,tt0035575,2020-05-27,2020-05-27,,"Yankee Doodle Dandy","Yankee Doodle Dandy",https://www.imdb.com/title/tt0035575/,Movie,7.6,126,1942,"Biography, Drama, Family, Music, Musical",18205,1942-06-06,"Michael Curtiz"
131,tt0034583,2020-05-27,2020-05-27,,"Casablanca","Casablanca",https://www.imdb.com/title/tt0034583/,Movie,8.5,102,1942,"Drama, Romance, War",658030,1943-01-23,"Michael Curtiz"
132,tt0034583,2020-05-27,2020-05-27,"Oscar winner 1944","Casablanca","Casablanca",https://www.imdb.com/title/tt0034583/,Movie,8.5,102,1942,"Drama, Romance, War",658030,1943-01-23,"Michael Curtiz"
133,tt0035896,2020-05-27,2020-05-27,,"For Whom the Bell Tolls","For Whom the Bell Tolls",https://www.imdb.com/title/tt0035896/,Movie,6.8,170,1943,"Adventure, Drama, History, Romance, War",11187,1943-07-16,"Sam Wood"
134,tt0035979,2020-05-27,2020-05-27,,"Heaven Can Wait","Heaven Can Wait",https://www.imdb.com/title/tt0035979/,Movie,7.3,112,1943,"Comedy, Drama, Fantasy, Romance",13476,1943-08-13,"Ernst Lubitsch"
135,tt0036022,2020-05-27,2020-05-27,,"The Human Comedy","The Human Comedy",https://www.imdb.com/title/tt0036022/,Movie,7.0,117,1943,"Comedy, Drama, Family, Romance, War",2784,1944-02-14,"Clarence Brown"
136,tt0034891,2020-05-27,2020-05-27,,"In Which We Serve","In Which We Serve",https://www.imdb.com/title/tt0034891/,Movie,7.2,115,1942,"Drama, War",7138,1942-12-23,"Noël Coward, David Lean"
137,tt0036126,2020-05-27,2020-05-27,,"Madame Curie","Madame Curie",https://www.imdb.com/title/tt0036126/,Movie,7.2,124,1943,"Biography, Drama, Romance",3649,1944-02,"Mervyn LeRoy, Albert Lewin"
138,tt0036172,2020-05-27,2020-05-27,,"The More the Merrier","The More the Merrier",https://www.imdb.com/title/tt0036172/,Movie,7.6,104,1943,"Comedy, Romance",8361,1943-05-13,"George Stevens"
139,tt0036244,2020-05-27,2020-05-27,,"The Ox-Bow Incident","The Ox-Bow Incident",https://www.imdb.com/title/tt0036244/,Movie,8.0,75,1943,"Drama, Western",27369,1943-05-21,"William A. Wellman"
140,tt0036377,2020-05-27,2020-05-27,,"The Song of Bernadette","The Song of Bernadette",https://www.imdb.com/title/tt0036377/,Movie,7.6,156,1943,"Biography, Drama, Mystery",8482,1945-04,"Henry King"
141,tt0036515,2020-05-27,2020-05-27,,"Watch on the Rhine","Watch on the Rhine",https://www.imdb.com/title/tt0036515/,Movie,7.1,114,1943,"Drama, Thriller",5504,1943-08-27,"Herman Shumlin, Hal Mohr"
142,tt0036872,2020-05-27,2020-05-27,"Oscar winner 1945","Going My Way","Going My Way",https://www.imdb.com/title/tt0036872/,Movie,7.0,126,1944,"Comedy, Drama, Music",14900,1944-10-02,"Leo McCarey"
143,tt0036775,2020-05-27,2020-05-27,,"Double Indemnity","Double Indemnity",https://www.imdb.com/title/tt0036775/,Movie,8.3,107,1944,"Crime, Drama, Film-Noir, Mystery, Thriller",182463,1944-07-06,"Billy Wilder"
144,tt0036855,2020-05-27,2020-05-27,,"Gaslight","Gaslight",https://www.imdb.com/title/tt0036855/,Movie,7.8,114,1944,"Crime, Drama, Mystery, Romance, Thriller",38135,1944-06-16,"George Cukor"
145,tt0037280,2020-05-27,2020-05-27,,"Since You Went Away","Since You Went Away",https://www.imdb.com/title/tt0037280/,Movie,7.5,177,1944,"Drama, Romance, War",5541,1944-07-20,"John Cromwell, Edward F. Cline, Tay Garnett, David O. Selznick"
146,tt0037465,2020-05-27,2020-05-27,,"Wilson","Wilson",https://www.imdb.com/title/tt0037465/,Movie,6.3,154,1944,"Biography, Drama, History, Music, Romance",1869,1945-08,"Henry King"
147,tt0037884,2020-05-27,2020-05-27,"Oscar winner 1946","The Lost Weekend","The Lost Weekend",https://www.imdb.com/title/tt0037884/,Movie,7.9,101,1945,"Drama, Film-Noir",43478,1946-01,"Billy Wilder"
148,tt0037514,2020-05-27,2020-05-27,,"Anchors Aweigh","Anchors Aweigh",https://www.imdb.com/title/tt0037514/,Movie,7.0,140,1945,"Comedy, Fantasy, Musical",10071,1945-08-13,"George Sidney, Joseph Barbera, William Hanna"
149,tt0037536,2020-05-27,2020-05-27,,"The Bells of St. Mary's","The Bells of St. Mary's",https://www.imdb.com/title/tt0037536/,Movie,7.2,126,1945,"Drama",10623,1946-01-11,"Leo McCarey"
150,tt0037913,2020-05-27,2020-05-27,,"Mildred Pierce","Mildred Pierce",https://www.imdb.com/title/tt0037913/,Movie,7.9,111,1945,"Crime, Drama, Film-Noir, Mystery, Romance",31630,1945-10-20,"Michael Curtiz"
151,tt0038109,2020-05-27,2020-05-27,,"Spellbound","Spellbound",https://www.imdb.com/title/tt0038109/,Movie,7.5,111,1945,"Drama, Film-Noir, Mystery, Romance, Thriller",55647,1945-12-28,"Alfred Hitchcock"
152,tt0036868,2020-05-27,2020-05-27,"Oscar winner 1947","The Best Years of Our Lives","The Best Years of Our Lives",https://www.imdb.com/title/tt0036868/,Movie,8.1,170,1946,"Drama, Romance, War",76709,1947-05-29,"William Wyler"
153,tt0036910,2020-05-27,2020-05-27,,"Henry V","The Chronicle History of King Henry the Fifth with His Battell Fought at Agincourt in France",https://www.imdb.com/title/tt0036910/,Movie,7.0,137,1944,"Biography, Drama, History, War",7737,1945-10-28,"Laurence Olivier"
154,tt0038650,2020-05-27,2020-05-27,,"It's a Wonderful Life","It's a Wonderful Life",https://www.imdb.com/title/tt0038650/,Movie,8.6,130,1946,"Drama, Family, Fantasy, Romance",556692,1947-01-07,"Frank Capra"
155,tt0038873,2020-05-27,2020-05-27,,"The Razor's Edge","The Razor's Edge",https://www.imdb.com/title/tt0038873/,Movie,7.3,145,1946,"Drama, Romance",7448,1946-12-25,"Edmund Goulding"
156,tt0039111,2020-05-27,2020-05-27,,"The Yearling","The Yearling",https://www.imdb.com/title/tt0039111/,Movie,7.1,128,1946,"Drama, Family, Western",7072,1947-05,"Clarence Brown"
157,tt0039416,2020-05-27,2020-05-27,"Oscar winner 1948","Gentleman's Agreement","Gentleman's Agreement",https://www.imdb.com/title/tt0039416/,Movie,7.2,118,1947,"Drama, Romance",19266,1948-03,"Elia Kazan"
158,tt0039190,2020-05-27,2020-05-27,,"The Bishop's Wife","The Bishop's Wife",https://www.imdb.com/title/tt0039190/,Movie,7.6,109,1947,"Comedy, Drama, Fantasy, Romance",23924,1948-02-16,"Henry Koster"
159,tt0039286,2020-05-27,2020-05-27,,"Crossfire","Crossfire",https://www.imdb.com/title/tt0039286/,Movie,7.2,86,1947,"Crime, Drama, Film-Noir, Mystery",10965,1947-08-15,"Edward Dmytryk"
160,tt0038574,2020-05-27,2020-05-27,,"Great Expectations","Great Expectations",https://www.imdb.com/title/tt0038574/,Movie,7.8,118,1946,"Adventure, Drama, Mystery, Romance",28492,1947-05-22,"David Lean"
161,tt0039628,2020-05-27,2020-05-27,,"Miracle on 34th Street","Miracle on 34th Street",https://www.imdb.com/title/tt0039628/,Movie,7.9,96,1947,"Comedy, Drama, Family, Fantasy",59948,1947-07-04,"George Seaton"
162,tt0040416,2020-05-27,2020-05-27,"Oscar winner 1949","Hamlet","Hamlet",https://www.imdb.com/title/tt0040416/,Movie,7.5,154,1948,"Drama",20030,1948-06-11,"Laurence Olivier"
163,tt0040495,2020-05-27,2020-05-27,,"Johnny Belinda","Johnny Belinda",https://www.imdb.com/title/tt0040495/,Movie,7.7,102,1948,"Drama",5851,1948-09-14,"Jean Negulesco"
164,tt0040725,2020-05-27,2020-05-27,,"The Red Shoes","The Red Shoes",https://www.imdb.com/title/tt0040725/,Movie,8.1,135,1948,"Drama, Music, Romance",43959,1948-10-22,"Michael Powell, Emeric Pressburger"
165,tt0040806,2020-05-27,2020-05-27,,"The Snake Pit","The Snake Pit",https://www.imdb.com/title/tt0040806/,Movie,7.5,108,1948,"Drama, Mystery",9196,1948-11-13,"Anatole Litvak"
166,tt0040897,2020-05-27,2020-05-27,,"The Treasure of the Sierra Madre","The Treasure of the Sierra Madre",https://www.imdb.com/title/tt0040897/,Movie,8.2,126,1948,"Adventure, Drama, Western",142146,1948-01-24,"John Huston"
167,tt0041113,2020-05-27,2020-05-27,"Oscar winner 1950","All the King's Men","All the King's Men",https://www.imdb.com/title/tt0041113/,Movie,7.4,110,1949,"Drama, Film-Noir",18262,1950-01,"Robert Rossen"
168,tt0041163,2020-05-27,2020-05-27,,"Battleground","Battleground",https://www.imdb.com/title/tt0041163/,Movie,7.4,118,1949,"Action, Drama, History, War",8595,1950-01-20,"William A. Wellman"
169,tt0041452,2020-05-27,2020-05-27,,"The Heiress","The Heiress",https://www.imdb.com/title/tt0041452/,Movie,8.1,115,1949,"Drama, Romance",19142,1949-12-28,"William Wyler"
170,tt0041587,2020-05-27,2020-05-27,,"A Letter to Three Wives","A Letter to Three Wives",https://www.imdb.com/title/tt0041587/,Movie,7.6,103,1949,"Comedy, Drama, Romance",11803,1949-02-03,"Joseph L. Mankiewicz"
171,tt0041996,2020-05-27,2020-05-27,,"Twelve O'Clock High","Twelve O'Clock High",https://www.imdb.com/title/tt0041996/,Movie,7.7,132,1949,"Drama, War",15771,1950-02-13,"Henry King"
172,tt0042192,2020-05-27,2020-05-27,"Oscar winner 1951","All About Eve","All About Eve",https://www.imdb.com/title/tt0042192/,Movie,8.2,138,1950,"Drama",150007,1950-10-27,"Joseph L. Mankiewicz"
173,tt0042276,2020-05-27,2020-05-27,,"Born Yesterday","Born Yesterday",https://www.imdb.com/title/tt0042276/,Movie,7.5,103,1950,"Comedy, Drama, Romance",13697,1951-02,"George Cukor"
174,tt0042451,2020-05-27,2020-05-27,,"Father of the Bride","Father of the Bride",https://www.imdb.com/title/tt0042451/,Movie,7.1,92,1950,"Comedy, Drama, Romance",13608,1950-06-16,"Vincente Minnelli"
175,tt0042646,2020-05-27,2020-05-27,,"King Solomon's Mines","King Solomon's Mines",https://www.imdb.com/title/tt0042646/,Movie,6.7,103,1950,"Action, Adventure, Romance",7910,1950-11-24,"Compton Bennett, Andrew Marton"
176,tt0043014,2020-05-27,2020-05-27,,"Sunset Boulevard","Sunset Blvd.",https://www.imdb.com/title/tt0043014/,Movie,8.4,110,1950,"Drama, Film-Noir",262655,1950-08-04,"Billy Wilder"
177,tt0043278,2020-06-06,2020-06-06,"Oscar winner 1952","An American in Paris","An American in Paris",https://www.imdb.com/title/tt0043278/,Movie,7.1,114,1951,"Drama, Musical, Romance",39619,1951-11-11,"Vincente Minnelli"
178,tt0043459,2020-06-06,2020-06-06,,"Decision Before Dawn","Decision Before Dawn",https://www.imdb.com/title/tt0043459/,Movie,7.2,119,1951,"Drama, War",3345,1952-02-25,"Anatole Litvak"
179,tt0043924,2020-06-06,2020-06-06,,"A Place in the Sun","A Place in the Sun",https://www.imdb.com/title/tt0043924/,Movie,7.7,122,1951,"Drama, Romance",27103,1951-11-09,"George Stevens"
180,tt0043949,2020-06-06,2020-06-06,,"Quo Vadis","Quo Vadis",https://www.imdb.com/title/tt0043949/,Movie,7.1,171,1951,"Drama, Romance",18605,1951-12-25,"Mervyn LeRoy, Anthony Mann"
181,tt0044081,2020-06-06,2020-06-06,,"A Streetcar Named Desire","A Streetcar Named Desire",https://www.imdb.com/title/tt0044081/,Movie,7.9,122,1951,"Drama",119212,1951-09-19,"Elia Kazan"
182,tt0044672,2020-06-06,2020-06-06,"Oscar winner 1953","The Greatest Show on Earth","The Greatest Show on Earth",https://www.imdb.com/title/tt0044672/,Movie,6.5,152,1952,"Drama, Family, Romance",17493,1952-05,"Cecil B. DeMille"
183,tt0044706,2020-06-06,2020-06-06,,"High Noon","High Noon",https://www.imdb.com/title/tt0044706/,Movie,7.9,85,1952,"Drama, Thriller, Western",116989,1952-07-30,"Fred Zinnemann"
184,tt0044760,2020-06-06,2020-06-06,,"Ivanhoe","Ivanhoe",https://www.imdb.com/title/tt0044760/,Movie,6.7,106,1952,"Action, Adventure, Drama, Romance",11387,1953-02-20,"Richard Thorpe"
185,tt0044926,2020-06-06,2020-06-06,,"Moulin Rouge","Moulin Rouge",https://www.imdb.com/title/tt0044926/,Movie,7.0,119,1952,"Biography, Drama, Music, Romance",7368,1953-04-10,"John Huston"
186,tt0045061,2020-06-06,2020-06-06,,"The Quiet Man","The Quiet Man",https://www.imdb.com/title/tt0045061/,Movie,7.7,129,1952,"Comedy, Drama, Romance",46151,1952-09-14,"John Ford"
187,tt0045793,2020-06-06,2020-06-06,"Oscar winner 1954","From Here to Eternity","From Here to Eternity",https://www.imdb.com/title/tt0045793/,Movie,7.6,118,1953,"Drama, Romance, War",54642,1953-08-28,"Fred Zinnemann"
188,tt0045943,2020-06-06,2020-06-06,,"Julius Caesar","Julius Caesar",https://www.imdb.com/title/tt0045943/,Movie,7.2,120,1953,"Drama, History",14230,1953-06-04,"Joseph L. Mankiewicz"
189,tt0046247,2020-06-06,2020-06-06,,"The Robe","The Robe",https://www.imdb.com/title/tt0046247/,Movie,6.7,135,1953,"Drama, History, Romance",13009,1953-12-04,"Henry Koster"
190,tt0046250,2020-06-06,2020-06-06,,"Roman Holiday","Roman Holiday",https://www.imdb.com/title/tt0046250/,Movie,8.0,118,1953,"Comedy, Drama, Romance",158169,1953-09-02,"William Wyler"
191,tt0046303,2020-06-06,2020-06-06,,"Shane","Shane",https://www.imdb.com/title/tt0046303/,Movie,7.6,118,1953,"Drama, Western",48038,1953-08-14,"George Stevens"
192,tt0047296,2020-06-06,2020-06-06,"Oscar winner 1955","On the Waterfront","On the Waterfront",https://www.imdb.com/title/tt0047296/,Movie,8.1,108,1954,"Crime, Drama, Thriller",179787,1954-06-22,"Elia Kazan"
193,tt0046816,2020-06-06,2020-06-06,,"The Caine Mutiny","The Caine Mutiny",https://www.imdb.com/title/tt0046816/,Movie,7.7,124,1954,"Drama, War",31170,1954-06-24,"Edward Dmytryk"
194,tt0046874,2020-06-06,2020-06-06,,"The Country Girl","The Country Girl",https://www.imdb.com/title/tt0046874/,Movie,7.2,104,1954,"Drama, Music",7403,1955-05-17,"George Seaton"
195,tt0047472,2020-06-06,2020-06-06,,"Seven Brides for Seven Brothers","Seven Brides for Seven Brothers",https://www.imdb.com/title/tt0047472/,Movie,7.3,102,1954,"Comedy, Musical, Romance, Western",28230,1954-08-06,"Stanley Donen"
196,tt0047580,2020-06-06,2020-06-06,,"Three Coins in the Fountain","Three Coins in the Fountain",https://www.imdb.com/title/tt0047580/,Movie,6.3,102,1954,"Drama, Romance",4127,1954-05,"Jean Negulesco"
197,tt0048356,2020-08-01,2020-08-01,"Oscar winner 1956","Marty","Marty",https://www.imdb.com/title/tt0048356/,Movie,7.6,90,1955,"Drama, Romance",30880,1955-06-10,"Delbert Mann"
198,tt0048316,2020-08-01,2020-08-01,,"Love Is a Many-Splendored Thing","Love Is a Many-Splendored Thing",https://www.imdb.com/title/tt0048316/,Movie,6.4,102,1955,"Biography, Drama, Romance, War",5900,1955-09-26,"Henry King, Otto Lang"
199,tt0048380,2020-08-01,2020-08-01,,"Mister Roberts","Mister Roberts",https://www.imdb.com/title/tt0048380/,Movie,7.6,123,1955,"Comedy, Drama, War",19770,1955-07-30,"John Ford, Mervyn LeRoy, Joshua Logan"
200,tt0048491,2020-08-01,2020-08-01,,"Picnic","Picnic",https://www.imdb.com/title/tt0048491/,Movie,7.0,115,1955,"Drama, Romance",10736,1955-12,"Joshua Logan"
201,tt0048563,2020-08-01,2020-08-01,,"The Rose Tattoo","The Rose Tattoo",https://www.imdb.com/title/tt0048563/,Movie,6.9,117,1955,"Comedy, Drama, Romance",5064,1955-12-13,"Daniel Mann"
202,tt0048960,2020-08-01,2020-08-01,"Oscar winner 1957","Around the World in 80 Days","Around the World in Eighty Days",https://www.imdb.com/title/tt0048960/,Movie,6.7,175,1956,"Adventure, Comedy, Family, Romance",32191,1956-10-17,"Michael Anderson, John Farrow"
203,tt0049233,2020-08-01,2020-08-01,,"Friendly Persuasion","Friendly Persuasion",https://www.imdb.com/title/tt0049233/,Movie,7.3,137,1956,"Drama, Family, Romance, War, Western",8511,1956-11-25,"William Wyler"
204,tt0049261,2020-08-01,2020-08-01,,"Giant","Giant",https://www.imdb.com/title/tt0049261/,Movie,7.6,201,1956,"Drama, Western",44218,1956-11-24,"George Stevens"
205,tt0049408,2020-08-01,2020-08-01,,"The King and I","The King and I",https://www.imdb.com/title/tt0049408/,Movie,7.4,133,1956,"Biography, Drama, Musical, Romance",29706,1956-06-29,"Walter Lang"
206,tt0049833,2020-08-01,2020-08-01,,"The Ten Commandments","The Ten Commandments",https://www.imdb.com/title/tt0049833/,Movie,7.9,220,1956,"Adventure, Drama, Family, History",85248,1956-10-05,"Cecil B. DeMille"
207,tt0050212,2020-08-01,2020-08-01,"Oscar winner 1958","The Bridge on the River Kwai","The Bridge on the River Kwai",https://www.imdb.com/title/tt0050212/,Movie,8.1,161,1957,"Adventure, Drama, War",249710,1957-12-14,"David Lean"
208,tt0050083,2020-08-01,2020-08-01,,"12 Angry Men","12 Angry Men",https://www.imdb.com/title/tt0050083/,Movie,9.0,96,1957,"Crime, Drama",994692,1957-04-10,"Sidney Lumet"
209,tt0050839,2020-08-01,2020-08-01,,"Peyton Place","Peyton Place",https://www.imdb.com/title/tt0050839/,Movie,7.2,157,1957,"Crime, Drama, Mystery, Romance",7289,1958-02-19,"Mark Robson"
210,tt0050933,2020-08-01,2020-08-01,,"Sayonara","Sayonara",https://www.imdb.com/title/tt0050933/,Movie,7.0,147,1957,"Drama, Romance",8944,1958-01-31,"Joshua Logan"
211,tt0051201,2020-08-01,2020-08-01,,"Witness for the Prosecution","Witness for the Prosecution",https://www.imdb.com/title/tt0051201/,Movie,8.4,116,1957,"Crime, Drama, Mystery, Thriller",163309,1958-02-06,"Billy Wilder"
212,tt0051658,2020-08-01,2020-08-01,"Oscar winner 1959","Gigi","Gigi",https://www.imdb.com/title/tt0051658/,Movie,6.6,115,1958,"Comedy, Musical, Romance",25072,1958-06-25,"Vincente Minnelli, Charles Walters"
213,tt0051383,2020-08-01,2020-08-01,,"Auntie Mame","Auntie Mame",https://www.imdb.com/title/tt0051383/,Movie,7.9,143,1958,"Comedy, Drama, Romance",13915,1958-12-27,"Morton DaCosta"
214,tt0051459,2020-08-01,2020-08-01,,"Cat on a Hot Tin Roof","Cat on a Hot Tin Roof",https://www.imdb.com/title/tt0051459/,Movie,7.9,108,1958,"Drama",57286,1958-08-29,"Richard Brooks"
215,tt0051525,2020-08-01,2020-08-01,,"The Defiant Ones","The Defiant Ones",https://www.imdb.com/title/tt0051525/,Movie,7.5,96,1958,"Crime, Drama",20278,1958-09-27,"Stanley Kramer"
216,tt0052182,2020-08-01,2020-08-01,,"Separate Tables","Separate Tables",https://www.imdb.com/title/tt0052182/,Movie,7.3,100,1958,"Drama, Romance",9901,1959-02-11,"Delbert Mann"
217,tt0052618,2020-08-01,2020-08-01,"Oscar winner 1960","Ben-Hur","Ben-Hur",https://www.imdb.com/title/tt0052618/,Movie,8.1,212,1959,"Adventure, Drama",272300,1959-11-18,"William Wyler"
218,tt0052561,2020-08-01,2020-08-01,,"Anatomy of a Murder","Anatomy of a Murder",https://www.imdb.com/title/tt0052561/,Movie,8.0,161,1959,"Drama, Mystery",78216,1959-07-13,"Otto Preminger"
219,tt0052738,2020-08-01,2020-08-01,,"The Diary of Anne Frank","The Diary of Anne Frank",https://www.imdb.com/title/tt0052738/,Movie,7.4,180,1959,"Biography, Drama, Family, History, War",14647,1959-04-17,"George Stevens"
220,tt0053131,2020-08-01,2020-08-01,,"The Nun's Story","The Nun's Story",https://www.imdb.com/title/tt0053131/,Movie,7.5,149,1959,"Drama",12791,1959-07-18,"Fred Zinnemann"
221,tt0053226,2020-08-01,2020-08-01,,"Room at the Top","Room at the Top",https://www.imdb.com/title/tt0053226/,Movie,7.5,115,1958,"Drama, Romance",8295,1959-05-29,"Jack Clayton"
222,tt0053604,2020-08-01,2020-08-01,"Oscar winner 1961","The Apartment","The Apartment",https://www.imdb.com/title/tt0053604/,Movie,8.3,125,1960,"Comedy, Drama, Romance",221704,1960-06-29,"Billy Wilder"
223,tt0053580,2020-08-01,2020-08-01,,"The Alamo","The Alamo",https://www.imdb.com/title/tt0053580/,Movie,6.8,162,1960,"Adventure, Drama, History, War, Western",19754,1960-10-27,"John Wayne"
224,tt0053793,2020-08-01,2020-08-01,,"Elmer Gantry","Elmer Gantry",https://www.imdb.com/title/tt0053793/,Movie,7.7,146,1960,"Drama",14605,1960-08-26,"Richard Brooks"
225,tt0054326,2020-08-01,2020-08-01,,"Sons and Lovers","Sons and Lovers",https://www.imdb.com/title/tt0054326/,Movie,7.1,103,1960,"Drama",2002,1960-07-14,"Jack Cardiff"
226,tt0054353,2020-08-01,2020-08-01,,"The Sundowners","The Sundowners",https://www.imdb.com/title/tt0054353/,Movie,7.1,133,1960,"Drama, Western",5320,1960-12-09,"Fred Zinnemann"
227,tt0055614,2020-08-01,2020-08-01,"Oscar winner 1962","West Side Story","West Side Story",https://www.imdb.com/title/tt0055614/,Movie,7.6,153,1961,"Crime, Drama, Musical, Romance",128281,1961-12-23,"Jerome Robbins, Robert Wise"
228,tt0054866,2020-08-01,2020-08-01,,"Fanny","Fanny",https://www.imdb.com/title/tt0054866/,Movie,6.8,134,1961,"Drama, Romance",2987,1961-06-28,"Joshua Logan"
229,tt0054953,2020-08-01,2020-08-01,,"The Guns of Navarone","The Guns of Navarone",https://www.imdb.com/title/tt0054953/,Movie,7.5,158,1961,"Action, Adventure, Drama, War",60043,1961-07-27,"J. Lee Thompson"
230,tt0054997,2020-08-01,2020-08-01,,"The Hustler","The Hustler",https://www.imdb.com/title/tt0054997/,Movie,7.9,134,1961,"Drama, Sport",90239,1961-09-25,"Robert Rossen"
231,tt0055031,2020-08-01,2020-08-01,,"Judgment at Nuremberg","Judgment at Nuremberg",https://www.imdb.com/title/tt0055031/,Movie,8.3,179,1961,"Drama, History, War",97681,1961-12-18,"Stanley Kramer"
232,tt0056172,2020-08-01,2020-08-01,"Oscar winner 1963","Lawrence of Arabia","Lawrence of Arabia",https://www.imdb.com/title/tt0056172/,Movie,8.3,227,1962,"Adventure, Biography, Drama, War",343822,1962-12-16,"David Lean"
233,tt0056197,2020-08-01,2020-08-01,,"The Longest Day","The Longest Day",https://www.imdb.com/title/tt0056197/,Movie,7.7,179,1962,"Action, Drama, History, War",63343,1962-10-04,"Gerd Oswald, Darryl F. Zanuck"
234,tt0056262,2020-08-01,2020-08-01,,"The Music Man","The Music Man",https://www.imdb.com/title/tt0056262/,Movie,7.7,151,1962,"Comedy, Family, Musical, Romance",20932,1962-06-19,"Morton DaCosta"
235,tt0056264,2020-08-01,2020-08-01,,"Mutiny on the Bounty","Mutiny on the Bounty",https://www.imdb.com/title/tt0056264/,Movie,7.2,178,1962,"Adventure, Drama, History, Romance",19564,1962-11-08,"Lewis Milestone, Carol Reed, George Seaton"
236,tt0056592,2020-08-01,2020-08-01,,"To Kill a Mockingbird","To Kill a Mockingbird",https://www.imdb.com/title/tt0056592/,Movie,8.2,129,1962,"Crime, Drama",352022,1963-03-16,"Robert Mulligan"
237,tt0057590,2020-08-01,2020-08-01,"Oscar winner 1964","Tom Jones","Tom Jones",https://www.imdb.com/title/tt0057590/,Movie,6.3,129,1963,"Adventure, Comedy, History, Romance",15452,1963-06-27,"Tony Richardson"
238,tt0056825,2020-08-01,2020-08-01,,"America America","America America",https://www.imdb.com/title/tt0056825/,Movie,7.7,174,1963,"Adventure, Drama",6466,1964-06-17,"Elia Kazan"
239,tt0056937,2020-08-01,2020-08-01,,"Cleopatra","Cleopatra",https://www.imdb.com/title/tt0056937/,Movie,7.0,320,1963,"Biography, Drama, History, Romance",41516,1963-07-31,"Joseph L. Mankiewicz, Rouben Mamoulian"
240,tt0056085,2020-08-01,2020-08-01,,"How the West Was Won","How the West Was Won",https://www.imdb.com/title/tt0056085/,Movie,7.1,164,1962,"Action, Adventure, War, Western",25689,1963-02-20,"John Ford, Henry Hathaway, George Marshall, Richard Thorpe"
241,tt0057251,2020-08-01,2020-08-01,,"Lilies of the Field","Lilies of the Field",https://www.imdb.com/title/tt0057251/,Movie,7.5,94,1963,"Comedy, Drama",15515,1963-07-05,"Ralph Nelson"
242,tt0058385,2020-08-01,2020-08-01,"Oscar winner 1965","My Fair Lady","My Fair Lady",https://www.imdb.com/title/tt0058385/,Movie,7.7,170,1964,"Drama, Musical, Romance",108232,1964-12-25,"George Cukor"
243,tt0057877,2020-08-01,2020-08-01,,"Becket","Becket",https://www.imdb.com/title/tt0057877/,Movie,7.7,148,1964,"Biography, Drama, History",17162,1964-03-11,"Peter Glenville"
244,tt0057012,2020-08-01,2020-08-01,,"Dr. Strangelove or: How I Learned to Stop Worrying and Love the Bomb","Dr. Strangelove or: How I Learned to Stop Worrying and Love the Bomb",https://www.imdb.com/title/tt0057012/,Movie,8.3,95,1964,"Comedy, War",552571,1964-01-29,"Stanley Kubrick"
245,tt0058331,2020-08-01,2020-08-01,,"Mary Poppins","Mary Poppins",https://www.imdb.com/title/tt0058331/,Movie,7.8,139,1964,"Comedy, Family, Fantasy, Musical",199641,1965-06-18,"Robert Stevenson"
246,tt0057831,2020-08-01,2020-08-01,,"Zorba the Greek","Alexis Zorbas",https://www.imdb.com/title/tt0057831/,Movie,7.6,142,1964,"Comedy, Drama",25735,1964-12-14,"Michael Cacoyannis"
247,tt0059742,2020-08-01,2020-08-01,"Oscar winner 1966","The Sound of Music","The Sound of Music",https://www.imdb.com/title/tt0059742/,Movie,8.1,174,1965,"Biography, Drama, Family, Musical, Romance",293140,1965-04-01,"Robert Wise"
248,tt0059084,2020-08-01,2020-08-01,,"Darling","Darling",https://www.imdb.com/title/tt0059084/,Movie,7.0,128,1965,"Drama, Romance",8775,1965-08-03,"John Schlesinger"
249,tt0059113,2020-08-01,2020-08-01,,"Doctor Zhivago","Doctor Zhivago",https://www.imdb.com/title/tt0059113/,Movie,7.9,197,1965,"Drama, Romance, War",87676,1965-12-31,"David Lean"
250,tt0059712,2020-08-01,2020-08-01,,"Ship of Fools","Ship of Fools",https://www.imdb.com/title/tt0059712/,Movie,7.0,149,1965,"Drama, Romance, War",7781,1965-08-06,"Stanley Kramer"
251,tt0059798,2020-08-01,2020-08-01,,"A Thousand Clowns","A Thousand Clowns",https://www.imdb.com/title/tt0059798/,Movie,7.3,118,1965,"Comedy, Drama, Romance",3976,1966-09-09,"Fred Coe"
252,tt0060665,2020-10-06,2020-10-06,"Oscar winner 1967","A Man for All Seasons","A Man for All Seasons",https://www.imdb.com/title/tt0060665/,Movie,7.7,120,1966,"Biography, Drama, History",40588,1966-12-16,"Fred Zinnemann"
253,tt0060086,2020-10-06,2020-10-06,,"Alfie","Alfie",https://www.imdb.com/title/tt0060086/,Movie,7.0,114,1966,"Comedy, Drama",16928,1966-08-24,"Lewis Gilbert"
254,tt0060921,2020-10-06,2020-10-06,,"The Russians Are Coming the Russians Are Coming","The Russians Are Coming the Russians Are Coming",https://www.imdb.com/title/tt0060921/,Movie,7.0,126,1966,"Comedy, War",11271,1966-05-25,"Norman Jewison"
255,tt0060934,2020-10-06,2020-10-06,,"The Sand Pebbles","The Sand Pebbles",https://www.imdb.com/title/tt0060934/,Movie,7.5,182,1966,"Adventure, Drama, Romance, War",17922,1966-12-20,"Robert Wise"
256,tt0061184,2020-10-06,2020-10-06,,"Who's Afraid of Virginia Woolf?","Who's Afraid of Virginia Woolf?",https://www.imdb.com/title/tt0061184/,Movie,8.0,131,1966,"Drama",83445,1966-06-22,"Mike Nichols"
257,tt0061811,2020-10-06,2020-10-06,"Oscar winner 1968","In the Heat of the Night","In the Heat of the Night",https://www.imdb.com/title/tt0061811/,Movie,7.9,110,1967,"Drama, Mystery, Thriller",91940,1967-08-02,"Norman Jewison"
258,tt0061418,2020-10-06,2020-10-06,,"Bonnie and Clyde","Bonnie and Clyde",https://www.imdb.com/title/tt0061418/,Movie,7.7,111,1967,"Action, Biography, Crime, Drama",127293,1967-08-14,"Arthur Penn"
259,tt0061584,2020-10-06,2020-10-06,,"Doctor Dolittle","Doctor Dolittle",https://www.imdb.com/title/tt0061584/,Movie,6.2,152,1967,"Adventure, Comedy, Family, Fantasy, Musical, Romance",11101,1967-12-19,"Richard Fleischer"
260,tt0061722,2020-10-06,2020-10-06,,"The Graduate","The Graduate",https://www.imdb.com/title/tt0061722/,Movie,8.0,106,1967,"Comedy, Drama, Romance",302996,1967-12-21,"Mike Nichols"
261,tt0061735,2020-10-06,2020-10-06,,"Guess Who's Coming to Dinner","Guess Who's Coming to Dinner",https://www.imdb.com/title/tt0061735/,Movie,7.8,108,1967,"Comedy, Drama",52970,1967-12-12,"Stanley Kramer"
262,tt0063385,2020-10-06,2020-10-06,"Oscar winner 1969","Oliver!","Oliver!",https://www.imdb.com/title/tt0063385/,Movie,7.4,153,1968,"Drama, Family, Musical",44628,1968-09-27,"Carol Reed"
263,tt0062994,2020-10-06,2020-10-06,,"Funny Girl","Funny Girl",https://www.imdb.com/title/tt0062994/,Movie,7.4,151,1968,"Biography, Comedy, Drama, Musical, Romance",27575,1968-09-19,"William Wyler"
264,tt0063227,2020-10-06,2020-10-06,,"The Lion in Winter","The Lion in Winter",https://www.imdb.com/title/tt0063227/,Movie,7.8,134,1968,"Biography, Drama, History",37039,1968-10-30,"Anthony Harvey"
265,tt0063483,2020-10-06,2020-10-06,,"Rachel, Rachel","Rachel, Rachel",https://www.imdb.com/title/tt0063483/,Movie,7.1,101,1968,"Drama, Romance",4502,1968-08-26,"Paul Newman"
266,tt0063518,2020-10-06,2020-10-06,,"Romeo and Juliet","Romeo and Juliet",https://www.imdb.com/title/tt0063518/,Movie,7.6,138,1968,"Drama, Romance",37605,1968-10-08,"Franco Zeffirelli"
267,tt0064665,2020-10-06,2020-10-06,"Oscar winner 1970","Midnight Cowboy","Midnight Cowboy",https://www.imdb.com/title/tt0064665/,Movie,7.8,113,1969,"Drama",132004,1969-05-25,"John Schlesinger"
268,tt0064030,2020-10-06,2020-10-06,,"Anne of the Thousand Days","Anne of the Thousand Days",https://www.imdb.com/title/tt0064030/,Movie,7.4,145,1969,"Biography, Drama, History",8854,1969-12-18,"Charles Jarrott"
269,tt0064115,2020-10-06,2020-10-06,,"Butch Cassidy and the Sundance Kid","Butch Cassidy and the Sundance Kid",https://www.imdb.com/title/tt0064115/,Movie,8.0,110,1969,"Adventure, Biography, Crime, Drama, Western",239020,1969-09-24,"George Roy Hill"
270,tt0064418,2020-10-06,2020-10-06,,"Hello, Dolly!","Hello, Dolly!",https://www.imdb.com/title/tt0064418/,Movie,7.1,146,1969,"Adventure, Comedy, Musical, Romance",18677,1969-12-16,"Gene Kelly"
271,tt0065234,2020-10-06,2020-10-06,,"Z","Z",https://www.imdb.com/title/tt0065234/,Movie,8.1,127,1969,"Crime, Drama, Thriller",34231,1969-12-08,"Costa-Gavras"
272,tt0066206,2020-10-06,2020-10-06,"Oscar winner 1971","Patton","Patton",https://www.imdb.com/title/tt0066206/,Movie,7.9,172,1970,"Biography, Drama, War",113699,1970-04-02,"Franklin J. Schaffner"
273,tt0065377,2020-10-06,2020-10-06,,"Airport","Airport",https://www.imdb.com/title/tt0065377/,Movie,6.6,137,1970,"Action, Drama, Thriller",24915,1970-03-19,"George Seaton, Henry Hathaway"
274,tt0065724,2020-10-06,2020-10-06,,"Five Easy Pieces","Five Easy Pieces",https://www.imdb.com/title/tt0065724/,Movie,7.3,98,1970,"Drama",44785,1970-09-12,"Bob Rafelson"
275,tt0066011,2020-10-06,2020-10-06,,"Love Story","Love Story",https://www.imdb.com/title/tt0066011/,Movie,6.9,100,1970,"Drama, Romance",40520,1970-12-16,"Arthur Hiller"
276,tt0066026,2020-10-06,2020-10-06,,"M*A*S*H","MASH",https://www.imdb.com/title/tt0066026/,Movie,7.3,116,1970,"Comedy, Drama, War",83299,1970-03-18,"Robert Altman"
277,tt0067116,2020-10-06,2020-10-06,"Oscar winner 1972","The French Connection","The French Connection",https://www.imdb.com/title/tt0067116/,Movie,7.6,104,1971,"Action, Crime, Drama, Thriller",151530,1971-10-09,"William Friedkin"
278,tt0066921,2020-10-06,2020-10-06,,"A Clockwork Orange","A Clockwork Orange",https://www.imdb.com/title/tt0066921/,Movie,8.2,136,1971,"Crime, Sci-Fi",940637,1972-02-02,"Stanley Kubrick"
279,tt0067093,2020-10-06,2020-10-06,,"Fiddler on the Roof","Fiddler on the Roof",https://www.imdb.com/title/tt0067093/,Movie,8.0,181,1971,"Drama, Family, Musical, Romance",52489,1971-11-03,"Norman Jewison"
280,tt0067328,2020-10-06,2020-10-06,,"The Last Picture Show","The Last Picture Show",https://www.imdb.com/title/tt0067328/,Movie,8.0,118,1971,"Drama, Romance",57263,1971-10-22,"Peter Bogdanovich"
281,tt0067483,2020-10-06,2020-10-06,,"Nicholas and Alexandra","Nicholas and Alexandra",https://www.imdb.com/title/tt0067483/,Movie,7.2,183,1971,"Biography, Drama, History, War",6282,1971-12-13,"Franklin J. Schaffner"
282,tt0068646,2020-10-06,2020-10-06,"Oscar winner 1973","The Godfather","The Godfather",https://www.imdb.com/title/tt0068646/,Movie,9.2,175,1972,"Crime, Drama",2241859,1972-03-24,"Francis Ford Coppola"
283,tt0068327,2020-10-06,2020-10-06,,"Cabaret","Cabaret",https://www.imdb.com/title/tt0068327/,Movie,7.8,124,1972,"Drama, Music, Musical, Romance",64038,1972-02-13,"Bob Fosse"
284,tt0068473,2020-10-06,2020-10-06,,"Deliverance","Deliverance",https://www.imdb.com/title/tt0068473/,Movie,7.6,109,1972,"Adventure, Drama, Thriller",129541,1972-08-18,"John Boorman"
285,tt0067919,2020-10-06,2020-10-06,,"The Emigrants","Utvandrarna",https://www.imdb.com/title/tt0067919/,Movie,8.0,151,1971,"Drama, History",8345,1971-03-08,"Jan Troell"
286,tt0069303,2020-10-06,2020-10-06,,"Sounder","Sounder",https://www.imdb.com/title/tt0069303/,Movie,7.5,105,1972,"Drama, Family",5362,1973-04-26,"Martin Ritt"
287,tt0070735,2020-10-06,2020-10-06,"Oscar winner 1974","The Sting","The Sting",https://www.imdb.com/title/tt0070735/,Movie,8.2,129,1973,"Comedy, Crime, Drama",303963,1973-12-25,"George Roy Hill"
288,tt0069704,2020-10-06,2020-10-06,,"American Graffiti","American Graffiti",https://www.imdb.com/title/tt0069704/,Movie,7.4,110,1973,"Comedy, Drama",106115,1973-08-11,"George Lucas"
289,tt0069467,2020-10-06,2020-10-06,,"Cries & Whispers","Viskningar och rop",https://www.imdb.com/title/tt0069467/,Movie,7.9,92,1972,"Drama",40038,1973-03-05,"Ingmar Bergman"
290,tt0070047,2020-10-06,2020-10-06,,"The Exorcist","The Exorcist",https://www.imdb.com/title/tt0070047/,Movie,8.1,122,1973,"Horror",501489,1973-12-26,"William Friedkin"
291,tt0070819,2020-10-06,2020-10-06,,"A Touch of Class","A Touch of Class",https://www.imdb.com/title/tt0070819/,Movie,6.5,106,1973,"Comedy, Romance",3891,1973-05-25,"Melvin Frank"
292,tt0071562,2020-10-06,2020-10-06,"Oscar winner 1975","The Godfather Part II","The Godfather Part II",https://www.imdb.com/title/tt0071562/,Movie,9.0,202,1974,"Crime, Drama",1503997,1974-12-18,"Francis Ford Coppola"
293,tt0071315,2020-10-06,2020-10-06,,"Chinatown","Chinatown",https://www.imdb.com/title/tt0071315/,Movie,8.1,130,1974,"Drama, Mystery, Thriller",378263,1974-06-20,"Roman Polanski"
294,tt0071360,2020-10-06,2020-10-06,,"The Conversation","The Conversation",https://www.imdb.com/title/tt0071360/,Movie,7.7,113,1974,"Drama, Mystery, Thriller",136801,1974-04-12,"Francis Ford Coppola"
295,tt0071746,2020-10-06,2020-10-06,,"Lenny","Lenny",https://www.imdb.com/title/tt0071746/,Movie,7.5,111,1974,"Biography, Drama",19683,1975-08-08,"Bob Fosse"
296,tt0072308,2020-10-06,2020-10-06,,"The Towering Inferno","The Towering Inferno",https://www.imdb.com/title/tt0072308/,Movie,7.0,165,1974,"Action, Drama, Thriller",53211,1974-12-14,"John Guillermin"
297,tt0073486,2020-10-06,2020-10-06,"Oscar winner 1976","One Flew Over the Cuckoo's Nest","One Flew Over the Cuckoo's Nest",https://www.imdb.com/title/tt0073486/,Movie,8.6,133,1975,"Drama",1161884,1975-11-21,"Miloš Forman"
298,tt0072684,2020-10-06,2020-10-06,,"Barry Lyndon","Barry Lyndon",https://www.imdb.com/title/tt0072684/,Movie,8.1,185,1975,"Adventure, Drama, War",206771,1975-12-18,"Stanley Kubrick"
299,tt0072890,2020-10-06,2020-10-06,,"Dog Day Afternoon","Dog Day Afternoon",https://www.imdb.com/title/tt0072890/,Movie,8.0,125,1975,"Biography, Crime, Drama, Thriller",293050,1975-12-25,"Sidney Lumet"
300,tt0073195,2020-10-06,2020-10-06,,"Jaws","Jaws",https://www.imdb.com/title/tt0073195/,Movie,8.1,124,1975,"Adventure, Drama, Horror, Thriller",745017,1975-06-20,"Steven Spielberg"
301,tt0073440,2020-10-06,2020-10-06,,"Nashville","Nashville",https://www.imdb.com/title/tt0073440/,Movie,7.6,160,1975,"Comedy, Drama, Music",31670,1975-07,"Robert Altman"
302,tt0075148,2020-10-06,2020-10-06,"Oscar winner 1977","Rocky","Rocky",https://www.imdb.com/title/tt0075148/,Movie,8.1,120,1976,"Drama, Sport",696097,1976-12-03,"John G. Avildsen"
303,tt0074119,2020-10-06,2020-10-06,,"All the President's Men","All the President's Men",https://www.imdb.com/title/tt0074119/,Movie,7.9,138,1976,"Drama, History, Thriller",138625,1976-04-09,"Alan J. Pakula"
304,tt0074235,2020-10-06,2020-10-06,,"Bound for Glory","Bound for Glory",https://www.imdb.com/title/tt0074235/,Movie,7.2,147,1976,"Biography, Drama, Music",6069,1976-12-05,"Hal Ashby"
305,tt0074958,2020-10-06,2020-10-06,,"Network","Network",https://www.imdb.com/title/tt0074958/,Movie,8.1,121,1976,"Drama",186641,1976-11-27,"Sidney Lumet"
306,tt0075314,2020-10-06,2020-10-06,,"Taxi Driver","Taxi Driver",https://www.imdb.com/title/tt0075314/,Movie,8.2,114,1976,"Crime, Drama",1034837,1976-02-09,"Martin Scorsese"
307,tt0075686,2021-03-29,2021-03-29,"Oscar winner 1978","Annie Hall","Annie Hall",https://www.imdb.com/title/tt0075686/,Movie,7.9,93,1977,"Comedy, Romance",292137,1977-04-20,"Woody Allen"
308,tt0076095,2021-03-29,2021-03-29,,"The Goodbye Girl","The Goodbye Girl",https://www.imdb.com/title/tt0076095/,Movie,7.4,111,1977,"Comedy, Drama, Romance",17772,1977-11-30,"Herbert Ross"
309,tt0076245,2021-03-29,2021-03-29,,"Julia","Julia",https://www.imdb.com/title/tt0076245/,Movie,7.0,117,1977,"Drama",11450,1978-01-08,"Fred Zinnemann"
310,tt0076759,2021-03-29,2021-03-29,,"Star Wars: Episode IV - A New Hope","Star Wars",https://www.imdb.com/title/tt0076759/,Movie,8.6,121,1977,"Action, Adventure, Fantasy, Sci-Fi",1580207,1977-05-25,"George Lucas"
311,tt0076843,2021-03-29,2021-03-29,,"The Turning Point","The Turning Point",https://www.imdb.com/title/tt0076843/,Movie,6.8,119,1977,"Drama, Music, Romance",5621,1977-11-18,"Herbert Ross"
312,tt0077416,2021-03-29,2021-03-29,"Oscar winner 1979","The Deer Hunter","The Deer Hunter",https://www.imdb.com/title/tt0077416/,Movie,8.1,183,1978,"Drama, War",387809,1979-02-23,"Michael Cimino"
313,tt0077362,2021-03-29,2021-03-29,,"Coming Home","Coming Home",https://www.imdb.com/title/tt0077362/,Movie,7.3,127,1978,"Drama, Romance, War",16049,1978-02-15,"Hal Ashby"
314,tt0077663,2021-03-29,2021-03-29,,"Heaven Can Wait","Heaven Can Wait",https://www.imdb.com/title/tt0077663/,Movie,6.9,101,1978,"Comedy, Fantasy, Romance, Sport",25832,1978-06-28,"Warren Beatty, Buck Henry"
315,tt0077928,2021-03-29,2021-03-29,,"Midnight Express","Midnight Express",https://www.imdb.com/title/tt0077928/,Movie,7.5,121,1978,"Biography, Crime, Drama, Thriller",95268,1978-10-27,"Alan Parker"
316,tt0078444,2021-03-29,2021-03-29,,"An Unmarried Woman","An Unmarried Woman",https://www.imdb.com/title/tt0078444/,Movie,7.2,124,1978,"Comedy, Drama, Romance",6933,1978-03-17,"Paul Mazursky"
317,tt0079417,2021-03-29,2021-03-29,"Oscar winner 1980","Kramer vs. Kramer","Kramer vs. Kramer",https://www.imdb.com/title/tt0079417/,Movie,7.8,105,1979,"Drama",167327,1979-12-19,"Robert Benton"
318,tt0078754,2021-03-29,2021-03-29,,"All That Jazz","All That Jazz",https://www.imdb.com/title/tt0078754/,Movie,7.8,123,1979,"Drama, Music, Musical",40954,1979-12-20,"Bob Fosse"
319,tt0078788,2021-03-29,2021-03-29,,"Apocalypse Now","Apocalypse Now",https://www.imdb.com/title/tt0078788/,Movie,8.4,147,1979,"Drama, Mystery, War",774438,1979-08-15,"Francis Ford Coppola"
320,tt0078902,2021-03-29,2021-03-29,,"Breaking Away","Breaking Away",https://www.imdb.com/title/tt0078902/,Movie,7.7,101,1979,"Comedy, Drama, Sport",27731,1979-07-20,"Peter Yates"
321,tt0079638,2021-03-29,2021-03-29,,"Norma Rae","Norma Rae",https://www.imdb.com/title/tt0079638/,Movie,7.3,114,1979,"Drama",14145,1979-03-02,"Martin Ritt"
322,tt0081283,2021-03-29,2021-03-29,"Oscar winner 1981","Ordinary People","Ordinary People",https://www.imdb.com/title/tt0081283/,Movie,7.7,124,1980,"Drama",62318,1980-09-19,"Robert Redford"
323,tt0080549,2021-03-29,2021-03-29,,"Coal Miner's Daughter","Coal Miner's Daughter",https://www.imdb.com/title/tt0080549/,Movie,7.5,124,1980,"Biography, Drama, Music",22382,1980-03-07,"Michael Apted"
324,tt0080678,2021-03-29,2021-03-29,,"The Elephant Man","The Elephant Man",https://www.imdb.com/title/tt0080678/,Movie,8.2,124,1980,"Biography, Drama",282960,1980-10-10,"David Lynch"
325,tt0081398,2021-03-29,2021-03-29,,"Raging Bull","Raging Bull",https://www.imdb.com/title/tt0081398/,Movie,8.1,129,1980,"Biography, Drama, Sport",412146,1980-12-19,"Martin Scorsese"
326,tt0080009,2021-03-29,2021-03-29,,"Tess","Tess",https://www.imdb.com/title/tt0080009/,Movie,7.3,186,1979,"Drama, Romance",20024,1980-12-12,"Roman Polanski"
327,tt0082158,2021-03-29,2021-03-29,"Oscar winner 1982","Chariots of Fire","Chariots of Fire",https://www.imdb.com/title/tt0082158/,Movie,7.1,125,1981,"Biography, Drama, Sport",71365,1982-04-09,"Hugh Hudson"
328,tt0080388,2021-03-29,2021-03-29,,"Atlantic City","Atlantic City",https://www.imdb.com/title/tt0080388/,Movie,7.3,104,1980,"Crime, Drama, Romance",19819,1981-04-03,"Louis Malle"
329,tt0082846,2021-03-29,2021-03-29,,"On Golden Pond","On Golden Pond",https://www.imdb.com/title/tt0082846/,Movie,7.6,109,1981,"Drama",37936,1982-02-12,"Mark Rydell"
330,tt0082971,2021-03-29,2021-03-29,,"Raiders of the Lost Ark","Raiders of the Lost Ark",https://www.imdb.com/title/tt0082971/,Movie,8.4,115,1981,"Adventure",1115882,1981-06-12,"Steven Spielberg"
331,tt0082979,2021-03-29,2021-03-29,,"Reds","Reds",https://www.imdb.com/title/tt0082979/,Movie,7.3,195,1981,"Biography, Drama, History, Romance",26954,1981-12-25,"Warren Beatty"
332,tt0083987,2021-03-29,2021-03-29,"Oscar winner 1983","Gandhi","Gandhi",https://www.imdb.com/title/tt0083987/,Movie,8.0,191,1982,"Biography, Drama, History",246558,1983-02-25,"Richard Attenborough"
333,tt0083866,2021-03-29,2021-03-29,,"E.T. the Extra-Terrestrial","E.T. the Extra-Terrestrial",https://www.imdb.com/title/tt0083866/,Movie,7.9,115,1982,"Adventure, Family, Sci-Fi",474404,1982-06-11,"Steven Spielberg"
334,tt0084335,2021-03-29,2021-03-29,,"Missing","Missing",https://www.imdb.com/title/tt0084335/,Movie,7.7,122,1982,"Biography, Drama, History, Mystery, Thriller",24533,1982-03-12,"Costa-Gavras"
335,tt0084805,2021-03-29,2021-03-29,,"Tootsie","Tootsie",https://www.imdb.com/title/tt0084805/,Movie,7.4,116,1982,"Comedy, Drama, Romance",123354,1982-12-17,"Sydney Pollack"
336,tt0084855,2021-03-29,2021-03-29,,"The Verdict","The Verdict",https://www.imdb.com/title/tt0084855/,Movie,7.7,129,1982,"Drama",51056,1982-12-17,"Sidney Lumet"
337,tt0086425,2021-03-29,2021-03-29,"Oscar winner 1984","Terms of Endearment","Terms of Endearment",https://www.imdb.com/title/tt0086425/,Movie,7.4,132,1983,"Comedy, Drama",71052,1983-12-09,"James L. Brooks"
338,tt0085244,2021-03-29,2021-03-29,,"The Big Chill","The Big Chill",https://www.imdb.com/title/tt0085244/,Movie,7.1,105,1983,"Comedy, Drama",45749,1983-09-30,"Lawrence Kasdan"
339,tt0085461,2021-03-29,2021-03-29,,"The Dresser","The Dresser",https://www.imdb.com/title/tt0085461/,Movie,7.4,118,1983,"Drama",6419,1983-12-06,"Peter Yates"
340,tt0086197,2021-03-29,2021-03-29,,"The Right Stuff","The Right Stuff",https://www.imdb.com/title/tt0086197/,Movie,7.8,193,1983,"Adventure, Biography, Drama, History",68236,1984-02-17,"Philip Kaufman"
341,tt0086423,2021-03-29,2021-03-29,,"Tender Mercies","Tender Mercies",https://www.imdb.com/title/tt0086423/,Movie,7.3,92,1983,"Drama, Music",14561,1983-03-04,"Bruce Beresford"
342,tt0086879,2021-03-29,2021-03-29,"Oscar winner 1985","Amadeus","Amadeus",https://www.imdb.com/title/tt0086879/,Movie,8.4,160,1984,"Biography, Drama, Music",470955,1984-09-19,"Miloš Forman"
343,tt0087553,2021-03-29,2021-03-29,,"The Killing Fields","The Killing Fields",https://www.imdb.com/title/tt0087553/,Movie,7.8,141,1984,"Biography, Drama, History, War",64059,1985-02-01,"Roland Joffé"
344,tt0087892,2021-03-29,2021-03-29,,"A Passage to India","A Passage to India",https://www.imdb.com/title/tt0087892/,Movie,7.3,164,1984,"Adventure, Drama, History",23359,1985-02-01,"David Lean"
345,tt0087921,2021-03-29,2021-03-29,,"Places in the Heart","Places in the Heart",https://www.imdb.com/title/tt0087921/,Movie,7.4,111,1984,"Drama",15770,1984-10-05,"Robert Benton"
346,tt0088146,2021-03-29,2021-03-29,,"A Soldier's Story","A Soldier's Story",https://www.imdb.com/title/tt0088146/,Movie,7.2,101,1984,"Crime, Drama, Mystery, War",12687,1984-11-02,"Norman Jewison"
347,tt0089755,2021-03-29,2021-03-29,"Oscar winner 1986","Out of Africa","Out of Africa",https://www.imdb.com/title/tt0089755/,Movie,7.2,161,1985,"Biography, Drama, Romance",93713,1985-12-20,"Sydney Pollack"
348,tt0088939,2021-03-29,2021-03-29,,"The Color Purple","The Color Purple",https://www.imdb.com/title/tt0088939/,Movie,7.7,154,1985,"Drama",104900,1986-02-07,"Steven Spielberg"
349,tt0089424,2021-03-29,2021-03-29,,"Kiss of the Spider Woman","Kiss of the Spider Woman",https://www.imdb.com/title/tt0089424/,Movie,7.3,120,1985,"Drama",19532,1985-07-26,"Hector Babenco"
350,tt0089841,2021-03-29,2021-03-29,,"Prizzi's Honor","Prizzi's Honor",https://www.imdb.com/title/tt0089841/,Movie,6.7,130,1985,"Comedy, Crime, Drama, Romance",28752,1985-06-14,"John Huston"
351,tt0090329,2021-03-29,2021-03-29,,"Witness","Witness",https://www.imdb.com/title/tt0090329/,Movie,7.3,112,1985,"Crime, Drama, Romance, Thriller",114830,1985-02-08,"Peter Weir"
352,tt0091763,2021-03-29,2021-03-29,"Oscar winner 1987","Platoon","Platoon",https://www.imdb.com/title/tt0091763/,Movie,8.0,120,1986,"Drama, War",474654,1986-12-19,"Oliver Stone"
353,tt0090830,2021-03-29,2021-03-29,,"Children of a Lesser God","Children of a Lesser God",https://www.imdb.com/title/tt0090830/,Movie,7.2,119,1986,"Drama, Romance",20141,1986-10-31,"Randa Haines"
354,tt0091167,2021-03-29,2021-03-29,,"Hannah and Her Sisters","Hannah and Her Sisters",https://www.imdb.com/title/tt0091167/,Movie,7.8,107,1986,"Comedy, Drama",81951,1986-03-14,"Woody Allen"
355,tt0091530,2021-03-29,2021-03-29,,"The Mission","The Mission",https://www.imdb.com/title/tt0091530/,Movie,7.4,125,1986,"Adventure, Drama, History",70040,1986-10-31,"Roland Joffé"
356,tt0091867,2021-03-29,2021-03-29,,"A Room with a View","A Room with a View",https://www.imdb.com/title/tt0091867/,Movie,7.2,117,1986,"Drama, Romance",52839,1986-04-11,"James Ivory"
357,tt0093389,2021-03-29,2021-03-29,"Oscar winner 1988","The Last Emperor","The Last Emperor",https://www.imdb.com/title/tt0093389/,Movie,7.7,163,1987,"Biography, Drama, History",120344,1988-04-15,"Bernardo Bertolucci"
358,tt0092699,2021-03-29,2021-03-29,,"Broadcast News","Broadcast News",https://www.imdb.com/title/tt0092699/,Movie,7.3,133,1987,"Comedy, Drama, Romance",37022,1987-12-25,"James L. Brooks"
359,tt0093010,2021-03-29,2021-03-29,,"Fatal Attraction","Fatal Attraction",https://www.imdb.com/title/tt0093010/,Movie,6.9,119,1987,"Drama, Thriller",112287,1987-09-18,"Adrian Lyne"
360,tt0093209,2021-03-29,2021-03-29,,"Hope and Glory","Hope and Glory",https://www.imdb.com/title/tt0093209/,Movie,7.3,113,1987,"Comedy, Drama, Romance",15965,1988-02-19,"John Boorman"
361,tt0093565,2021-03-29,2021-03-29,,"Moonstruck","Moonstruck",https://www.imdb.com/title/tt0093565/,Movie,7.2,102,1987,"Comedy, Drama, Romance",78648,1988-01-15,"Norman Jewison"
362,tt0095953,2021-03-29,2021-03-29,"Oscar winner 1989","Rain Man","Rain Man",https://www.imdb.com/title/tt0095953/,Movie,8.0,133,1988,"Drama",587272,1988-12-16,"Barry Levinson"
363,tt0094606,2021-03-29,2021-03-29,,"The Accidental Tourist","The Accidental Tourist",https://www.imdb.com/title/tt0094606/,Movie,6.7,121,1988,"Comedy, Drama, Romance",18649,1989-01-06,"Lawrence Kasdan"
364,tt0094947,2021-03-29,2021-03-29,,"Dangerous Liaisons","Dangerous Liaisons",https://www.imdb.com/title/tt0094947/,Movie,7.5,119,1988,"Drama, Romance",80471,1989-02-24,"Stephen Frears"
365,tt0095647,2021-03-29,2021-03-29,,"Mississippi Burning","Mississippi Burning",https://www.imdb.com/title/tt0095647/,Movie,7.8,128,1988,"Crime, Drama, Mystery, Thriller",128010,1989-01-27,"Alan Parker"
366,tt0096463,2021-03-29,2021-03-29,,"Working Girl","Working Girl",https://www.imdb.com/title/tt0096463/,Movie,6.8,113,1988,"Comedy, Drama, Romance",68342,1988-12-21,"Mike Nichols"
367,tt0097239,2021-03-29,2021-03-29,"Oscar winner 1990","Driving Miss Daisy","Driving Miss Daisy",https://www.imdb.com/title/tt0097239/,Movie,7.3,99,1989,"Comedy, Drama",124071,1990-01-26,"Bruce Beresford"
368,tt0096969,2021-03-29,2021-03-29,,"Born on the Fourth of July","Born on the Fourth of July",https://www.imdb.com/title/tt0096969/,Movie,7.2,145,1989,"Biography, Drama, War",125389,1990-01-05,"Oliver Stone"
369,tt0097165,2021-03-29,2021-03-29,,"Dead Poets Society","Dead Poets Society",https://www.imdb.com/title/tt0097165/,Movie,8.1,128,1989,"Comedy, Drama",662023,1989-06-09,"Peter Weir"
370,tt0097351,2021-03-29,2021-03-29,,"Field of Dreams","Field of Dreams",https://www.imdb.com/title/tt0097351/,Movie,7.5,107,1989,"Drama, Family, Fantasy, Sport",140876,1989-05-05,"Phil Alden Robinson"
371,tt0097937,2021-03-29,2021-03-29,,"My Left Foot","My Left Foot: The Story of Christy Brown",https://www.imdb.com/title/tt0097937/,Movie,7.8,103,1989,"Biography, Drama",85604,1990-03-30,"Jim Sheridan"
372,tt0099348,2021-03-29,2021-03-29,"Oscar winner 1991","Dances with Wolves","Dances with Wolves",https://www.imdb.com/title/tt0099348/,Movie,8.0,181,1990,"Adventure, Drama, Western",311827,1990-11-21,"Kevin Costner"
373,tt0099077,2021-03-29,2021-03-29,,"Awakenings","Awakenings",https://www.imdb.com/title/tt0099077/,Movie,7.8,121,1990,"Biography, Drama",177899,1991-01-11,"Penny Marshall"
374,tt0099653,2021-03-29,2021-03-29,,"Ghost","Ghost",https://www.imdb.com/title/tt0099653/,Movie,7.1,126,1990,"Drama, Fantasy, Romance, Thriller",258125,1990-07-13,"Jerry Zucker"
375,tt0099674,2021-03-29,2021-03-29,,"The Godfather Part III","The Godfather Part III",https://www.imdb.com/title/tt0099674/,Movie,7.5,162,1990,"Crime, Drama",458254,1990-12-25,"Francis Ford Coppola"
376,tt0099685,2021-03-29,2021-03-29,,"GoodFellas","GoodFellas",https://www.imdb.com/title/tt0099685/,Movie,8.7,145,1990,"Biography, Crime, Drama",1403119,1990-09-21,"Martin Scorsese"
377,tt0102926,2021-03-29,2021-03-29,"Oscar winner 1992","The Silence of the Lambs","The Silence of the Lambs",https://www.imdb.com/title/tt0102926/,Movie,8.6,118,1991,"Crime, Drama, Horror, Thriller",1737005,1991-02-14,"Jonathan Demme"
378,tt0101414,2021-03-29,2021-03-29,,"Beauty and the Beast","Beauty and the Beast",https://www.imdb.com/title/tt0101414/,Movie,8.0,84,1991,"Animation, Family, Fantasy, Musical, Romance",507739,1991-11-22,"Gary Trousdale, Kirk Wise"
379,tt0101516,2021-03-29,2021-03-29,,"Bugsy","Bugsy",https://www.imdb.com/title/tt0101516/,Movie,6.8,136,1991,"Biography, Crime, Drama",33776,1991-12-20,"Barry Levinson"
380,tt0102138,2021-03-29,2021-03-29,,"JFK","JFK",https://www.imdb.com/title/tt0102138/,Movie,8.0,189,1991,"Drama, History, Thriller",182685,1991-12-20,"Oliver Stone"
381,tt0102713,2021-03-29,2021-03-29,,"The Prince of Tides","The Prince of Tides",https://www.imdb.com/title/tt0102713/,Movie,6.8,132,1991,"Drama, Romance",21589,1991-12-25,"Barbra Streisand"
382,tt0105695,2021-03-29,2021-03-29,"Oscar winner 1993","Unforgiven","Unforgiven",https://www.imdb.com/title/tt0105695/,Movie,8.2,130,1992,"Drama, Western",470519,1992-08-07,"Clint Eastwood"
383,tt0104036,2021-03-29,2021-03-29,,"The Crying Game","The Crying Game",https://www.imdb.com/title/tt0104036/,Movie,7.2,112,1992,"Crime, Drama, Romance, Thriller",63642,1993-02-19,"Neil Jordan"
384,tt0104257,2021-03-29,2021-03-29,,"A Few Good Men","A Few Good Men",https://www.imdb.com/title/tt0104257/,Movie,7.8,138,1992,"Drama, Thriller",319705,1992-12-11,"Rob Reiner"
385,tt0104454,2021-03-29,2021-03-29,,"Howards End","Howards End",https://www.imdb.com/title/tt0104454/,Movie,7.3,142,1992,"Drama, Romance",38890,1993-02-26,"James Ivory"
386,tt0105323,2021-03-29,2021-03-29,,"Scent of a Woman","Scent of a Woman",https://www.imdb.com/title/tt0105323/,Movie,8.0,156,1992,"Drama",374028,1993-01-08,"Martin Brest"
387,tt0108052,2021-03-29,2021-03-29,"Oscar winner 1994","Schindler's List","Schindler's List",https://www.imdb.com/title/tt0108052/,Movie,9.0,195,1993,"Biography, Drama, History",1594484,1994-02-04,"Steven Spielberg"
388,tt0106977,2021-03-29,2021-03-29,,"The Fugitive","The Fugitive",https://www.imdb.com/title/tt0106977/,Movie,7.8,130,1993,"Action, Crime, Drama, Mystery, Thriller",348669,1993-08-06,"Andrew Davis"
389,tt0107207,2021-03-29,2021-03-29,,"In the Name of the Father","In the Name of the Father",https://www.imdb.com/title/tt0107207/,Movie,8.1,133,1993,"Biography, Crime, Drama",203831,1994-02-25,"Jim Sheridan"
390,tt0107822,2021-03-29,2021-03-29,,"The Piano","The Piano",https://www.imdb.com/title/tt0107822/,Movie,7.5,121,1993,"Drama, Music, Romance",101967,1994-02-11,"Jane Campion"
391,tt0107943,2021-03-29,2021-03-29,,"The Remains of the Day","The Remains of the Day",https://www.imdb.com/title/tt0107943/,Movie,7.8,134,1993,"Drama, Romance",93645,1993-11-19,"James Ivory"
392,tt0109830,2021-03-29,2021-03-29,"Oscar winner 1995","Forrest Gump","Forrest Gump",https://www.imdb.com/title/tt0109830/,Movie,8.8,142,1994,"Drama, Romance",2516524,1994-07-06,"Robert Zemeckis"
393,tt0109831,2021-03-29,2021-03-29,,"Four Weddings and a Funeral","Four Weddings and a Funeral",https://www.imdb.com/title/tt0109831/,Movie,7.1,117,1994,"Comedy, Drama, Romance",183373,1994-04-15,"Mike Newell"
394,tt0110912,2021-03-29,2021-03-29,,"Pulp Fiction","Pulp Fiction",https://www.imdb.com/title/tt0110912/,Movie,8.8,154,1994,"Crime, Drama",2452791,1994-10-14,"Quentin Tarantino"
395,tt0110932,2021-03-29,2021-03-29,,"Quiz Show","Quiz Show",https://www.imdb.com/title/tt0110932/,Movie,7.5,133,1994,"Biography, Drama, History",78127,1994-10-07,"Robert Redford"
396,tt0111161,2021-03-29,2021-03-29,,"The Shawshank Redemption","The Shawshank Redemption",https://www.imdb.com/title/tt0111161/,Movie,9.3,142,1994,"Drama",3215327,1994-10-14,"Frank Darabont"
397,tt0112573,2021-03-29,2021-03-29,"Oscar winner 1996","Braveheart","Braveheart",https://www.imdb.com/title/tt0112573/,Movie,8.3,178,1995,"Drama, War",1167293,1995-05-24,"Mel Gibson"
398,tt0112384,2021-03-29,2021-03-29,,"Apollo 13","Apollo 13",https://www.imdb.com/title/tt0112384/,Movie,7.7,140,1995,"Adventure, Drama, History",340774,1995-06-30,"Ron Howard"
399,tt0112431,2021-03-29,2021-03-29,,"Babe","Babe",https://www.imdb.com/title/tt0112431/,Movie,6.9,91,1995,"Comedy, Drama, Family",143140,1995-08-04,"Chris Noonan"
400,tt0110877,2021-03-29,2021-03-29,,"The Postman","Il postino",https://www.imdb.com/title/tt0110877/,Movie,7.8,108,1994,"Biography, Comedy, Drama, Romance",41749,1996-03-22,"Michael Radford"
401,tt0114388,2021-03-29,2021-03-29,,"Sense and Sensibility","Sense and Sensibility",https://www.imdb.com/title/tt0114388/,Movie,7.7,136,1995,"Drama, Romance",137245,1996-01-26,"Ang Lee"
402,tt0116209,2021-03-29,2021-03-29,"Oscar winner 1997","The English Patient","The English Patient",https://www.imdb.com/title/tt0116209/,Movie,7.4,162,1996,"Drama, Romance, War",214541,1996-12-06,"Anthony Minghella"
403,tt0116282,2021-03-29,2021-03-29,,"Fargo","Fargo",https://www.imdb.com/title/tt0116282/,Movie,8.1,98,1996,"Crime, Drama, Thriller",791487,1996-04-05,"Joel Coen, Ethan Coen"
404,tt0116695,2021-03-29,2021-03-29,,"Jerry Maguire","Jerry Maguire",https://www.imdb.com/title/tt0116695/,Movie,7.3,139,1996,"Comedy, Drama, Romance, Sport",314093,1996-12-13,"Cameron Crowe"
405,tt0117589,2021-03-29,2021-03-29,,"Secrets & Lies","Secrets & Lies",https://www.imdb.com/title/tt0117589/,Movie,8.0,136,1996,"Comedy, Drama",50593,1997-02-28,"Mike Leigh"
406,tt0117631,2021-03-29,2021-03-29,,"Shine","Shine",https://www.imdb.com/title/tt0117631/,Movie,7.6,105,1996,"Biography, Drama, Music, Romance",59206,1997-02-14,"Scott Hicks"
407,tt0120338,2021-03-29,2021-03-29,"Oscar winner 1998","Titanic","Titanic",https://www.imdb.com/title/tt0120338/,Movie,8.0,194,1997,"Drama, Romance",1403741,1997-12-19,"James Cameron"
408,tt0119822,2021-03-29,2021-03-29,,"As Good as It Gets","As Good as It Gets",https://www.imdb.com/title/tt0119822/,Movie,7.7,139,1997,"Comedy, Drama, Romance",339045,1997-12-25,"James L. Brooks"
409,tt0119164,2021-03-29,2021-03-29,,"The Full Monty","The Full Monty",https://www.imdb.com/title/tt0119164/,Movie,7.2,91,1997,"Comedy, Drama",120420,1997-09-19,"Peter Cattaneo"
410,tt0119217,2021-03-29,2021-03-29,,"Good Will Hunting","Good Will Hunting",https://www.imdb.com/title/tt0119217/,Movie,8.4,126,1997,"Drama, Romance",1230841,1998-01-09,"Gus Van Sant"
411,tt0119488,2021-03-29,2021-03-29,,"L.A. Confidential","L.A. Confidential",https://www.imdb.com/title/tt0119488/,Movie,8.2,138,1997,"Crime, Drama, Mystery, Thriller",661144,1997-09-19,"Curtis Hanson"
412,tt0138097,2021-03-29,2021-03-29,"Oscar winner 1999","Shakespeare in Love","Shakespeare in Love",https://www.imdb.com/title/tt0138097/,Movie,7.1,123,1998,"Comedy, Drama, History, Romance",243729,1999-01-08,"John Madden"
413,tt0127536,2021-03-29,2021-03-29,,"Elizabeth","Elizabeth",https://www.imdb.com/title/tt0127536/,Movie,7.4,124,1998,"Biography, Drama, History",110644,1999-02-19,"Shekhar Kapur"
414,tt0118799,2021-03-29,2021-03-29,,"Life Is Beautiful","La vita è bella",https://www.imdb.com/title/tt0118799/,Movie,8.6,116,1997,"Comedy, Drama, Romance, War",818056,1997-12-20,"Roberto Benigni"
415,tt0120815,2021-03-29,2021-03-29,,"Saving Private Ryan","Saving Private Ryan",https://www.imdb.com/title/tt0120815/,Movie,8.6,169,1998,"Drama, War",1651904,1998-07-24,"Steven Spielberg"
416,tt0120863,2021-03-29,2021-03-29,,"The Thin Red Line","The Thin Red Line",https://www.imdb.com/title/tt0120863/,Movie,7.6,170,1998,"Drama, History, War",212993,1999-01-15,"Terrence Malick"
417,tt0169547,2021-03-29,2021-03-29,"Oscar winner 2000","American Beauty","American Beauty",https://www.imdb.com/title/tt0169547/,Movie,8.3,122,1999,"Drama",1283809,1999-10-01,"Sam Mendes"
418,tt0124315,2021-03-29,2021-03-29,,"The Cider House Rules","The Cider House Rules",https://www.imdb.com/title/tt0124315/,Movie,7.4,126,1999,"Drama, Romance",109900,2000-01-07,"Lasse Hallström"
419,tt0120689,2021-03-29,2021-03-29,,"The Green Mile","The Green Mile",https://www.imdb.com/title/tt0120689/,Movie,8.6,189,1999,"Crime, Drama, Fantasy, Mystery",1574084,1999-12-10,"Frank Darabont"
420,tt0140352,2021-03-29,2021-03-29,,"The Insider","The Insider",https://www.imdb.com/title/tt0140352/,Movie,7.8,157,1999,"Biography, Drama, History, Thriller",192496,1999-11-05,"Michael Mann"
421,tt0167404,2021-03-29,2021-03-29,,"The Sixth Sense","The Sixth Sense",https://www.imdb.com/title/tt0167404/,Movie,8.2,107,1999,"Drama, Mystery, Thriller",1153038,1999-08-06,"M. Night Shyamalan"
422,tt0172495,2021-03-29,2021-03-29,"Oscar winner 2001","Gladiator","Gladiator",https://www.imdb.com/title/tt0172495/,Movie,8.5,155,2000,"Action, Adventure, Drama",1866658,2000-05-05,"Ridley Scott"
423,tt0241303,2021-03-29,2021-03-29,,"Chocolat","Chocolat",https://www.imdb.com/title/tt0241303/,Movie,7.2,121,2000,"Drama, Romance",211056,2001-01-19,"Lasse Hallström"
424,tt0190332,2021-03-29,2021-03-29,,"Crouching Tiger, Hidden Dragon","Wo hu cang long",https://www.imdb.com/title/tt0190332/,Movie,7.8,120,2000,"Action, Adventure, Drama, Fantasy, Romance",296267,2001-01-12,"Ang Lee"
425,tt0195685,2021-03-29,2021-03-29,,"Erin Brockovich","Erin Brockovich",https://www.imdb.com/title/tt0195685/,Movie,7.5,131,2000,"Biography, Drama",248249,2000-03-17,"Steven Soderbergh"
426,tt0181865,2021-03-29,2021-03-29,,"Traffic","Traffic",https://www.imdb.com/title/tt0181865/,Movie,7.5,147,2000,"Crime, Drama, Thriller",231321,2001-01-05,"Steven Soderbergh"
427,tt0268978,2021-03-29,2021-03-29,"Oscar winner 2002","A Beautiful Mind","A Beautiful Mind",https://www.imdb.com/title/tt0268978/,Movie,8.2,135,2001,"Biography, Drama, Mystery",1059092,2002-01-04,"Ron Howard"
428,tt0280707,2021-03-29,2021-03-29,,"Gosford Park","Gosford Park",https://www.imdb.com/title/tt0280707/,Movie,7.2,137,2001,"Comedy, Drama, Mystery",103005,2002-01-18,"Robert Altman"
429,tt0247425,2021-03-29,2021-03-29,,"In the Bedroom","In the Bedroom",https://www.imdb.com/title/tt0247425/,Movie,7.4,131,2001,"Crime, Drama",44540,2002-02-08,"Todd Field"
430,tt0120737,2021-03-29,2021-03-29,,"The Lord of the Rings: The Fellowship of the Ring","The Lord of the Rings: The Fellowship of the Ring",https://www.imdb.com/title/tt0120737/,Movie,8.9,178,2001,"Adventure, Drama, Fantasy",2222436,2001-12-19,"Peter Jackson"
431,tt0203009,2021-03-29,2021-03-29,,"Moulin Rouge!","Moulin Rouge!",https://www.imdb.com/title/tt0203009/,Movie,7.5,127,2001,"Drama, Musical, Romance",315841,2001-06-01,"Baz Luhrmann"
432,tt0299658,2021-03-29,2021-03-29,"Oscar winner 2003","Chicago","Chicago",https://www.imdb.com/title/tt0299658/,Movie,7.2,113,2002,"Comedy, Crime, Musical",257741,2003-01-24,"Rob Marshall"
433,tt0217505,2021-03-29,2021-03-29,,"Gangs of New York","Gangs of New York",https://www.imdb.com/title/tt0217505/,Movie,7.5,167,2002,"Crime, Drama",508326,2002-12-20,"Martin Scorsese"
434,tt0274558,2021-03-29,2021-03-29,,"The Hours","The Hours",https://www.imdb.com/title/tt0274558/,Movie,7.5,114,2002,"Drama, Romance",147645,2003-02-14,"Stephen Daldry"
435,tt0167261,2021-03-29,2021-03-29,,"The Lord of the Rings: The Two Towers","The Lord of the Rings: The Two Towers",https://www.imdb.com/title/tt0167261/,Movie,8.8,179,2002,"Adventure, Drama, Fantasy",1971268,2002-12-18,"Peter Jackson"
436,tt0253474,2021-03-29,2021-03-29,,"The Pianist","The Pianist",https://www.imdb.com/title/tt0253474/,Movie,8.5,150,2002,"Biography, Drama, Music, War",1018760,2003-03-28,"Roman Polanski"
437,tt0167260,2021-03-29,2021-03-29,"Oscar winner 2004","The Lord of the Rings: The Return of the King","The Lord of the Rings: The Return of the King",https://www.imdb.com/title/tt0167260/,Movie,9.0,201,2003,"Adventure, Drama, Fantasy",2179556,2003-12-17,"Peter Jackson"
438,tt0335266,2021-03-29,2021-03-29,,"Lost in Translation","Lost in Translation",https://www.imdb.com/title/tt0335266/,Movie,7.7,102,2003,"Comedy, Drama",532769,2003-10-03,"Sofia Coppola"
439,tt0311113,2021-03-29,2021-03-29,,"Master and Commander: The Far Side of the World","Master and Commander: The Far Side of the World",https://www.imdb.com/title/tt0311113/,Movie,7.5,138,2003,"Action, Adventure, Drama, War",257873,2003-11-14,"Peter Weir"
440,tt0327056,2021-03-29,2021-03-29,,"Mystic River","Mystic River",https://www.imdb.com/title/tt0327056/,Movie,7.9,138,2003,"Crime, Drama, Mystery, Thriller",526705,2003-10-15,"Clint Eastwood"
441,tt0329575,2021-03-29,2021-03-29,,"Seabiscuit","Seabiscuit",https://www.imdb.com/title/tt0329575/,Movie,7.3,140,2003,"Drama, History, Sport",79255,2003-07-25,"Gary Ross"
442,tt0405159,2021-03-29,2021-03-29,"Oscar winner 2005","Million Dollar Baby","Million Dollar Baby",https://www.imdb.com/title/tt0405159/,Movie,8.1,132,2004,"Drama, Sport",770060,2005-01-28,"Clint Eastwood"
443,tt0338751,2021-03-29,2021-03-29,,"The Aviator","The Aviator",https://www.imdb.com/title/tt0338751/,Movie,7.5,170,2004,"Biography, Drama",410994,2004-12-25,"Martin Scorsese"
444,tt0308644,2021-03-29,2021-03-29,,"Finding Neverland","Finding Neverland",https://www.imdb.com/title/tt0308644/,Movie,7.6,106,2004,"Biography, Drama, Family",217769,2004-12-17,"Marc Forster"
445,tt0350258,2021-03-29,2021-03-29,,"Ray","Ray",https://www.imdb.com/title/tt0350258/,Movie,7.7,152,2004,"Biography, Drama, Music",166560,2004-10-29,"Taylor Hackford"
446,tt0375063,2021-03-29,2021-03-29,,"Sideways","Sideways",https://www.imdb.com/title/tt0375063/,Movie,7.5,127,2004,"Comedy, Drama, Romance",217845,2004-10-22,"Alexander Payne"
447,tt0375679,2021-03-29,2021-03-29,"Oscar winner 2006","Crash","Crash",https://www.imdb.com/title/tt0375679/,Movie,7.7,112,2004,"Crime, Drama, Thriller",463295,2005-05-06,"Paul Haggis"
448,tt0388795,2021-03-29,2021-03-29,,"Brokeback Mountain","Brokeback Mountain",https://www.imdb.com/title/tt0388795/,Movie,7.7,134,2005,"Drama, Romance",419985,2006-01-13,"Ang Lee"
449,tt0379725,2021-03-29,2021-03-29,,"Capote","Capote",https://www.imdb.com/title/tt0379725/,Movie,7.3,114,2005,"Biography, Crime, Drama, History",150018,2006-02-03,"Bennett Miller"
450,tt0433383,2021-03-29,2021-03-29,,"Good Night, and Good Luck.","Good Night, and Good Luck.",https://www.imdb.com/title/tt0433383/,Movie,7.4,93,2005,"Biography, Drama, History",105512,2005-11-04,"George Clooney"
451,tt0408306,2021-03-29,2021-03-29,,"Munich","Munich",https://www.imdb.com/title/tt0408306/,Movie,7.5,164,2005,"Drama, History, Thriller",254767,2006-01-06,"Steven Spielberg"
452,tt0407887,2021-03-29,2021-03-29,"Oscar winner 2007","The Departed","The Departed",https://www.imdb.com/title/tt0407887/,Movie,8.5,151,2006,"Crime, Drama, Thriller",1566848,2006-10-06,"Martin Scorsese"
453,tt0449467,2021-03-29,2021-03-29,,"Babel","Babel",https://www.imdb.com/title/tt0449467/,Movie,7.4,143,2006,"Drama",330131,2006-11-10,"Alejandro G. Iñárritu"
454,tt0498380,2021-03-29,2021-03-29,,"Letters from Iwo Jima","Letters from Iwo Jima",https://www.imdb.com/title/tt0498380/,Movie,7.8,141,2006,"Action, Adventure, Drama, History, War",177666,2007-02-02,"Clint Eastwood"
455,tt0449059,2021-03-29,2021-03-29,,"Little Miss Sunshine","Little Miss Sunshine",https://www.imdb.com/title/tt0449059/,Movie,7.8,101,2006,"Comedy, Drama",562639,2006-08-18,"Jonathan Dayton, Valerie Faris"
456,tt0436697,2021-03-29,2021-03-29,,"The Queen","The Queen",https://www.imdb.com/title/tt0436697/,Movie,7.3,103,2006,"Biography, Drama",119960,2006-11-17,"Stephen Frears"
457,tt0477348,2021-03-29,2021-03-29,"Oscar winner 2008","No Country for Old Men","No Country for Old Men",https://www.imdb.com/title/tt0477348/,Movie,8.2,122,2007,"Crime, Drama, Thriller",1203355,2007-11-21,"Ethan Coen, Joel Coen"
458,tt0783233,2021-03-29,2021-03-29,,"Atonement","Atonement",https://www.imdb.com/title/tt0783233/,Movie,7.8,123,2007,"Drama, Mystery, Romance, War",331742,2008-01-11,"Joe Wright"
459,tt0467406,2021-03-29,2021-03-29,,"Juno","Juno",https://www.imdb.com/title/tt0467406/,Movie,7.4,96,2007,"Comedy, Drama",573961,2007-12-25,"Jason Reitman"
460,tt0465538,2021-03-29,2021-03-29,,"Michael Clayton","Michael Clayton",https://www.imdb.com/title/tt0465538/,Movie,7.2,119,2007,"Crime, Drama, Mystery, Thriller",184636,2007-10-12,"Tony Gilroy"
461,tt0469494,2021-03-29,2021-03-29,,"There Will Be Blood","There Will Be Blood",https://www.imdb.com/title/tt0469494/,Movie,8.2,158,2007,"Drama",714499,2008-01-25,"Paul Thomas Anderson"
462,tt1010048,2021-03-29,2021-03-29,"Oscar winner 2009","Slumdog Millionaire","Slumdog Millionaire",https://www.imdb.com/title/tt1010048/,Movie,8.0,120,2008,"Crime, Drama, Romance",912938,2008-12-25,"Danny Boyle, Loveleen Tandan"
463,tt0976051,2021-03-29,2021-03-29,,"The Reader","The Reader",https://www.imdb.com/title/tt0976051/,Movie,7.6,124,2008,"Drama, Mystery, Romance",274843,2009-01-30,"Stephen Daldry"
464,tt0870111,2021-03-29,2021-03-29,,"Frost/Nixon","Frost/Nixon",https://www.imdb.com/title/tt0870111/,Movie,7.6,122,2008,"Biography, Drama, History",116187,2009-01-23,"Ron Howard"
465,tt0421715,2021-03-29,2021-03-29,,"The Curious Case of Benjamin Button","The Curious Case of Benjamin Button",https://www.imdb.com/title/tt0421715/,Movie,7.8,166,2008,"Drama, Fantasy, Romance",750608,2008-12-25,"David Fincher"
466,tt1013753,2021-03-29,2021-03-29,,"Milk","Milk",https://www.imdb.com/title/tt1013753/,Movie,7.5,128,2008,"Biography, Drama, History",186566,2009-01-30,"Gus Van Sant"
467,tt0887912,2021-03-29,2021-03-29,"Oscar winner 2010","The Hurt Locker","The Hurt Locker",https://www.imdb.com/title/tt0887912/,Movie,7.5,131,2008,"Drama, Thriller, War",498241,2009-07-31,"Kathryn Bigelow"
468,tt0499549,2021-03-29,2021-03-29,,"Avatar","Avatar",https://www.imdb.com/title/tt0499549/,Movie,7.9,162,2009,"Action, Adventure, Fantasy, Sci-Fi",1508514,2009-12-18,"James Cameron"
469,tt0878804,2021-03-29,2021-03-29,,"The Blind Side","The Blind Side",https://www.imdb.com/title/tt0878804/,Movie,7.6,129,2009,"Biography, Drama, Sport",389723,2009-11-20,"John Lee Hancock"
470,tt1136608,2021-03-29,2021-03-29,,"District 9","District 9",https://www.imdb.com/title/tt1136608/,Movie,7.9,112,2009,"Action, Sci-Fi, Thriller",755399,2009-08-14,"Neill Blomkamp"
471,tt1174732,2021-03-29,2021-03-29,,"An Education","An Education",https://www.imdb.com/title/tt1174732/,Movie,7.2,100,2009,"Drama",141333,2010-02-05,"Lone Scherfig"
472,tt0361748,2021-03-29,2021-03-29,,"Inglourious Basterds","Inglourious Basterds",https://www.imdb.com/title/tt0361748/,Movie,8.4,153,2009,"Drama, War",1803966,2009-08-21,"Quentin Tarantino"
473,tt1019452,2021-03-29,2021-03-29,,"A Serious Man","A Serious Man",https://www.imdb.com/title/tt1019452/,Movie,7.0,106,2009,"Comedy, Drama",159189,2009-11-06,"Ethan Coen, Joel Coen"
474,tt0929632,2021-03-29,2021-03-29,,"Precious","Precious",https://www.imdb.com/title/tt0929632/,Movie,7.3,110,2009,"Drama",121586,2009-11-20,"Lee Daniels"
475,tt1049413,2021-03-29,2021-03-29,,"Up","Up",https://www.imdb.com/title/tt1049413/,Movie,8.3,96,2009,"Animation, Adventure, Comedy, Drama, Family",1247332,2009-05-29,"Pete Docter, Bob Peterson"
476,tt1193138,2021-03-29,2021-03-29,,"Up in the Air","Up in the Air",https://www.imdb.com/title/tt1193138/,Movie,7.4,109,2009,"Comedy, Drama, Romance",361889,2009-12-23,"Jason Reitman"
477,tt1504320,2021-03-29,2021-03-29,"Oscar winner 2011","The King's Speech","The King's Speech",https://www.imdb.com/title/tt1504320/,Movie,8.0,118,2010,"Biography, Drama, History",734983,2010-12-25,"Tom Hooper"
478,tt1542344,2021-03-29,2021-03-29,,"127 Hours","127 Hours",https://www.imdb.com/title/tt1542344/,Movie,7.5,94,2010,"Biography, Drama",426411,2011-01-28,"Danny Boyle"
479,tt0947798,2021-03-29,2021-03-29,,"Black Swan","Black Swan",https://www.imdb.com/title/tt0947798/,Movie,8.0,108,2010,"Drama, Thriller",893917,2010-12-17,"Darren Aronofsky"
480,tt1375666,2021-03-29,2021-03-29,,"Inception","Inception",https://www.imdb.com/title/tt1375666/,Movie,8.8,148,2010,"Adventure, Sci-Fi, Thriller",2844490,2010-07-16,"Christopher Nolan"
481,tt0964517,2021-03-29,2021-03-29,,"The Fighter","The Fighter",https://www.imdb.com/title/tt0964517/,Movie,7.8,116,2010,"Action, Biography, Drama, Sport",409769,2010-12-17,"David O. Russell"
482,tt0842926,2021-03-29,2021-03-29,,"The Kids Are All Right","The Kids Are All Right",https://www.imdb.com/title/tt0842926/,Movie,7.0,106,2010,"Comedy, Drama, Romance",137683,2010-07-30,"Lisa Cholodenko"
483,tt1285016,2021-03-29,2021-03-29,,"The Social Network","The Social Network",https://www.imdb.com/title/tt1285016/,Movie,7.8,120,2010,"Biography, Drama",824593,2010-10-01,"David Fincher"
484,tt0435761,2021-03-29,2021-03-29,,"Toy Story 3","Toy Story 3",https://www.imdb.com/title/tt0435761/,Movie,8.3,103,2010,"Animation, Adventure, Comedy, Family, Fantasy",983108,2010-06-18,"Lee Unkrich"
485,tt1403865,2021-03-29,2021-03-29,,"True Grit","True Grit",https://www.imdb.com/title/tt1403865/,Movie,7.6,110,2010,"Drama, Western",378075,2010-12-22,"Ethan Coen, Joel Coen"
486,tt1399683,2021-03-29,2021-03-29,,"Winter's Bone","Winter's Bone",https://www.imdb.com/title/tt1399683/,Movie,7.1,100,2010,"Crime, Drama, Mystery, Thriller",158383,2010-07-16,"Debra Granik"
487,tt1655442,2021-03-29,2021-03-29,"Oscar winner 2012","The Artist","The Artist",https://www.imdb.com/title/tt1655442/,Movie,7.8,100,2011,"Comedy, Drama, Romance",255986,2012-01-20,"Michel Hazanavicius"
488,tt1568911,2021-03-29,2021-03-29,,"War Horse","War Horse",https://www.imdb.com/title/tt1568911/,Movie,7.2,146,2011,"Adventure, Drama, History, War",174084,2011-12-25,"Steven Spielberg"
489,tt1210166,2021-03-29,2021-03-29,,"Moneyball","Moneyball",https://www.imdb.com/title/tt1210166/,Movie,7.6,133,2011,"Biography, Drama, Sport",513543,2011-09-23,"Bennett Miller"
490,tt0477302,2021-03-29,2021-03-29,,"Extremely Loud & Incredibly Close","Extremely Loud & Incredibly Close",https://www.imdb.com/title/tt0477302/,Movie,6.9,129,2011,"Adventure, Drama, Mystery",108114,2012-01-20,"Stephen Daldry"
491,tt1454029,2021-03-29,2021-03-29,,"The Help","The Help",https://www.imdb.com/title/tt1454029/,Movie,8.1,146,2011,"Drama",530810,2011-08-10,"Tate Taylor"
492,tt0970179,2021-03-29,2021-03-29,,"Hugo","Hugo",https://www.imdb.com/title/tt0970179/,Movie,7.5,126,2011,"Adventure, Drama, Family, Fantasy, Mystery",350529,2011-11-23,"Martin Scorsese"
493,tt1605783,2021-03-29,2021-03-29,,"Midnight in Paris","Midnight in Paris",https://www.imdb.com/title/tt1605783/,Movie,7.6,94,2011,"Comedy, Fantasy, Romance",472839,2011-06-10,"Woody Allen"
494,tt1033575,2021-03-29,2021-03-29,,"The Descendants","The Descendants",https://www.imdb.com/title/tt1033575/,Movie,7.3,115,2011,"Comedy, Drama",260405,2011-12-09,"Alexander Payne"
495,tt0478304,2021-03-29,2021-03-29,,"The Tree of Life","The Tree of Life",https://www.imdb.com/title/tt0478304/,Movie,6.8,139,2011,"Drama, Fantasy",192991,2011-05-18,"Terrence Malick"
496,tt1024648,2021-03-29,2021-03-29,"Oscar winner 2013","Argo","Argo",https://www.imdb.com/title/tt1024648/,Movie,7.7,120,2012,"Biography, Drama, History, Thriller",670133,2012-10-12,"Ben Affleck"
497,tt1602620,2021-03-29,2021-03-29,,"Amour","Amour",https://www.imdb.com/title/tt1602620/,Movie,7.9,127,2012,"Drama",110988,2012-09-20,"Michael Haneke"
498,tt2125435,2021-03-29,2021-03-29,,"Beasts of the Southern Wild","Beasts of the Southern Wild",https://www.imdb.com/title/tt2125435/,Movie,7.2,93,2012,"Adventure, Drama, Fantasy",86945,2012-07-05,"Benh Zeitlin"
499,tt1853728,2021-03-29,2021-03-29,,"Django Unchained","Django Unchained",https://www.imdb.com/title/tt1853728/,Movie,8.5,165,2012,"Drama, Western",1899860,2012-12-25,"Quentin Tarantino"
500,tt1707386,2021-03-29,2021-03-29,,"Les Misérables","Les Misérables",https://www.imdb.com/title/tt1707386/,Movie,7.5,158,2012,"Drama, Musical, Romance",363706,2012-12-25,"Tom Hooper"
501,tt0454876,2021-03-29,2021-03-29,,"Life of Pi","Life of Pi",https://www.imdb.com/title/tt0454876/,Movie,7.9,127,2012,"Adventure, Drama, Fantasy",703304,2012-11-21,"Ang Lee"
502,tt0443272,2021-03-29,2021-03-29,,"Lincoln","Lincoln",https://www.imdb.com/title/tt0443272/,Movie,7.3,150,2012,"Biography, Drama, History, War",286187,2012-11-16,"Steven Spielberg"
503,tt1045658,2021-03-29,2021-03-29,,"Silver Linings Playbook","Silver Linings Playbook",https://www.imdb.com/title/tt1045658/,Movie,7.7,122,2012,"Comedy, Drama, Romance",775760,2012-12-25,"David O. Russell"
504,tt1790885,2021-03-29,2021-03-29,,"Zero Dark Thirty","Zero Dark Thirty",https://www.imdb.com/title/tt1790885/,Movie,7.4,157,2012,"Drama, History, Thriller",342947,2013-01-11,"Kathryn Bigelow"
505,tt2024544,2021-03-29,2021-03-29,"Oscar winner 2014","12 Years a Slave","12 Years a Slave",https://www.imdb.com/title/tt2024544/,Movie,8.1,134,2013,"Biography, Drama, History",791107,2013-11-08,"Steve McQueen"
506,tt1800241,2021-03-29,2021-03-29,,"American Hustle","American Hustle",https://www.imdb.com/title/tt1800241/,Movie,7.2,138,2013,"Crime, Drama",520590,2013-12-20,"David O. Russell"
507,tt1454468,2021-03-29,2021-03-29,,"Gravity","Gravity",https://www.imdb.com/title/tt1454468/,Movie,7.7,91,2013,"Drama, Sci-Fi, Thriller",903458,2013-10-04,"Alfonso Cuarón"
508,tt0993846,2021-03-29,2021-03-29,,"The Wolf of Wall Street","The Wolf of Wall Street",https://www.imdb.com/title/tt0993846/,Movie,8.2,180,2013,"Biography, Comedy, Crime, Drama",1809400,2013-12-25,"Martin Scorsese"
509,tt0790636,2021-03-29,2021-03-29,,"Dallas Buyers Club","Dallas Buyers Club",https://www.imdb.com/title/tt0790636/,Movie,7.9,117,2013,"Biography, Drama",550758,2013-11-22,"Jean-Marc Vallée"
510,tt1798709,2021-03-29,2021-03-29,,"Her","Her",https://www.imdb.com/title/tt1798709/,Movie,8.0,126,2013,"Drama, Romance, Sci-Fi",730593,2014-01-10,"Spike Jonze"
511,tt1535109,2021-03-29,2021-03-29,,"Captain Phillips","Captain Phillips",https://www.imdb.com/title/tt1535109/,Movie,7.8,134,2013,"Action, Biography, Crime, Drama, Thriller",521140,2013-10-11,"Paul Greengrass"
512,tt1821549,2021-03-29,2021-03-29,,"Nebraska","Nebraska",https://www.imdb.com/title/tt1821549/,Movie,7.7,115,2013,"Drama",129094,2014-01-24,"Alexander Payne"
513,tt2431286,2021-03-29,2021-03-29,,"Philomena","Philomena",https://www.imdb.com/title/tt2431286/,Movie,7.6,98,2013,"Biography, Comedy, Drama",107541,2013-11-27,"Stephen Frears"
514,tt2562232,2021-03-29,2021-03-29,"Oscar winner 2015","Birdman or (The Unexpected Virtue of Ignorance)","Birdman or (The Unexpected Virtue of Ignorance)",https://www.imdb.com/title/tt2562232/,Movie,7.7,119,2014,"Comedy, Drama",701159,2014-11-14,"Alejandro G. Iñárritu"
515,tt1065073,2021-03-29,2021-03-29,,"Boyhood","Boyhood",https://www.imdb.com/title/tt1065073/,Movie,7.9,165,2014,"Comedy, Drama",382860,2014-08-15,"Richard Linklater"
516,tt2278388,2021-03-29,2021-03-29,,"The Grand Budapest Hotel","The Grand Budapest Hotel",https://www.imdb.com/title/tt2278388/,Movie,8.1,99,2014,"Comedy, Drama",980193,2014-03-28,"Wes Anderson"
517,tt2084970,2021-03-29,2021-03-29,,"The Imitation Game","The Imitation Game",https://www.imdb.com/title/tt2084970/,Movie,8.0,114,2014,"Biography, Drama, Thriller, War",881882,2014-12-25,"Morten Tyldum"
518,tt2980516,2021-03-29,2021-03-29,,"The Theory of Everything","The Theory of Everything",https://www.imdb.com/title/tt2980516/,Movie,7.7,123,2014,"Biography, Drama, Romance",509381,2014-11-26,"James Marsh"
519,tt1020072,2021-03-29,2021-03-29,,"Selma","Selma",https://www.imdb.com/title/tt1020072/,Movie,7.5,128,2014,"Biography, Drama, History",99473,2015-01-09,"Ava DuVernay"
520,tt2179136,2021-03-29,2021-03-29,,"American Sniper","American Sniper",https://www.imdb.com/title/tt2179136/,Movie,7.3,133,2014,"Action, Biography, Drama, War",573109,2015-01-16,"Clint Eastwood"
521,tt2582802,2021-03-29,2021-03-29,,"Whiplash","Whiplash",https://www.imdb.com/title/tt2582802/,Movie,8.5,106,2014,"Drama, Music",1169689,2014-10-15,"Damien Chazelle"
522,tt1895587,2021-03-29,2021-03-29,"Oscar winner 2016","Spotlight","Spotlight",https://www.imdb.com/title/tt1895587/,Movie,8.1,129,2015,"Biography, Crime, Drama",538258,2015-11-20,"Tom McCarthy"
523,tt1596363,2021-03-29,2021-03-29,,"The Big Short","The Big Short",https://www.imdb.com/title/tt1596363/,Movie,7.8,130,2015,"Biography, Comedy, Drama, History",543932,2015-12-23,"Adam McKay"
524,tt3682448,2021-03-29,2021-03-29,,"Bridge of Spies","Bridge of Spies",https://www.imdb.com/title/tt3682448/,Movie,7.6,142,2015,"Drama, History, Thriller, War",346095,2015-10-16,"Steven Spielberg"
525,tt2381111,2021-03-29,2021-03-29,,"Brooklyn","Brooklyn",https://www.imdb.com/title/tt2381111/,Movie,7.5,117,2015,"Drama, Romance",159045,2015-11-25,"John Crowley"
526,tt1392190,2021-03-29,2021-03-29,,"Mad Max: Fury Road","Mad Max: Fury Road",https://www.imdb.com/title/tt1392190/,Movie,8.1,120,2015,"Action, Adventure, Sci-Fi",1214175,2015-05-15,"George Miller"
527,tt3659388,2021-03-29,2021-03-29,,"The Martian","The Martian",https://www.imdb.com/title/tt3659388/,Movie,8.0,144,2015,"Adventure, Drama, Sci-Fi",1022016,2015-10-02,"Ridley Scott"
528,tt1663202,2021-03-29,2021-03-29,,"The Revenant","The Revenant",https://www.imdb.com/title/tt1663202/,Movie,8.0,156,2015,"Action, Drama, Western",956089,2016-01-08,"Alejandro G. Iñárritu"
529,tt3170832,2021-03-29,2021-03-29,,"Room","Room",https://www.imdb.com/title/tt3170832/,Movie,8.1,118,2015,"Drama, Thriller",482702,2016-01-22,"Lenny Abrahamson"
530,tt4975722,2021-03-29,2021-03-29,"Oscar winner 2017","Moonlight","Moonlight",https://www.imdb.com/title/tt4975722/,Movie,7.4,111,2016,"Drama",354337,2016-11-18,"Barry Jenkins"
531,tt2543164,2021-03-29,2021-03-29,,"Arrival","Arrival",https://www.imdb.com/title/tt2543164/,Movie,7.9,116,2016,"Drama, Mystery, Sci-Fi",872565,2016-11-11,"Denis Villeneuve"
532,tt2671706,2021-03-29,2021-03-29,,"Fences","Fences",https://www.imdb.com/title/tt2671706/,Movie,7.2,139,2016,"Drama",126020,2016-12-25,"Denzel Washington"
533,tt2119532,2021-03-29,2021-03-29,,"Hacksaw Ridge","Hacksaw Ridge",https://www.imdb.com/title/tt2119532/,Movie,8.1,139,2016,"Biography, Drama, History, War",689944,2016-11-04,"Mel Gibson"
534,tt2582782,2021-03-29,2021-03-29,,"Hell or High Water","Hell or High Water",https://www.imdb.com/title/tt2582782/,Movie,7.6,102,2016,"Crime, Drama, Thriller, Western",279983,2016-08-26,"David Mackenzie"
535,tt4846340,2021-03-29,2021-03-29,,"Hidden Figures","Hidden Figures",https://www.imdb.com/title/tt4846340/,Movie,7.8,127,2016,"Biography, Drama, History",292042,2017-01-06,"Theodore Melfi"
536,tt3783958,2021-03-29,2021-03-29,,"La La Land","La La Land",https://www.imdb.com/title/tt3783958/,Movie,8.0,128,2016,"Comedy, Drama, Music, Musical, Romance",771175,2016-12-25,"Damien Chazelle"
537,tt3741834,2021-03-29,2021-03-29,,"Lion","Lion",https://www.imdb.com/title/tt3741834/,Movie,8.0,118,2016,"Biography, Drama",267844,2017-01-06,"Garth Davis"
538,tt4034228,2021-03-29,2021-03-29,,"Manchester by the Sea","Manchester by the Sea",https://www.imdb.com/title/tt4034228/,Movie,7.8,137,2016,"Drama",360324,2016-12-16,"Kenneth Lonergan"
539,tt5580390,2021-03-29,2021-03-29,"Oscar winner 2018","The Shape of Water","The Shape of Water",https://www.imdb.com/title/tt5580390/,Movie,7.3,123,2017,"Drama, Fantasy, Romance, Sci-Fi",478334,2017-12-22,"Guillermo del Toro"
540,tt5726616,2021-03-29,2021-03-29,,"Call Me by Your Name","Call Me by Your Name",https://www.imdb.com/title/tt5726616/,Movie,7.8,132,2017,"Drama, Romance",362487,2018-01-19,"Luca Guadagnino"
541,tt4555426,2021-03-29,2021-03-29,,"Darkest Hour","Darkest Hour",https://www.imdb.com/title/tt4555426/,Movie,7.4,125,2017,"Biography, Drama, History, War",244665,2017-12-22,"Joe Wright"
542,tt5013056,2021-03-29,2021-03-29,,"Dunkirk","Dunkirk",https://www.imdb.com/title/tt5013056/,Movie,7.8,106,2017,"Action, Drama, History, Thriller, War",818162,2017-07-21,"Christopher Nolan"
543,tt5052448,2021-03-29,2021-03-29,,"Get Out","Get Out",https://www.imdb.com/title/tt5052448/,Movie,7.8,104,2017,"Horror, Mystery, Thriller",829485,2017-02-24,"Jordan Peele"
544,tt4925292,2021-03-29,2021-03-29,,"Lady Bird","Lady Bird",https://www.imdb.com/title/tt4925292/,Movie,7.4,94,2017,"Comedy, Drama",366446,2017-12-01,"Greta Gerwig"
545,tt5776858,2021-03-29,2021-03-29,,"Phantom Thread","Phantom Thread",https://www.imdb.com/title/tt5776858/,Movie,7.4,130,2017,"Drama, Romance",163220,2018-01-19,"Paul Thomas Anderson"
546,tt6294822,2021-03-29,2021-03-29,,"The Post","The Post",https://www.imdb.com/title/tt6294822/,Movie,7.2,116,2017,"Biography, Drama, History, Thriller, War",173019,2018-01-12,"Steven Spielberg"
547,tt5027774,2021-03-29,2021-03-29,,"Three Billboards Outside Ebbing, Missouri","Three Billboards Outside Ebbing, Missouri",https://www.imdb.com/title/tt5027774/,Movie,8.1,115,2017,"Comedy, Crime, Drama",612218,2017-12-01,"Martin McDonagh"
548,tt6966692,2021-03-29,2021-03-29,"Oscar winner 2019","Green Book","Green Book",https://www.imdb.com/title/tt6966692/,Movie,8.2,130,2018,"Biography, Comedy, Drama, Music",695981,2018-11-16,"Peter Farrelly"
549,tt1825683,2021-03-29,2021-03-29,,"Black Panther","Black Panther",https://www.imdb.com/title/tt1825683/,Movie,7.3,134,2018,"Action, Adventure, Sci-Fi",917233,2018-02-16,"Ryan Coogler"
550,tt7349662,2021-03-29,2021-03-29,,"BlacKkKlansman","BlacKkKlansman",https://www.imdb.com/title/tt7349662/,Movie,7.5,135,2018,"Biography, Comedy, Crime, Drama, Thriller",316222,2018-08-10,"Spike Lee"
551,tt1727824,2021-03-29,2021-03-29,,"Bohemian Rhapsody","Bohemian Rhapsody",https://www.imdb.com/title/tt1727824/,Movie,7.9,134,2018,"Biography, Drama, Music",651228,2018-11-02,"Bryan Singer"
552,tt5083738,2021-03-29,2021-03-29,,"The Favourite","The Favourite",https://www.imdb.com/title/tt5083738/,Movie,7.5,119,2018,"Biography, Comedy, Drama, History",260135,2018-12-21,"Yorgos Lanthimos"
553,tt6155172,2021-03-29,2021-03-29,,"Roma","Roma",https://www.imdb.com/title/tt6155172/,Movie,7.6,135,2018,"Drama",179143,2018-12-14,"Alfonso Cuarón"
554,tt1517451,2021-03-29,2021-03-29,,"A Star Is Born","A Star Is Born",https://www.imdb.com/title/tt1517451/,Movie,7.6,136,2018,"Drama, Music, Romance",451067,2018-10-05,"Bradley Cooper"
555,tt6266538,2021-03-29,2021-03-29,,"Vice","Vice",https://www.imdb.com/title/tt6266538/,Movie,7.2,132,2018,"Biography, Comedy, Drama, History",175924,2018-12-25,"Adam McKay"
556,tt6751668,2021-03-29,2021-03-29,"Oscar winner 2020","Parasite","Gisaengchung",https://www.imdb.com/title/tt6751668/,Movie,8.5,132,2019,"Drama, Thriller",1181773,2019-11-08,"Bong Joon Ho"
557,tt8579674,2021-03-29,2021-03-29,,"1917","1917",https://www.imdb.com/title/tt8579674/,Movie,8.2,119,2019,"Drama, War",779355,2020-01-10,"Sam Mendes"
558,tt1950186,2021-03-29,2021-03-29,,"Ford v Ferrari","Ford v Ferrari",https://www.imdb.com/title/tt1950186/,Movie,8.1,152,2019,"Action, Biography, Drama, Sport",579801,2019-11-15,"James Mangold"
559,tt1302006,2021-03-29,2021-03-29,,"The Irishman","The Irishman",https://www.imdb.com/title/tt1302006/,Movie,7.8,209,2019,"Biography, Crime, Drama, History, Thriller",476323,2019-11-27,"Martin Scorsese"
560,tt2584384,2021-03-29,2021-03-29,,"Jojo Rabbit","Jojo Rabbit",https://www.imdb.com/title/tt2584384/,Movie,7.9,108,2019,"Comedy, Drama, War",491424,2019-11-08,"Taika Waititi"
561,tt7286456,2021-03-29,2021-03-29,,"Joker","Joker",https://www.imdb.com/title/tt7286456/,Movie,8.3,122,2019,"Drama",1711127,2019-10-04,"Todd Phillips"
562,tt3281548,2021-03-29,2021-03-29,,"Little Women","Little Women",https://www.imdb.com/title/tt3281548/,Movie,7.7,135,2019,"Drama, Romance",286645,2019-12-25,"Greta Gerwig"
563,tt7653254,2021-03-29,2021-03-29,,"Marriage Story","Marriage Story",https://www.imdb.com/title/tt7653254/,Movie,7.9,137,2019,"Drama, Romance",373662,2019-12-06,"Noah Baumbach"
564,tt7131622,2021-03-29,2021-03-29,,"Once Upon a Time in... Hollywood","Once Upon a Time in... Hollywood",https://www.imdb.com/title/tt7131622/,Movie,7.6,161,2019,"Comedy, Drama",970990,2019-07-26,"Quentin Tarantino"
565,tt10272386,2021-03-29,2021-03-29,,"The Father","The Father",https://www.imdb.com/title/tt10272386/,Movie,8.2,97,2020,"Drama, Mystery",247663,2021-02-26,"Florian Zeller"
566,tt9784798,2021-03-29,2021-03-29,,"Judas and the Black Messiah","Judas and the Black Messiah",https://www.imdb.com/title/tt9784798/,Movie,7.4,126,2021,"Biography, Crime, Drama, History",115752,2021-02-12,"Shaka King"
567,tt10618286,2021-03-29,2021-03-29,,"Mank","Mank",https://www.imdb.com/title/tt10618286/,Movie,6.8,131,2020,"Biography, Drama",105406,2020-12-04,"David Fincher"
568,tt10633456,2021-03-29,2021-03-29,,"Minari","Minari",https://www.imdb.com/title/tt10633456/,Movie,7.4,115,2020,"Drama",126795,2021-02-12,"Lee Isaac Chung"
569,tt9770150,2021-03-29,2022-04-17,"Oscar winner 2021","Nomadland","Nomadland",https://www.imdb.com/title/tt9770150/,Movie,7.3,107,2020,"Drama",220808,2021-02-19,"Chloé Zhao"
570,tt9620292,2021-03-29,2021-03-29,,"Promising Young Woman","Promising Young Woman",https://www.imdb.com/title/tt9620292/,Movie,7.5,113,2020,"Crime, Drama, Mystery, Thriller",257513,2020-12-25,"Emerald Fennell"
571,tt5363618,2021-03-29,2021-03-29,,"Sound of Metal","Sound of Metal",https://www.imdb.com/title/tt5363618/,Movie,7.7,120,2019,"Drama, Music",187676,2020-12-04,"Darius Marder"
572,tt1070874,2021-03-29,2021-03-29,,"The Trial of the Chicago 7","The Trial of the Chicago 7",https://www.imdb.com/title/tt1070874/,Movie,7.7,129,2020,"Drama, History, Thriller",206315,2020-10-16,"Aaron Sorkin"
573,tt12789558,2022-02-16,2022-02-16,,"Belfast","Belfast",https://www.imdb.com/title/tt12789558/,Movie,7.2,98,2021,"Biography, Drama",138956,2021-11-12,"Kenneth Branagh"
574,tt11286314,2022-02-16,2022-02-16,,"Don't Look Up","Don't Look Up",https://www.imdb.com/title/tt11286314/,Movie,7.1,138,2021,"Comedy, Drama, Sci-Fi",676523,2021-12-24,"Adam McKay"
575,tt1160419,2022-02-16,2022-02-16,,"Dune: Part One","Dune: Part One",https://www.imdb.com/title/tt1160419/,Movie,8.0,155,2021,"Action, Adventure, Drama, Sci-Fi",1078292,2021-10-22,"Denis Villeneuve"
576,tt11271038,2022-02-16,2022-02-16,,"Licorice Pizza","Licorice Pizza",https://www.imdb.com/title/tt11271038/,Movie,7.1,133,2021,"Comedy, Drama, Romance",162195,2021-12-25,"Paul Thomas Anderson"
577,tt10293406,2022-02-16,2022-02-16,,"The Power of the Dog","The Power of the Dog",https://www.imdb.com/title/tt10293406/,Movie,6.8,126,2021,"Drama, Western",244145,2021-12-01,"Jane Campion"
578,tt10366460,2022-02-16,2022-04-17,"Oscar winner 2022","CODA","CODA",https://www.imdb.com/title/tt10366460/,Movie,8.0,111,2021,"Comedy, Drama, Music",230668,2021-08-13,"Sian Heder"
579,tt14039582,2022-02-16,2022-02-16,,"Drive My Car","Doraibu mai kâ",https://www.imdb.com/title/tt14039582/,Movie,7.5,179,2021,"Drama",77461,2021-08-20,"Ryūsuke Hamaguchi"
580,tt9620288,2022-02-16,2022-02-16,,"King Richard","King Richard",https://www.imdb.com/title/tt9620288/,Movie,7.5,144,2021,"Biography, Drama, Sport",192652,2021-11-19,"Reinaldo Marcus Green"
581,tt7740496,2022-02-16,2022-02-16,,"Nightmare Alley","Nightmare Alley",https://www.imdb.com/title/tt7740496/,Movie,7.0,150,2021,"Crime, Drama, Thriller",183737,2021-12-17,"Guillermo del Toro"
582,tt3581652,2022-02-16,2022-02-16,,"West Side Story","West Side Story",https://www.imdb.com/title/tt3581652/,Movie,7.1,156,2021,"Crime, Drama, Musical, Romance",144373,2021-12-10,"Steven Spielberg"
583,tt1016150,2023-06-05,2023-06-05,,"All Quiet on the Western Front","Im Westen nichts Neues",https://www.imdb.com/title/tt1016150/,Movie,7.8,148,2022,"Drama, History, War",342759,2022-10-28,"Edward Berger"
584,tt1630029,2023-06-05,2023-06-05,,"Avatar: The Way of Water","Avatar: The Way of Water",https://www.imdb.com/title/tt1630029/,Movie,7.5,192,2022,"Action, Adventure, Fantasy, Sci-Fi",641878,2022-12-16,"James Cameron"
585,tt11813216,2023-06-05,2023-06-05,,"The Banshees of Inisherin","The Banshees of Inisherin",https://www.imdb.com/title/tt11813216/,Movie,7.6,114,2022,"Comedy, Drama",298134,2022-11-04,"Martin McDonagh"
586,tt3704428,2023-06-05,2023-06-05,,"Elvis","Elvis",https://www.imdb.com/title/tt3704428/,Movie,7.3,159,2022,"Biography, Drama, Music",263448,2022-06-24,"Baz Luhrmann"
587,tt6710474,2023-06-05,2023-06-05,"Oscar winner 2023","Everything Everywhere All at Once","Everything Everywhere All at Once",https://www.imdb.com/title/tt6710474/,Movie,7.7,139,2022,"Action, Adventure, Comedy, Drama, Fantasy, Sci-Fi",656604,2022-04-08,"Daniel Kwan, Daniel Scheinert"
588,tt14208870,2023-06-05,2023-06-05,,"The Fabelmans","The Fabelmans",https://www.imdb.com/title/tt14208870/,Movie,7.5,151,2022,"Biography, Drama",136269,2022-11-23,"Steven Spielberg"
589,tt14444726,2023-06-05,2023-06-05,,"Tár","Tár",https://www.imdb.com/title/tt14444726/,Movie,7.4,158,2022,"Drama, Music",110377,2022-10-28,"Todd Field"
590,tt1745960,2023-06-05,2023-06-05,,"Top Gun: Maverick","Top Gun: Maverick",https://www.imdb.com/title/tt1745960/,Movie,8.2,130,2022,"Action, Drama",895052,2022-05-27,"Joseph Kosinski"
591,tt23561236,2024-01-23,2024-01-23,,"American Fiction","American Fiction",https://www.imdb.com/title/tt23561236/,Movie,7.5,117,2023,"Comedy, Drama",156114,2023-12-22,"Cord Jefferson"
592,tt17009710,2024-01-23,2024-01-23,,"Anatomy of a Fall","Anatomie d'une chute",https://www.imdb.com/title/tt17009710/,Movie,7.6,151,2023,"Crime, Drama, Mystery, Thriller",235209,2024-03-22,"Justine Triet"
593,tt5537002,2024-01-23,2024-01-23,,"Killers of the Flower Moon","Killers of the Flower Moon",https://www.imdb.com/title/tt5537002/,Movie,7.5,206,2023,"Crime, Drama, History, Western",310709,2023-10-20,"Martin Scorsese"
594,tt1517268,2024-01-23,2024-01-23,,"Barbie","Barbie",https://www.imdb.com/title/tt1517268/,Movie,6.8,114,2023,"Adventure, Comedy, Fantasy",698966,2023-07-21,"Greta Gerwig"
595,tt5535276,2024-01-23,2024-01-23,,"Maestro","Maestro",https://www.imdb.com/title/tt5535276/,Movie,6.5,129,2023,"Biography, Drama, History, Music, Romance",69855,2023-12-20,"Bradley Cooper"
596,tt15398776,2024-01-23,2025-02-08,"Oscar winner 2024","Oppenheimer","Oppenheimer",https://www.imdb.com/title/tt15398776/,Movie,8.2,180,2023,"Biography, Drama, History",1074261,2023-07-21,"Christopher Nolan"
597,tt14849194,2024-01-23,2024-01-23,,"The Holdovers","The Holdovers",https://www.imdb.com/title/tt14849194/,Movie,7.9,133,2023,"Comedy, Drama",271758,2023-11-10,"Alexander Payne"
598,tt14230458,2024-01-23,2024-01-23,,"Poor Things","Poor Things",https://www.imdb.com/title/tt14230458/,Movie,7.7,141,2023,"Comedy, Drama, Romance, Sci-Fi",419153,2023-12-22,"Yorgos Lanthimos"
599,tt13238346,2024-01-23,2024-01-23,,"Past Lives","Past Lives",https://www.imdb.com/title/tt13238346/,Movie,7.8,105,2023,"Drama, Romance",175886,2023-06-23,"Celine Song"
600,tt7160372,2024-01-23,2024-01-23,,"The Zone of Interest","The Zone of Interest",https://www.imdb.com/title/tt7160372/,Movie,7.3,105,2023,"Drama, History, War",190951,2024-02-20,"Jonathan Glazer"
601,tt20221436,2025-02-08,2025-02-08,,"Emilia Pérez","Emilia Pérez",https://www.imdb.com/title/tt20221436/,Movie,5.3,132,2024,"Crime, Drama, Musical, Thriller",134774,2024-11-13,"Jacques Audiard"
602,tt1262426,2025-02-08,2025-02-08,,"Wicked","Wicked",https://www.imdb.com/title/tt1262426/,Movie,7.3,160,2024,"Fantasy, Musical, Romance",254740,2024-11-22,"Jon M. Chu"
603,tt8999762,2025-02-08,2025-02-08,,"The Brutalist","The Brutalist",https://www.imdb.com/title/tt8999762/,Movie,7.2,216,2024,"Drama",160887,2025-01-24,"Brady Corbet"
604,tt11563598,2025-02-08,2025-02-08,,"A Complete Unknown","A Complete Unknown",https://www.imdb.com/title/tt11563598/,Movie,7.3,141,2024,"Biography, Drama, Music",120676,2024-12-25,"James Mangold"
605,tt20215234,2025-02-08,2025-02-08,,"Conclave","Conclave",https://www.imdb.com/title/tt20215234/,Movie,7.4,120,2024,"Drama, Thriller",284763,2024-10-25,"Edward Berger"
606,tt15239678,2025-02-08,2025-02-08,,"Dune: Part Two","Dune: Part Two",https://www.imdb.com/title/tt15239678/,Movie,8.4,166,2024,"Action, Adventure, Drama, Sci-Fi",779019,2024-03-01,"Denis Villeneuve"
607,tt14961016,2025-02-08,2025-02-08,,"I'm Still Here","Ainda Estou Aqui",https://www.imdb.com/title/tt14961016/,Movie,8.1,137,2024,"Biography, Drama, History",170454,2025-02-07,"Walter Salles"
608,tt23055660,2025-02-08,2025-02-08,,"Nickel Boys","Nickel Boys",https://www.imdb.com/title/tt23055660/,Movie,6.9,140,2024,"Drama",24479,2025-02-28,"RaMell Ross"
609,tt17526714,2025-02-08,2025-02-08,,"The Substance","The Substance",https://www.imdb.com/title/tt17526714/,Movie,7.2,141,2024,"Drama, Horror, Sci-Fi",453924,2024-09-20,"Coralie Fargeat"
610,tt28607951,2025-02-08,2025-03-15,"Oscar winner 2025","Anora","Anora",https://www.imdb.com/title/tt28607951/,Movie,7.4,139,2024,"Comedy, Drama, Romance",300531,2024-11-08,"Sean Baker"
611,tt12300742,2026-02-16,2026-02-16,,"Bugonia","Bugonia",https://www.imdb.com/title/tt12300742/,Movie,7.4,118,2025,"Comedy, Crime, Sci-Fi, Thriller",212743,2025-10-31,"Yorgos Lanthimos"
612,tt16311594,2026-02-16,2026-02-16,,"F1: The Movie","F1",https://www.imdb.com/title/tt16311594/,Movie,7.6,155,2025,"Drama, Sport",380295,2025-06-27,"Joseph Kosinski"
613,tt1312221,2026-02-16,2026-02-16,,"Frankenstein","Frankenstein",https://www.imdb.com/title/tt1312221/,Movie,7.4,149,2025,"Drama, Fantasy, Horror, Sci-Fi",328783,2025-11-07,"Guillermo del Toro"
614,tt14905854,2026-02-16,2026-02-16,,"Hamnet","Hamnet",https://www.imdb.com/title/tt14905854/,Movie,7.8,125,2025,"Biography, Drama, History, Romance",126832,2025-12-05,"Chloé Zhao"
615,tt32916440,2026-02-16,2026-02-16,,"Marty Supreme","Marty Supreme",https://www.imdb.com/title/tt32916440/,Movie,7.6,149,2025,"Comedy, Drama, Sport",205189,2025-12-25,"Josh Safdie"
616,tt30144839,2026-02-16,2026-03-16,"Oscar winner 2026","One Battle After Another","One Battle After Another",https://www.imdb.com/title/tt30144839/,Movie,7.6,161,2025,"Crime, Thriller",431055,2025-09-26,"Paul Thomas Anderson"
617,tt27847051,2026-02-16,2026-02-16,,"The Secret Agent","O Agente Secreto",https://www.imdb.com/title/tt27847051/,Movie,7.2,161,2025,"Crime, Drama, Mystery, Thriller",60140,2025-11-06,"Kleber Mendonça Filho"
618,tt27714581,2026-02-16,2026-02-16,,"Sentimental Value","Affeksjonsverdi",https://www.imdb.com/title/tt27714581/,Movie,7.7,135,2025,"Drama, Family",85311,2025-08-20,"Joachim Trier"
619,tt31193180,2026-02-16,2026-02-16,,"Sinners","Sinners",https://www.imdb.com/title/tt31193180/,Movie,7.5,137,2025,"Horror",508478,2025-04-18,"Ryan Coogler"
620,tt29768334,2026-02-16,2026-02-16,,"Train Dreams","Train Dreams",https://www.imdb.com/title/tt29768334/,Movie,7.5,102,2025,"Drama",111883,2025-11-21,"Clint Bentley"
